ad_id,variant,campaign_name,audience_type,product_type,impressions,clicks,spend_idr,sessions,add_to_cart,total_revenue,total_transactions,CTR,CPC,ROAS,conversion_rate
AD_0001,Video_Review,Flash Sale Campaign,cold,Cleanser,18964,501,237337.0,408,23,1450000.0,5,0.0264184771145328,473.72654690618765,6.109456174132141,0.00998003992015968
AD_0002,Static_Catalog,Awareness Campaign,cold,Cleanser,7769,105,427069.0,86,6,723000.0,2,0.013515252928304801,4067.3238095238094,1.692934865326212,0.01904761904761905
AD_0003,Static_Catalog,Awareness Campaign,cold,Moisturizer,18096,189,256730.0,158,9,0.0,0,0.010444297082228117,1358.3597883597884,0.0,0.0
AD_0004,Static_Catalog,Flash Sale Campaign,cold,Serum,6899,83,131551.0,70,12,806000.0,3,0.012030729091172634,1584.9518072289156,6.126901353847558,0.03614457831325301
AD_0005,Video_Review,Flash Sale Campaign,cold,Moisturizer,15792,505,305041.0,423,22,0.0,0,0.03197821681864235,604.0415841584158,0.0,0.0
AD_0006,Static_Catalog,Retargeting Campaign,warm,Cleanser,10152,104,300551.0,91,10,636000.0,2,0.01024428684003152,2889.9134615384614,2.1161134050460655,0.019230769230769232
AD_0007,Static_Catalog,Retargeting Campaign,warm,Serum,13873,161,137065.0,143,19,1045000.0,3,0.011605276436243062,851.335403726708,7.624119943092693,0.018633540372670808
AD_0008,Static_Catalog,Flash Sale Campaign,cold,Cleanser,14869,159,123247.0,139,18,0.0,0,0.010693388929988567,775.1383647798742,0.0,0.0
AD_0009,Static_Catalog,Retargeting Campaign,warm,Moisturizer,14208,149,476896.0,119,13,1238000.0,5,0.01048704954954955,3200.6442953020132,2.5959538347983626,0.03355704697986577
AD_0010,Static_Catalog,Awareness Campaign,cold,Cleanser,11736,158,161858.0,138,8,0.0,0,0.013462849352419905,1024.4177215189873,0.0,0.0
AD_0011,Video_Review,Flash Sale Campaign,cold,Serum,8104,149,397366.0,129,19,310000.0,1,0.01838598223099704,2666.8859060402683,0.7801372034849484,0.006711409395973154
AD_0012,Video_Review,Retargeting Campaign,warm,Sunscreen,17882,517,198806.0,453,56,1737000.0,5,0.028911754837266525,384.5377176015474,8.73716085027615,0.009671179883945842
AD_0013,Video_Review,Awareness Campaign,cold,Sunscreen,8484,174,150015.0,150,14,175000.0,1,0.02050919377652051,862.1551724137931,1.1665500116655,0.005747126436781609
AD_0014,Video_Review,Retargeting Campaign,warm,Moisturizer,8242,169,424767.0,145,22,0.0,0,0.02050473186119874,2513.414201183432,0.0,0.0
AD_0015,Video_Review,Retargeting Campaign,warm,Serum,9693,236,343307.0,193,35,0.0,0,0.024347467244403176,1454.6906779661017,0.0,0.0
AD_0016,Static_Catalog,Flash Sale Campaign,cold,Cleanser,17429,160,228376.0,138,6,1009000.0,3,0.00918010212863618,1427.35,4.418152520404946,0.01875
AD_0017,Video_Review,Awareness Campaign,cold,Moisturizer,12530,297,365892.0,258,23,1150000.0,3,0.023703112529928173,1231.959595959596,3.143003946519738,0.010101010101010102
AD_0018,Static_Catalog,Flash Sale Campaign,cold,Sunscreen,10304,116,413149.0,104,20,571000.0,2,0.01125776397515528,3561.6293103448274,1.3820679706352914,0.017241379310344827
AD_0019,Static_Catalog,Retargeting Campaign,warm,Sunscreen,5698,72,212859.0,57,5,319000.0,1,0.012636012636012635,2956.375,1.4986446426977482,0.013888888888888888
AD_0020,Video_Review,Awareness Campaign,cold,Moisturizer,6707,162,257381.0,133,20,0.0,0,0.02415386909199344,1588.7716049382716,0.0,0.0
AD_0021,Video_Review,Flash Sale Campaign,cold,Cleanser,15004,404,307440.0,344,21,0.0,0,0.02692615302585977,760.990099009901,0.0,0.0
AD_0022,Static_Catalog,Awareness Campaign,cold,Moisturizer,16986,214,418394.0,175,27,457000.0,1,0.012598610620511009,1955.1121495327102,1.0922718777037912,0.004672897196261682
AD_0023,Static_Catalog,Flash Sale Campaign,cold,Sunscreen,15680,209,171295.0,178,31,2940000.0,9,0.013329081632653061,819.5933014354067,17.16337312822908,0.0430622009569378
AD_0024,Video_Review,Flash Sale Campaign,cold,Cleanser,18561,396,408987.0,323,63,640000.0,3,0.02133505737837401,1032.7954545454545,1.5648419142906742,0.007575757575757576
AD_0025,Video_Review,Awareness Campaign,cold,Serum,11548,358,292506.0,293,26,240000.0,2,0.031001039140976794,817.0558659217877,0.8204959898258497,0.00558659217877095
AD_0026,Static_Catalog,Flash Sale Campaign,cold,Cleanser,13197,184,307440.0,162,30,2011000.0,6,0.013942562703644768,1670.8695652173913,6.541113713244861,0.03260869565217391
AD_0027,Static_Catalog,Retargeting Campaign,warm,Cleanser,9557,144,233272.0,115,8,1486000.0,5,0.015067489798053783,1619.9444444444443,6.3702458932062145,0.034722222222222224
AD_0028,Static_Catalog,Retargeting Campaign,warm,Serum,19259,260,297415.5,220,16,0.0,0,0.01350018173321564,1143.9057692307692,0.0,0.0
AD_0029,Video_Review,Flash Sale Campaign,cold,Sunscreen,11555,290,381974.0,239,33,0.0,0,0.025097360450021637,1317.151724137931,0.0,0.0
AD_0030,Video_Review,Retargeting Campaign,warm,Moisturizer,7225,164,460032.0,140,17,0.0,0,0.022698961937716262,2805.0731707317073,0.0,0.0
AD_0031,Video_Review,Awareness Campaign,cold,Cleanser,11642,337,205983.0,275,52,0.0,0,0.028946916337399074,611.2255192878338,0.0,0.0
AD_0032,Video_Review,Awareness Campaign,cold,Serum,8060,253,458896.0,216,29,0.0,0,0.03138957816377171,1813.8181818181818,0.0,0.0
AD_0033,Video_Review,Awareness Campaign,cold,Cleanser,11102,238,316386.0,194,25,0.0,0,0.021437578814627996,1329.3529411764705,0.0,0.0
AD_0034,Static_Catalog,Flash Sale Campaign,cold,Serum,8863,87,104014.0,78,5,0.0,0,0.009816089360261763,1195.5632183908046,0.0,0.0
AD_0035,Static_Catalog,Flash Sale Campaign,cold,Serum,12560,169,467654.0,140,23,367000.0,1,0.013455414012738854,2767.183431952663,0.7847682260816757,0.005917159763313609
AD_0036,Video_Review,Flash Sale Campaign,cold,Serum,9950,248,432460.0,203,12,0.0,0,0.02492462311557789,1743.7903225806451,0.0,0.0
AD_0037,Static_Catalog,Retargeting Campaign,warm,Cleanser,12919,162,330229.0,134,9,1509000.0,5,0.012539670253115566,2038.4506172839506,4.5695562776134135,0.030864197530864196
AD_0038,Static_Catalog,Retargeting Campaign,warm,Moisturizer,16907,146,284078.0,122,8,0.0,0,0.008635476429881115,1945.7397260273972,0.0,0.0
AD_0039,Video_Review,Awareness Campaign,cold,Cleanser,7004,170,297484.0,139,15,183000.0,1,0.024271844660194174,1749.9058823529413,0.6151591346089201,0.0058823529411764705
AD_0040,Static_Catalog,Flash Sale Campaign,cold,Sunscreen,9465,114,445757.0,91,9,499000.0,2,0.012044374009508717,3910.1491228070176,1.1194440020010903,0.017543859649122806
AD_0041,Static_Catalog,Flash Sale Campaign,cold,Cleanser,15308,137,494366.0,119,13,1547000.0,5,0.008949568852887379,3608.5109489051097,3.1292605073973534,0.0364963503649635
AD_0042,Video_Review,Retargeting Campaign,warm,Serum,12805,242,120056.0,209,19,0.0,0,0.018898867629832096,496.099173553719,0.0,0.0
AD_0043,Static_Catalog,Awareness Campaign,cold,Sunscreen,17486,152,167215.0,124,8,0.0,0,0.008692668420450645,1100.0986842105262,0.0,0.0
AD_0044,Static_Catalog,Awareness Campaign,cold,Serum,9141,133,291475.0,108,5,0.0,0,0.014549830434306969,2191.5413533834585,0.0,0.0
AD_0045,Video_Review,Retargeting Campaign,warm,Cleanser,14421,346,388790.0,278,53,1012000.0,5,0.023992788294847793,1123.670520231214,2.6029476066771267,0.014450867052023121
AD_0046,Video_Review,Retargeting Campaign,warm,Cleanser,16823,510,109540.0,442,62,1220000.0,3,0.03031563930333472,214.7843137254902,11.137484024100786,0.0058823529411764705
AD_0047,Video_Review,Flash Sale Campaign,cold,Serum,8687,240,111938.0,207,24,0.0,0,0.027627489351905146,466.40833333333336,0.0,0.0
AD_0048,Video_Review,Flash Sale Campaign,cold,Sunscreen,12536,341,182986.0,279,16,150000.0,1,0.027201659221442246,536.6158357771261,0.819734843102751,0.002932551319648094
AD_0049,Static_Catalog,Flash Sale Campaign,cold,Serum,7082,76,2305428.0,63,11,1623000.0,5,0.010731431798926857,30334.57894736842,0.7039907557295219,0.06578947368421052
AD_0050,Static_Catalog,Retargeting Campaign,warm,Serum,10267,137,400657.0,118,21,0.0,0,0.013343722606408882,2924.5036496350367,0.0,0.0
AD_0051,Video_Review,Awareness Campaign,cold,Moisturizer,12988,373,409439.0,319,50,877000.0,3,0.028718817369879888,1097.6916890080429,2.141955211887485,0.00804289544235925
AD_0052,Video_Review,Retargeting Campaign,warm,Moisturizer,14357,372,406955.0,313,50,0.0,0,0.02591070557915999,1093.965053763441,0.0,0.0
AD_0053,Video_Review,Awareness Campaign,cold,Sunscreen,15787,471,219180.0,418,45,429000.0,1,0.02983467409894217,465.3503184713376,1.9572953736654803,0.0021231422505307855
AD_0054,Video_Review,Awareness Campaign,cold,Moisturizer,17011,540,295967.0,458,56,345000.0,2,0.03174416553994474,548.087037037037,1.1656704970486576,0.003703703703703704
AD_0055,Video_Review,Awareness Campaign,cold,Moisturizer,12588,362,422710.0,317,21,590000.0,2,0.028757546870034952,1167.707182320442,1.395755955619692,0.0055248618784530384
AD_0056,Static_Catalog,Awareness Campaign,cold,Serum,14330,211,464778.0,183,35,0.0,0,0.014724354501046755,2202.739336492891,0.0,0.0
AD_0057,Static_Catalog,Awareness Campaign,cold,Serum,10293,138,139081.0,115,21,371000.0,3,0.013407169921305742,1007.8333333333334,2.6675102997533813,0.021739130434782608
AD_0058,Video_Review,Retargeting Campaign,warm,Moisturizer,18911,437,257504.0,388,33,0.0,0,0.023108243879223733,589.254004576659,0.0,0.0
AD_0059,Video_Review,Flash Sale Campaign,cold,Moisturizer,14419,270,303196.0,226,35,921000.0,2,0.018725293016159234,1122.9481481481482,3.0376390189844193,0.007407407407407408
AD_0060,Video_Review,Retargeting Campaign,warm,Serum,11268,199,240507.0,170,27,0.0,0,0.017660631877884275,1208.5778894472362,0.0,0.0
AD_0061,Video_Review,Awareness Campaign,cold,Sunscreen,5504,127,390160.0,102,13,0.0,0,0.023074127906976744,3072.1259842519685,0.0,0.0
AD_0062,Static_Catalog,Awareness Campaign,cold,Serum,13316,115,228148.0,92,17,0.0,0,0.00863622709522379,1983.895652173913,0.0,0.0
AD_0063,Video_Review,Awareness Campaign,cold,Cleanser,11190,301,400557.0,249,49,708000.0,2,0.026899016979445935,1330.7541528239203,1.767538702356968,0.006644518272425249
AD_0064,Video_Review,Retargeting Campaign,warm,Serum,14114,306,111023.0,272,32,0.0,0,0.021680600821878986,362.82026143790847,0.0,0.0
AD_0065,Static_Catalog,Awareness Campaign,cold,Cleanser,10719,117,262993.0,96,9,0.0,0,0.0109151973131822,2247.803418803419,0.0,0.0
AD_0066,Video_Review,Flash Sale Campaign,cold,Serum,13132,390,307440.0,322,22,0.0,0,0.029698446542796225,788.3076923076923,0.0,0.0
AD_0067,Static_Catalog,Flash Sale Campaign,cold,Moisturizer,11804,151,307440.0,122,22,264000.0,1,0.012792273805489664,2036.0264900662253,0.8587041373926619,0.006622516556291391
AD_0068,Video_Review,Flash Sale Campaign,cold,Moisturizer,7193,232,212816.0,194,31,472000.0,2,0.03225357986931739,917.3103448275862,2.2178783550109014,0.008620689655172414
AD_0069,Video_Review,Awareness Campaign,cold,Serum,11000,269,205570.0,218,11,1012000.0,4,0.024454545454545455,764.2007434944238,4.9228973099187625,0.01486988847583643
AD_0070,Static_Catalog,Flash Sale Campaign,cold,Serum,10989,164,385718.0,143,27,360000.0,1,0.014924014924014925,2351.939024390244,0.9333243457655593,0.006097560975609756
AD_0071,Video_Review,Retargeting Campaign,warm,Sunscreen,10997,233,416076.0,200,16,0.0,0,0.021187596617259254,1785.733905579399,0.0,0.0
AD_0072,Static_Catalog,Awareness Campaign,cold,Cleanser,14239,121,289089.0,102,17,324000.0,1,0.008497787765994804,2389.1652892561983,1.1207621182404035,0.008264462809917356
AD_0073,Video_Review,Retargeting Campaign,warm,Cleanser,18229,558,273880.0,479,58,1360000.0,6,0.030610565582313894,490.82437275985666,4.965678399298963,0.010752688172043012
AD_0074,Video_Review,Flash Sale Campaign,cold,Sunscreen,17314,358,181317.0,308,60,0.0,0,0.020676908859882177,506.47206703910615,0.0,0.0
AD_0075,Static_Catalog,Retargeting Campaign,warm,Serum,17674,263,456600.0,223,37,1305000.0,5,0.014880615593527215,1736.1216730038022,2.8580814717477003,0.019011406844106463
AD_0076,Static_Catalog,Retargeting Campaign,warm,Sunscreen,11892,112,417623.0,99,16,1374000.0,4,0.009418096199125462,3728.776785714286,3.2900486802690465,0.03571428571428571
AD_0077,Static_Catalog,Awareness Campaign,cold,Serum,13269,171,243087.0,142,18,0.0,0,0.012887180646619941,1421.561403508772,0.0,0.0
AD_0078,Static_Catalog,Flash Sale Campaign,cold,Sunscreen,13031,169,487971.0,141,26,0.0,0,0.012969073747218172,2887.402366863905,0.0,0.0
AD_0079,Video_Review,Flash Sale Campaign,cold,Sunscreen,13777,287,307440.0,234,21,0.0,0,0.02083182115119402,1071.219512195122,0.0,0.0
AD_0080,Video_Review,Awareness Campaign,cold,Serum,13376,305,324301.0,255,32,0.0,0,0.022802033492822966,1063.2819672131147,0.0,0.0
AD_0081,Video_Review,Awareness Campaign,cold,Sunscreen,12240,340,359127.0,301,56,190000.0,1,0.027777777777777776,1056.2558823529412,0.5290607500967625,0.0029411764705882353
AD_0082,Static_Catalog,Awareness Campaign,cold,Moisturizer,19912,252,318803.0,206,21,0.0,0,0.012655685014061873,1265.0912698412699,0.0,0.0
AD_0083,Static_Catalog,Retargeting Campaign,warm,Serum,5364,47,246106.0,38,5,293000.0,1,0.008762117822520506,5236.297872340426,1.1905439119728898,0.02127659574468085
AD_0084,Static_Catalog,Flash Sale Campaign,cold,Sunscreen,15172,222,188869.0,189,16,2036000.0,9,0.014632217242288427,850.7612612612612,10.779958595640364,0.04054054054054054
AD_0086,Static_Catalog,Awareness Campaign,cold,Moisturizer,15258,199,486193.0,160,20,1796000.0,7,0.013042338445405689,2443.180904522613,3.694006289683315,0.035175879396984924
AD_0087,Static_Catalog,Retargeting Campaign,warm,Sunscreen,9472,102,285625.0,87,7,1899000.0,5,0.01076858108108108,2800.2450980392155,6.648577680525164,0.049019607843137254
AD_0088,Static_Catalog,Flash Sale Campaign,cold,Moisturizer,8460,77,216421.0,64,7,0.0,0,0.009101654846335697,2810.6623376623374,0.0,0.0
AD_0089,Static_Catalog,Retargeting Campaign,warm,Sunscreen,10735,159,244118.0,128,6,1744000.0,7,0.014811364694923149,1535.3333333333333,7.144086056743051,0.0440251572327044
AD_0090,Static_Catalog,Awareness Campaign,cold,Cleanser,15659,240,222883.0,192,37,1127000.0,5,0.015326649211316176,928.6791666666667,5.056464602504453,0.020833333333333332
AD_0091,Static_Catalog,Retargeting Campaign,warm,Cleanser,7846,96,344761.0,79,13,0.0,0,0.012235534030079022,3591.2604166666665,0.0,0.0
AD_0092,Static_Catalog,Retargeting Campaign,warm,Serum,7224,98,335659.0,79,11,0.0,0,0.013565891472868217,3425.091836734694,0.0,0.0
AD_0093,Static_Catalog,Retargeting Campaign,warm,Moisturizer,13988,171,382272.0,143,16,0.0,0,0.012224764083500143,2235.5087719298244,0.0,0.0
AD_0094,Static_Catalog,Awareness Campaign,cold,Sunscreen,12287,174,2839487.0,141,7,455000.0,2,0.0141613087002523,16318.8908045977,0.16024021240456462,0.011494252873563218
AD_0095,Video_Review,Awareness Campaign,cold,Sunscreen,18869,360,183524.0,317,61,992000.0,3,0.019078912501987386,509.7888888888889,5.405287591813605,0.008333333333333333
AD_0096,Static_Catalog,Retargeting Campaign,warm,Moisturizer,15162,134,236487.0,116,6,1435000.0,4,0.008837884184144572,1764.8283582089553,6.06798682380004,0.029850746268656716
AD_0097,Video_Review,Awareness Campaign,cold,Cleanser,13941,416,115524.0,366,54,594000.0,3,0.029840040169284845,277.7019230769231,5.141788719227174,0.007211538461538462
AD_0099,Static_Catalog,Flash Sale Campaign,cold,Moisturizer,9190,115,167728.0,102,10,503000.0,1,0.012513601741022852,1458.504347826087,2.9989029857865117,0.008695652173913044
AD_0100,Static_Catalog,Retargeting Campaign,warm,Moisturizer,8970,103,323810.0,88,8,1808000.0,5,0.011482720178372352,3143.78640776699,5.583521200704117,0.04854368932038835
AD_0101,Video_Review,Flash Sale Campaign,cold,Sunscreen,16446,429,151356.0,349,33,915000.0,3,0.026085370302809194,352.8111888111888,6.045350035677475,0.006993006993006993
AD_0102,Video_Review,Awareness Campaign,cold,Sunscreen,9645,272,465060.0,241,24,934000.0,3,0.028201140487299117,1709.7794117647059,2.00834300950415,0.011029411764705883
AD_0103,Video_Review,Retargeting Campaign,warm,Moisturizer,13359,354,491182.0,311,22,0.0,0,0.026498989445317762,1387.5197740112994,0.0,0.0
AD_0104,Static_Catalog,Flash Sale Campaign,cold,Cleanser,7094,90,437827.0,76,6,994000.0,3,0.012686777558500142,4864.7444444444445,2.2703031105893423,0.03333333333333333
AD_0105,Video_Review,Awareness Campaign,cold,Cleanser,17789,371,155318.0,313,60,0.0,0,0.020855584912024286,418.6469002695418,0.0,0.0
AD_0106,Static_Catalog,Retargeting Campaign,warm,Moisturizer,12790,174,389450.0,155,20,1370000.0,4,0.013604378420641126,2238.2183908045977,3.5177814867120296,0.022988505747126436
AD_0107,Video_Review,Awareness Campaign,cold,Cleanser,18248,477,209945.0,384,23,0.0,0,0.02613985094256905,440.1362683438155,0.0,0.0
AD_0108,Video_Review,Retargeting Campaign,warm,Cleanser,8792,168,232717.0,137,24,1301000.0,4,0.01910828025477707,1385.220238095238,5.590481142331673,0.023809523809523808
AD_0109,Static_Catalog,Awareness Campaign,cold,Sunscreen,9708,108,157545.0,95,4,0.0,0,0.011124845488257108,1458.75,0.0,0.0
AD_0110,Video_Review,Awareness Campaign,cold,Sunscreen,17314,542,108070.0,452,72,0.0,0,0.031304146933117706,199.39114391143912,0.0,0.0
AD_0111,Video_Review,Awareness Campaign,cold,Cleanser,6205,125,429670.0,102,5,0.0,0,0.020145044319097503,3437.36,0.0,0.0
AD_0112,Video_Review,Awareness Campaign,cold,Moisturizer,7713,136,466036.0,115,22,0.0,0,0.017632568391028135,3426.735294117647,0.0,0.0
AD_0113,Static_Catalog,Awareness Campaign,cold,Moisturizer,12182,189,251878.0,162,9,978000.0,4,0.015514693810540141,1332.6878306878307,3.8828321647781863,0.021164021164021163
AD_0114,Video_Review,Flash Sale Campaign,cold,Sunscreen,7717,157,317516.0,131,22,345000.0,1,0.02034469353375664,2022.3949044585988,1.0865594174781743,0.006369426751592357
AD_0115,Video_Review,Flash Sale Campaign,cold,Serum,11645,280,126737.0,237,39,658000.0,2,0.024044654358093602,452.63214285714287,5.191853996859638,0.007142857142857143
AD_0116,Video_Review,Awareness Campaign,cold,Cleanser,11873,255,437773.0,217,36,310000.0,2,0.02147730144024257,1716.756862745098,0.7081295557286539,0.00784313725490196
AD_0117,Static_Catalog,Flash Sale Campaign,cold,Cleanser,18271,157,307606.0,129,10,0.0,0,0.008592852060642548,1959.2738853503186,0.0,0.0
AD_0118,Static_Catalog,Flash Sale Campaign,cold,Moisturizer,10300,99,255232.0,84,13,0.0,0,0.009611650485436893,2578.10101010101,0.0,0.0
AD_0119,Static_Catalog,Flash Sale Campaign,cold,Cleanser,7538,115,416915.0,99,7,0.0,0,0.015256036083841868,3625.3478260869565,0.0,0.0
AD_0120,Static_Catalog,Flash Sale Campaign,cold,Sunscreen,7198,104,267292.0,92,13,624000.0,2,0.014448457904973604,2570.1153846153848,2.3345255376142946,0.019230769230769232
AD_0121,Video_Review,Retargeting Campaign,warm,Serum,10594,226,330785.0,189,10,139000.0,1,0.021332829903719087,1463.6504424778761,0.42021252475172693,0.004424778761061947
AD_0122,Static_Catalog,Awareness Campaign,cold,Moisturizer,14083,140,357529.0,122,8,767000.0,2,0.009941063693815238,2553.7785714285715,2.145280522698858,0.014285714285714285
AD_0123,Static_Catalog,Retargeting Campaign,warm,Serum,11223,108,259601.0,86,7,439000.0,2,0.009623095429029671,2403.712962962963,1.6910566600282742,0.018518518518518517
AD_0124,Video_Review,Retargeting Campaign,warm,Moisturizer,8301,249,216739.0,202,37,436000.0,1,0.029996385977593062,870.437751004016,2.011636115327652,0.004016064257028112
AD_0125,Video_Review,Retargeting Campaign,warm,Sunscreen,17367,334,288456.0,276,36,0.0,0,0.019231876547475095,863.6407185628742,0.0,0.0
AD_0126,Static_Catalog,Awareness Campaign,cold,Serum,15041,141,151226.0,125,22,258000.0,1,0.009374376703676617,1072.5248226950355,1.7060558369592531,0.0070921985815602835
AD_0127,Video_Review,Retargeting Campaign,warm,Cleanser,14900,448,463476.0,375,47,1179000.0,4,0.03006711409395973,1034.544642857143,2.543821039277115,0.008928571428571428
AD_0128,Static_Catalog,Retargeting Campaign,warm,Cleanser,11788,150,153276.0,125,11,927000.0,2,0.012724804886325077,1021.84,6.047913567681829,0.013333333333333334
AD_0129,Video_Review,Awareness Campaign,cold,Sunscreen,9150,251,366997.0,204,25,525000.0,1,0.027431693989071037,1462.1394422310757,1.4305294048725195,0.00398406374501992
AD_0130,Video_Review,Retargeting Campaign,warm,Cleanser,12101,385,138890.0,320,53,601000.0,3,0.03181555243368317,360.75324675324674,4.327165382676939,0.007792207792207792
AD_0131,Video_Review,Awareness Campaign,cold,Moisturizer,8240,231,183559.0,194,16,1341000.0,5,0.028033980582524272,794.6277056277056,7.305552982964605,0.021645021645021644
AD_0132,Video_Review,Flash Sale Campaign,cold,Serum,10549,185,385195.0,154,9,207000.0,1,0.017537207318229216,2082.135135135135,0.5373901530393697,0.005405405405405406
AD_0133,Video_Review,Flash Sale Campaign,cold,Moisturizer,19086,483,251563.0,412,74,303000.0,1,0.025306507387613957,520.8343685300207,1.2044696557124854,0.002070393374741201
AD_0134,Video_Review,Flash Sale Campaign,cold,Moisturizer,14119,426,246968.0,379,55,366000.0,2,0.03017210850626815,579.7370892018779,1.4819733730685758,0.004694835680751174
AD_0135,Video_Review,Flash Sale Campaign,cold,Serum,9873,259,469040.0,211,28,0.0,0,0.02623316114656133,1810.965250965251,0.0,0.0
AD_0136,Static_Catalog,Retargeting Campaign,warm,Sunscreen,11232,109,304615.0,97,18,1031000.0,4,0.009704415954415955,2794.6330275229357,3.3846002330811022,0.03669724770642202
AD_0137,Static_Catalog,Retargeting Campaign,warm,Sunscreen,16374,180,135435.0,146,8,2335000.0,8,0.010993037742762916,752.4166666666666,17.240742791745117,0.044444444444444446
AD_0138,Static_Catalog,Awareness Campaign,cold,Sunscreen,13230,141,368784.0,120,17,0.0,0,0.010657596371882086,2615.4893617021276,0.0,0.0
AD_0139,Video_Review,Awareness Campaign,cold,Serum,16323,342,223618.0,303,16,476000.0,1,0.02095203087667708,653.8538011695906,2.1286300745020528,0.0029239766081871343
AD_0140,Video_Review,Flash Sale Campaign,cold,Moisturizer,8810,163,469453.0,136,22,0.0,0,0.018501702610669694,2880.079754601227,0.0,0.0
AD_0141,Video_Review,Awareness Campaign,cold,Serum,10511,226,464809.0,182,18,0.0,0,0.02150128436875654,2056.6769911504425,0.0,0.0
AD_0142,Static_Catalog,Awareness Campaign,cold,Moisturizer,8165,86,265873.0,71,6,153000.0,1,0.010532761788120024,3091.546511627907,0.5754627209231475,0.011627906976744186
AD_0143,Video_Review,Awareness Campaign,cold,Cleanser,15056,416,143001.0,365,32,65000.0,1,0.02763018065887354,343.75240384615387,0.45454227592814034,0.002403846153846154
AD_0144,Static_Catalog,Retargeting Campaign,warm,Sunscreen,15202,226,311169.0,184,36,0.0,0,0.01486646493882384,1376.853982300885,0.0,0.0
AD_0145,Static_Catalog,Flash Sale Campaign,cold,Cleanser,16076,231,439273.0,185,19,777000.0,3,0.014369246081114706,1901.6147186147186,1.7688316832584747,0.012987012987012988
AD_0146,Static_Catalog,Awareness Campaign,cold,Moisturizer,6796,87,166262.0,77,14,503000.0,1,0.012801648028251914,1911.057471264368,3.0253455389686157,0.011494252873563218
AD_0147,Video_Review,Retargeting Campaign,warm,Moisturizer,14312,283,259903.0,239,34,553000.0,2,0.019773616545556177,918.3851590106007,2.127716878989469,0.007067137809187279
AD_0148,Video_Review,Awareness Campaign,cold,Sunscreen,6380,120,183560.0,100,9,355000.0,1,0.018808777429467086,1529.6666666666667,1.9339725430376988,0.008333333333333333
AD_0149,Video_Review,Awareness Campaign,cold,Moisturizer,19808,444,404664.0,379,23,0.0,0,0.02241518578352181,911.4054054054054,0.0,0.0
AD_0150,Static_Catalog,Flash Sale Campaign,cold,Serum,16105,144,488411.0,116,21,825000.0,3,0.008941322570630239,3391.7430555555557,1.6891511452444765,0.020833333333333332
AD_0151,Static_Catalog,Awareness Campaign,cold,Moisturizer,7317,92,228322.0,76,11,456000.0,2,0.012573459067924012,2481.7608695652175,1.9971794220443058,0.021739130434782608
AD_0152,Video_Review,Flash Sale Campaign,cold,Moisturizer,14314,436,307440.0,385,69,871000.0,4,0.030459689814167946,705.1376146788991,2.833073119958366,0.009174311926605505
AD_0153,Video_Review,Awareness Campaign,cold,Moisturizer,19643,526,233541.0,430,78,998000.0,3,0.026777987069184953,443.9942965779468,4.273339584912285,0.005703422053231939
AD_0154,Video_Review,Awareness Campaign,cold,Serum,14561,433,142534.0,353,60,0.0,0,0.02973696861479294,329.17782909930713,0.0,0.0
AD_0155,Video_Review,Retargeting Campaign,warm,Moisturizer,12343,231,175418.0,207,29,321000.0,1,0.018715061168273515,759.3852813852814,1.829914832001277,0.004329004329004329
AD_0156,Static_Catalog,Flash Sale Campaign,cold,Serum,6007,55,278589.0,44,5,494000.0,1,0.009155984684534709,5065.254545454545,1.7732214839781901,0.01818181818181818
AD_0157,Static_Catalog,Retargeting Campaign,warm,Sunscreen,17276,157,303667.0,136,8,0.0,0,0.009087751794396852,1934.1847133757963,0.0,0.0
AD_0158,Video_Review,Flash Sale Campaign,cold,Cleanser,15073,370,353973.0,318,18,1102000.0,3,0.02454720360910237,956.6837837837838,3.1132318001655492,0.008108108108108109
AD_0159,Static_Catalog,Retargeting Campaign,warm,Serum,13954,130,462876.0,108,6,853000.0,4,0.009316325068080836,3560.5846153846155,1.8428261564652304,0.03076923076923077
AD_0160,Video_Review,Awareness Campaign,cold,Serum,17698,491,111745.0,406,81,0.0,0,0.02774324782461295,227.5865580448065,0.0,0.0
AD_0161,Video_Review,Awareness Campaign,cold,Sunscreen,9844,274,385555.0,242,40,151000.0,1,0.02783421373425437,1407.1350364963503,0.39164321562423,0.0036496350364963502
AD_0162,Video_Review,Retargeting Campaign,warm,Sunscreen,18703,448,153268.0,399,71,0.0,0,0.02395337646366893,342.11607142857144,0.0,0.0
AD_0163,Video_Review,Retargeting Campaign,warm,Sunscreen,7933,166,495196.0,136,24,936000.0,4,0.02092524896004034,2983.10843373494,1.8901606636564108,0.024096385542168676
AD_0164,Static_Catalog,Retargeting Campaign,warm,Sunscreen,12179,118,498992.0,95,6,435000.0,1,0.009688808604975778,4228.745762711865,0.8717574630454997,0.00847457627118644
AD_0165,Static_Catalog,Flash Sale Campaign,cold,Serum,7959,83,498871.0,74,10,169000.0,1,0.010428445784646313,6010.493975903614,0.33876493121468276,0.012048192771084338
AD_0166,Video_Review,Retargeting Campaign,warm,Sunscreen,18536,493,134531.0,421,35,0.0,0,0.026596892533448425,272.88235294117646,0.0,0.0
AD_0167,Static_Catalog,Flash Sale Campaign,cold,Serum,7583,80,307440.0,65,7,483000.0,3,0.01054991428194646,3843.0,1.5710382513661203,0.0375
AD_0168,Static_Catalog,Retargeting Campaign,warm,Cleanser,13154,176,164288.0,157,29,1513000.0,6,0.013379960468298617,933.4545454545455,9.209437086092715,0.03409090909090909
AD_0169,Video_Review,Flash Sale Campaign,cold,Serum,13731,443,269631.0,355,43,1510000.0,4,0.0322627630908164,608.6478555304741,5.600246262484655,0.009029345372460496
AD_0170,Static_Catalog,Awareness Campaign,cold,Serum,7001,85,474504.0,70,3,1793000.0,5,0.012141122696757605,5582.4,3.778682582233237,0.058823529411764705
AD_0171,Video_Review,Retargeting Campaign,warm,Serum,7089,197,312977.0,173,9,0.0,0,0.027789533079418817,1588.715736040609,0.0,0.0
AD_0172,Video_Review,Awareness Campaign,cold,Cleanser,8925,235,217832.0,189,24,0.0,0,0.026330532212885154,926.9446808510638,0.0,0.0
AD_0173,Static_Catalog,Retargeting Campaign,warm,Cleanser,10389,145,423694.0,127,7,1905000.0,7,0.013957069977861199,2922.0275862068966,4.496169405278338,0.04827586206896552
AD_0174,Static_Catalog,Retargeting Campaign,warm,Serum,14867,203,473706.0,177,24,0.0,0,0.013654402367659918,2333.5270935960593,0.0,0.0
AD_0175,Video_Review,Awareness Campaign,cold,Moisturizer,10638,261,170316.0,213,35,216000.0,1,0.024534686971235193,652.551724137931,1.2682308180088777,0.0038314176245210726
AD_0176,Video_Review,Flash Sale Campaign,cold,Cleanser,14057,383,268484.0,344,67,0.0,0,0.02724621185174646,701.0026109660574,0.0,0.0
AD_0177,Static_Catalog,Flash Sale Campaign,cold,Cleanser,13236,151,473966.0,124,14,1360000.0,5,0.011408280447265036,3138.8476821192053,2.869404134473781,0.033112582781456956
AD_0178,Video_Review,Retargeting Campaign,warm,Moisturizer,19803,564,201757.0,506,28,0.0,0,0.028480533252537493,357.7251773049645,0.0,0.0
AD_0179,Static_Catalog,Awareness Campaign,cold,Sunscreen,10631,135,389102.0,120,13,0.0,0,0.01269871131596275,2882.237037037037,0.0,0.0
AD_0180,Video_Review,Retargeting Campaign,warm,Sunscreen,10714,287,488647.0,253,21,0.0,0,0.026787380996826583,1702.602787456446,0.0,0.0
AD_0181,Static_Catalog,Retargeting Campaign,warm,Cleanser,18561,187,297415.5,159,17,1733000.0,6,0.010074888206454394,1590.457219251337,5.826865109585748,0.03208556149732621
AD_0182,Video_Review,Retargeting Campaign,warm,Moisturizer,19668,475,301207.0,407,60,290000.0,2,0.024150905023388246,634.12,0.9627930293784673,0.004210526315789474
AD_0183,Video_Review,Flash Sale Campaign,cold,Serum,9113,276,244832.0,242,16,1753000.0,5,0.030286404038187206,887.072463768116,7.160011763168213,0.018115942028985508
AD_0184,Video_Review,Awareness Campaign,cold,Sunscreen,5629,112,302332.0,93,16,0.0,0,0.019896962160241605,2699.3928571428573,0.0,0.0
AD_0185,Static_Catalog,Awareness Campaign,cold,Moisturizer,13656,139,171635.0,116,16,678000.0,3,0.010178676039835969,1234.7841726618706,3.950243248754625,0.02158273381294964
AD_0186,Static_Catalog,Flash Sale Campaign,cold,Moisturizer,16847,239,216891.0,211,28,1596000.0,6,0.014186502047842347,907.4937238493724,7.358534932293179,0.02510460251046025
AD_0187,Static_Catalog,Flash Sale Campaign,cold,Moisturizer,16508,249,258492.0,215,17,0.0,0,0.015083595832323722,1038.120481927711,0.0,0.0
AD_0188,Video_Review,Awareness Campaign,cold,Moisturizer,8229,228,272307.0,204,39,0.0,0,0.027706890266131972,1194.328947368421,0.0,0.0
AD_0190,Video_Review,Retargeting Campaign,warm,Cleanser,6969,143,497686.0,116,9,0.0,0,0.020519443248672692,3480.3216783216785,0.0,0.0
AD_0191,Video_Review,Flash Sale Campaign,cold,Cleanser,16710,336,148320.0,296,56,1106000.0,3,0.020107719928186715,441.42857142857144,7.4568500539374325,0.008928571428571428
AD_0192,Static_Catalog,Retargeting Campaign,warm,Serum,7302,91,412282.0,81,12,0.0,0,0.012462339085182142,4530.571428571428,0.0,0.0
AD_0193,Video_Review,Awareness Campaign,cold,Moisturizer,8124,223,258056.0,180,26,0.0,0,0.02744953225012309,1157.201793721973,0.0,0.0
AD_0194,Static_Catalog,Retargeting Campaign,warm,Cleanser,12848,199,258280.0,161,15,0.0,0,0.01548879202988792,1297.889447236181,0.0,0.0
AD_0195,Static_Catalog,Flash Sale Campaign,cold,Cleanser,16829,194,307440.0,169,28,0.0,0,0.011527720007130548,1584.7422680412371,0.0,0.0
AD_0196,Video_Review,Flash Sale Campaign,cold,Moisturizer,16013,436,151924.0,362,37,1047000.0,4,0.027227877349653408,348.44954128440367,6.891603696585134,0.009174311926605505
AD_0197,Video_Review,Flash Sale Campaign,cold,Sunscreen,6440,135,455824.0,113,5,0.0,0,0.02096273291925466,3376.474074074074,0.0,0.0
AD_0198,Static_Catalog,Flash Sale Campaign,cold,Sunscreen,16153,189,207522.0,161,31,931000.0,5,0.01170061288924658,1098.0,4.486271335087364,0.026455026455026454
AD_0199,Static_Catalog,Retargeting Campaign,warm,Serum,11760,130,181889.0,110,9,1186000.0,5,0.011054421768707483,1399.1461538461538,6.520460280720659,0.038461538461538464
AD_0200,Static_Catalog,Flash Sale Campaign,cold,Sunscreen,11570,98,426250.0,78,11,651000.0,2,0.00847018150388937,4349.489795918367,1.5272727272727273,0.02040816326530612
AD_0201,Static_Catalog,Flash Sale Campaign,cold,Moisturizer,5140,56,408557.0,47,4,767000.0,4,0.010894941634241245,7295.660714285715,1.877339024909621,0.07142857142857142
AD_0202,Video_Review,Retargeting Campaign,warm,Sunscreen,12311,231,470321.0,194,38,448000.0,1,0.018763707253675575,2036.021645021645,0.9525409241773172,0.004329004329004329
AD_0203,Static_Catalog,Retargeting Campaign,warm,Moisturizer,14052,136,380887.0,119,9,0.0,0,0.009678337603188158,2800.639705882353,0.0,0.0
AD_0204,Static_Catalog,Retargeting Campaign,warm,Sunscreen,18130,152,296501.0,134,24,709000.0,4,0.008383894098179813,1950.6644736842106,2.3912229638348608,0.02631578947368421
AD_0205,Video_Review,Awareness Campaign,cold,Serum,17617,403,131401.0,358,36,0.0,0,0.022875631492308566,326.0570719602978,0.0,0.0
AD_0206,Video_Review,Retargeting Campaign,warm,Sunscreen,13674,413,262982.0,357,22,535000.0,2,0.030203305543366973,636.7602905569007,2.03435976606764,0.004842615012106538
AD_0207,Video_Review,Retargeting Campaign,warm,Moisturizer,16776,479,117633.0,405,52,579000.0,2,0.028552694325226512,245.580375782881,4.92208818953865,0.0041753653444676405
AD_0208,Video_Review,Retargeting Campaign,warm,Cleanser,14622,375,157993.0,309,44,1056000.0,4,0.02564628641772671,421.31466666666665,6.683840423309894,0.010666666666666666
AD_0209,Video_Review,Awareness Campaign,cold,Serum,11358,317,194018.0,267,31,355000.0,1,0.027909843282268004,612.0441640378549,1.8297271387190879,0.0031545741324921135
AD_0210,Video_Review,Awareness Campaign,cold,Moisturizer,10699,303,176329.0,269,44,0.0,0,0.028320403776053837,581.9438943894389,0.0,0.0
AD_0211,Static_Catalog,Awareness Campaign,cold,Moisturizer,17106,186,488070.0,150,19,2058000.0,9,0.010873377762188706,2624.032258064516,4.216608273403406,0.04838709677419355
AD_0212,Video_Review,Retargeting Campaign,warm,Cleanser,18015,553,435938.0,471,46,1344000.0,4,0.030696641687482654,788.3146473779385,3.0830072166225473,0.007233273056057866
AD_0213,Static_Catalog,Flash Sale Campaign,cold,Serum,9817,108,356353.0,91,9,0.0,0,0.011001324233472548,3299.564814814815,0.0,0.0
AD_0214,Static_Catalog,Retargeting Campaign,warm,Cleanser,8374,82,362351.0,68,7,801000.0,3,0.00979221399570098,4418.914634146341,2.210563790357968,0.036585365853658534
AD_0215,Static_Catalog,Flash Sale Campaign,cold,Cleanser,10719,151,331055.0,126,8,924000.0,3,0.014087134993936,2192.417218543046,2.7910770113727326,0.019867549668874173
AD_0216,Static_Catalog,Flash Sale Campaign,cold,Cleanser,15555,157,313277.0,133,19,620000.0,3,0.010093217614914819,1995.3949044585988,1.9790792174337726,0.01910828025477707
AD_0217,Video_Review,Retargeting Campaign,warm,Cleanser,14715,413,218413.0,335,28,0.0,0,0.028066598708800544,528.8450363196126,0.0,0.0
AD_0218,Video_Review,Awareness Campaign,cold,Serum,9496,209,138067.0,173,33,0.0,0,0.02200926705981466,660.6076555023924,0.0,0.0
AD_0219,Static_Catalog,Retargeting Campaign,warm,Sunscreen,15435,152,328590.0,127,16,1572000.0,6,0.009847748623258828,2161.7763157894738,4.784077421710947,0.039473684210526314
AD_0220,Static_Catalog,Awareness Campaign,cold,Sunscreen,14629,207,393894.0,171,10,0.0,0,0.01414997607491968,1902.8695652173913,0.0,0.0
AD_0221,Static_Catalog,Awareness Campaign,cold,Sunscreen,14373,221,498872.0,189,23,1299000.0,5,0.015376052320322827,2257.339366515837,2.6038743405121956,0.02262443438914027
AD_0222,Video_Review,Awareness Campaign,cold,Cleanser,11917,356,214099.0,302,33,687000.0,2,0.029873290257615173,601.4016853932584,3.208795930854418,0.0056179775280898875
AD_0223,Video_Review,Awareness Campaign,cold,Moisturizer,14340,369,107967.0,299,41,854000.0,3,0.025732217573221756,292.5934959349593,7.90982429816518,0.008130081300813009
AD_0224,Static_Catalog,Flash Sale Campaign,cold,Serum,9494,123,307440.0,105,10,0.0,0,0.01295555087423636,2499.512195121951,0.0,0.0
AD_0225,Video_Review,Flash Sale Campaign,cold,Sunscreen,11525,373,277404.0,321,30,2307000.0,8,0.0323644251626898,743.710455764075,8.316390535104036,0.021447721179624665
AD_0226,Video_Review,Flash Sale Campaign,cold,Sunscreen,6179,136,237478.0,118,7,0.0,0,0.02201003398608189,1746.1617647058824,0.0,0.0
AD_0227,Video_Review,Flash Sale Campaign,cold,Cleanser,16011,321,460867.0,273,31,311000.0,1,0.02004871650740116,1435.7227414330218,0.6748150768008991,0.003115264797507788
AD_0228,Static_Catalog,Flash Sale Campaign,cold,Moisturizer,9044,99,388859.0,83,6,0.0,0,0.010946483856700575,3927.868686868687,0.0,0.0
AD_0229,Video_Review,Awareness Campaign,cold,Serum,12898,306,334213.0,252,41,562000.0,2,0.023724608466428904,1092.1993464052287,1.6815623569400353,0.006535947712418301
AD_0230,Video_Review,Retargeting Campaign,warm,Cleanser,17201,363,287604.0,297,17,0.0,0,0.021103424219522122,792.297520661157,0.0,0.0
AD_0231,Video_Review,Awareness Campaign,cold,Sunscreen,13036,393,358230.0,320,22,1158000.0,3,0.0301472844430807,911.5267175572519,3.232560087094883,0.007633587786259542
AD_0232,Static_Catalog,Retargeting Campaign,warm,Cleanser,12394,137,388179.0,121,13,0.0,0,0.011053735678554139,2833.4233576642337,0.0,0.0
AD_0233,Video_Review,Retargeting Campaign,warm,Moisturizer,8191,182,204576.0,160,9,0.0,0,0.022219509217433767,1124.043956043956,0.0,0.0
AD_0234,Static_Catalog,Awareness Campaign,cold,Serum,9279,108,489878.0,93,17,0.0,0,0.011639185257032008,4535.907407407408,0.0,0.0
AD_0235,Video_Review,Awareness Campaign,cold,Sunscreen,12083,304,323332.0,244,13,0.0,0,0.025159314739716956,1063.592105263158,0.0,0.0
AD_0236,Video_Review,Flash Sale Campaign,cold,Sunscreen,14650,259,445732.0,220,23,0.0,0,0.017679180887372015,1720.972972972973,0.0,0.0
AD_0237,Static_Catalog,Flash Sale Campaign,cold,Serum,12330,162,164027.0,135,15,347000.0,2,0.013138686131386862,1012.5123456790124,2.115505374115237,0.012345679012345678
AD_0238,Static_Catalog,Awareness Campaign,cold,Serum,16765,150,139279.0,134,12,0.0,0,0.008947211452430659,928.5266666666666,0.0,0.0
AD_0239,Static_Catalog,Awareness Campaign,cold,Moisturizer,11979,167,223257.0,141,25,0.0,0,0.013941063527840388,1336.868263473054,0.0,0.0
AD_0240,Static_Catalog,Retargeting Campaign,warm,Moisturizer,5769,73,208212.0,65,8,933000.0,2,0.01265383948691281,2852.219178082192,4.4810097400726185,0.0273972602739726
AD_0241,Static_Catalog,Retargeting Campaign,warm,Sunscreen,14569,145,170119.0,122,14,0.0,0,0.009952639165351088,1173.2344827586207,0.0,0.0
AD_0242,Static_Catalog,Awareness Campaign,cold,Serum,7685,65,294387.0,56,5,803000.0,2,0.008458035133376708,4529.030769230769,2.7277019705353838,0.03076923076923077
AD_0243,Static_Catalog,Flash Sale Campaign,cold,Moisturizer,9196,127,487732.0,114,18,153000.0,1,0.013810352327098738,3840.4094488188975,0.31369686631182697,0.007874015748031496
AD_0244,Video_Review,Retargeting Campaign,warm,Sunscreen,19543,501,317322.0,414,54,0.0,0,0.025635777516246225,633.377245508982,0.0,0.0
AD_0245,Static_Catalog,Awareness Campaign,cold,Serum,11579,165,144638.0,140,10,0.0,0,0.014249935227567147,876.5939393939394,0.0,0.0
AD_0246,Video_Review,Awareness Campaign,cold,Serum,13706,301,446130.0,245,15,631000.0,2,0.021961184882533197,1482.1594684385382,1.4143859413175532,0.006644518272425249
AD_0247,Static_Catalog,Flash Sale Campaign,cold,Moisturizer,15553,193,155147.0,168,33,1413000.0,5,0.012409181508390665,803.8704663212435,9.107491604736154,0.025906735751295335
AD_0248,Static_Catalog,Flash Sale Campaign,cold,Cleanser,9520,118,267807.0,104,14,0.0,0,0.012394957983193277,2269.5508474576272,0.0,0.0
AD_0249,Static_Catalog,Retargeting Campaign,warm,Moisturizer,9979,84,119033.0,74,12,1327000.0,5,0.008417677121956109,1417.0595238095239,11.148168995152604,0.05952380952380952
AD_0250,Video_Review,Retargeting Campaign,warm,Serum,8778,264,374231.0,224,15,0.0,0,0.03007518796992481,1417.5416666666667,0.0,0.0
AD_0251,Static_Catalog,Flash Sale Campaign,cold,Moisturizer,8013,101,298436.0,87,4,0.0,0,0.012604517658804442,2954.8118811881186,0.0,0.0
AD_0252,Static_Catalog,Flash Sale Campaign,cold,Moisturizer,19475,274,389910.0,243,30,2537000.0,8,0.014069319640564827,1423.029197080292,6.506629735067067,0.029197080291970802
AD_0253,Video_Review,Flash Sale Campaign,cold,Cleanser,11643,301,307440.0,261,44,0.0,0,0.025852443528300267,1021.3953488372093,0.0,0.0
AD_0254,Static_Catalog,Flash Sale Campaign,cold,Cleanser,13354,117,142092.0,102,20,0.0,0,0.008761419799311068,1214.4615384615386,0.0,0.0
AD_0255,Static_Catalog,Awareness Campaign,cold,Sunscreen,12469,134,355158.0,110,11,648000.0,2,0.010746651696206592,2650.4328358208954,1.8245400638589022,0.014925373134328358
AD_0256,Static_Catalog,Awareness Campaign,cold,Sunscreen,8019,84,177984.0,70,10,0.0,0,0.010475121586232696,2118.8571428571427,0.0,0.0
AD_0257,Video_Review,Flash Sale Campaign,cold,Sunscreen,9171,213,103471.0,174,23,452000.0,3,0.023225384363755316,485.7793427230047,4.368373747233524,0.014084507042253521
AD_0258,Video_Review,Retargeting Campaign,warm,Serum,13397,352,266597.0,299,28,687000.0,2,0.02627453907591252,757.3778409090909,2.5769232211915365,0.005681818181818182
AD_0259,Static_Catalog,Awareness Campaign,cold,Sunscreen,12999,126,294387.0,106,20,861000.0,3,0.009693053311793215,2336.404761904762,2.9247215400136555,0.023809523809523808
AD_0260,Static_Catalog,Retargeting Campaign,warm,Serum,10105,151,364983.0,131,21,0.0,0,0.014943097476496784,2417.1059602649007,0.0,0.0
AD_0261,Static_Catalog,Retargeting Campaign,warm,Serum,12710,191,162424.0,171,10,1452000.0,6,0.015027537372147915,850.3874345549738,8.939565581441167,0.031413612565445025
AD_0262,Static_Catalog,Retargeting Campaign,warm,Serum,8974,133,248087.0,119,12,1268000.0,5,0.014820592823712949,1865.3157894736842,5.1111102153679955,0.03759398496240601
AD_0263,Video_Review,Flash Sale Campaign,cold,Serum,16032,397,290135.0,319,45,616000.0,2,0.024762974051896206,730.8186397984887,2.12314956830441,0.005037783375314861
AD_0264,Video_Review,Flash Sale Campaign,cold,Moisturizer,14614,260,166707.0,211,38,0.0,0,0.01779115916244697,641.1807692307692,0.0,0.0
AD_0265,Static_Catalog,Awareness Campaign,cold,Serum,9361,144,390372.0,124,9,440000.0,2,0.015382971904711036,2710.9166666666665,1.1271300195710758,0.013888888888888888
AD_0266,Video_Review,Awareness Campaign,cold,Sunscreen,17123,389,452680.0,312,49,426000.0,2,0.022717981662091925,1163.701799485861,0.9410621189361138,0.005141388174807198
AD_0267,Video_Review,Flash Sale Campaign,cold,Serum,9336,236,197852.0,194,21,327000.0,2,0.025278491859468722,838.3559322033898,1.652750540808281,0.00847457627118644
AD_0268,Video_Review,Flash Sale Campaign,cold,Moisturizer,8633,161,309093.0,142,16,0.0,0,0.018649368701494265,1919.832298136646,0.0,0.0
AD_0269,Static_Catalog,Awareness Campaign,cold,Serum,11985,140,196111.0,118,19,0.0,0,0.011681268251981644,1400.7928571428572,0.0,0.0
AD_0270,Static_Catalog,Flash Sale Campaign,cold,Cleanser,8727,123,372944.0,100,8,1804000.0,5,0.014094190443451358,3032.0650406504064,4.837187352524776,0.04065040650406504
AD_0271,Static_Catalog,Retargeting Campaign,warm,Sunscreen,17983,264,380277.0,215,18,2085000.0,8,0.014680531613190235,1440.4431818181818,5.482845399537705,0.030303030303030304
AD_0272,Static_Catalog,Awareness Campaign,cold,Moisturizer,11976,102,181816.0,82,8,582000.0,2,0.008517034068136272,1782.5098039215686,3.2010384124609494,0.0196078431372549
AD_0273,Static_Catalog,Awareness Campaign,cold,Serum,17006,243,310097.0,196,22,0.0,0,0.014289074444313772,1276.119341563786,0.0,0.0
AD_0274,Static_Catalog,Flash Sale Campaign,cold,Cleanser,9555,134,438083.0,110,10,2044000.0,6,0.01402407116692831,3269.276119402985,4.665782511533203,0.04477611940298507
AD_0275,Video_Review,Awareness Campaign,cold,Sunscreen,11971,334,308139.0,272,38,638000.0,2,0.027900760170411827,922.5718562874251,2.0704941601030704,0.005988023952095809
AD_0276,Video_Review,Awareness Campaign,cold,Sunscreen,13629,267,350870.0,218,40,1499000.0,4,0.019590578912612813,1314.119850187266,4.272237580870408,0.0149812734082397
AD_0277,Static_Catalog,Flash Sale Campaign,cold,Moisturizer,12183,189,131852.0,169,25,1728000.0,7,0.015513420339817778,697.6296296296297,13.105603252131177,0.037037037037037035
AD_0278,Static_Catalog,Awareness Campaign,cold,Serum,16786,160,247226.0,138,8,1742000.0,5,0.009531752651018707,1545.1625,7.0461844627992205,0.03125
AD_0279,Static_Catalog,Awareness Campaign,cold,Cleanser,11788,181,308347.0,160,27,475000.0,2,0.015354597896165592,1703.5745856353592,1.540472260148469,0.011049723756906077
AD_0280,Video_Review,Retargeting Campaign,warm,Serum,12569,374,257547.0,310,27,0.0,0,0.029755748269552074,688.6283422459893,0.0,0.0
AD_0281,Static_Catalog,Retargeting Campaign,warm,Sunscreen,10348,95,191353.0,76,6,337000.0,2,0.009180517974487823,2014.2421052631578,1.7611430184005477,0.021052631578947368
AD_0282,Video_Review,Retargeting Campaign,warm,Moisturizer,14096,338,443701.0,295,50,0.0,0,0.02397843359818388,1312.724852071006,0.0,0.0
AD_0283,Video_Review,Retargeting Campaign,warm,Sunscreen,13049,291,305735.0,232,35,429000.0,1,0.02230055942984137,1050.635738831615,1.4031759530312198,0.003436426116838488
AD_0284,Static_Catalog,Retargeting Campaign,warm,Moisturizer,10830,112,356190.0,93,16,439000.0,2,0.010341643582640813,3180.2678571428573,1.2324882787276454,0.017857142857142856
AD_0285,Video_Review,Flash Sale Campaign,cold,Serum,16528,364,307440.0,318,59,0.0,0,0.02202323330106486,844.6153846153846,0.0,0.0
AD_0286,Video_Review,Awareness Campaign,cold,Sunscreen,14374,307,488832.0,272,13,455000.0,1,0.02135800751356616,1592.28664495114,0.9307901283058392,0.003257328990228013
AD_0287,Static_Catalog,Flash Sale Campaign,cold,Sunscreen,9659,107,377181.0,89,17,371000.0,2,0.011077751320012423,3525.0560747663553,0.9836126422062618,0.018691588785046728
AD_0288,Static_Catalog,Retargeting Campaign,warm,Sunscreen,9249,142,153909.0,125,11,1252000.0,4,0.015353011136339063,1083.8661971830986,8.134676984451852,0.028169014084507043
AD_0289,Static_Catalog,Flash Sale Campaign,cold,Sunscreen,12075,186,128365.0,162,15,2244000.0,7,0.015403726708074534,690.1344086021505,17.48140069333541,0.03763440860215054
AD_0290,Static_Catalog,Flash Sale Campaign,cold,Moisturizer,11493,114,134228.0,97,6,0.0,0,0.009919081179848603,1177.438596491228,0.0,0.0
AD_0291,Static_Catalog,Retargeting Campaign,warm,Moisturizer,6762,67,192493.0,58,3,528000.0,1,0.009908311150547175,2873.0298507462685,2.7429568867439333,0.014925373134328358
AD_0292,Video_Review,Retargeting Campaign,warm,Moisturizer,10198,274,297415.5,225,38,0.0,0,0.026868013335948224,1085.4580291970804,0.0,0.0
AD_0293,Video_Review,Retargeting Campaign,warm,Cleanser,14777,385,297415.5,310,54,400000.0,1,0.026054002842254856,772.5077922077922,1.3449198175616268,0.0025974025974025974
AD_0294,Video_Review,Flash Sale Campaign,cold,Cleanser,16250,486,412023.0,435,23,0.0,0,0.02990769230769231,847.783950617284,0.0,0.0
AD_0295,Static_Catalog,Flash Sale Campaign,cold,Sunscreen,13317,186,388793.0,151,11,1115000.0,4,0.013967109709394007,2090.2849462365593,2.867849987011083,0.021505376344086023
AD_0296,Static_Catalog,Awareness Campaign,cold,Sunscreen,19466,196,248934.0,159,13,0.0,0,0.010068837973903216,1270.0714285714287,0.0,0.0
AD_0297,Static_Catalog,Awareness Campaign,cold,Sunscreen,9394,129,294387.0,106,11,1094000.0,3,0.013732169469874388,2282.0697674418607,3.7161967070556785,0.023255813953488372
AD_0298,Static_Catalog,Retargeting Campaign,warm,Moisturizer,15921,237,474226.0,196,38,0.0,0,0.01488599962313925,2000.9535864978902,0.0,0.0
AD_0299,Video_Review,Awareness Campaign,cold,Moisturizer,12410,300,294387.0,246,31,0.0,0,0.024174053182917002,981.29,0.0,0.0
AD_0300,Static_Catalog,Retargeting Campaign,warm,Moisturizer,9987,104,458182.0,91,12,0.0,0,0.010413537598878543,4405.596153846154,0.0,0.0
AD_0301,Video_Review,Retargeting Campaign,warm,Serum,8800,261,170448.0,224,15,137000.0,1,0.02965909090909091,653.0574712643678,0.8037641978785318,0.0038314176245210726
AD_0302,Video_Review,Flash Sale Campaign,cold,Sunscreen,9492,262,330893.0,235,16,413000.0,1,0.02760219131900548,1262.9503816793892,1.2481376154829507,0.003816793893129771
AD_0303,Video_Review,Retargeting Campaign,warm,Moisturizer,11132,237,303196.0,196,34,0.0,0,0.0212899748472871,1279.308016877637,0.0,0.0
AD_0304,Static_Catalog,Flash Sale Campaign,cold,Cleanser,13365,117,266892.0,103,5,796000.0,3,0.008754208754208754,2281.128205128205,2.9824798045651426,0.02564102564102564
AD_0305,Static_Catalog,Retargeting Campaign,warm,Serum,17878,235,329010.0,202,26,1500000.0,6,0.01314464705224298,1400.0425531914893,4.55913194127838,0.02553191489361702
AD_0306,Static_Catalog,Awareness Campaign,cold,Moisturizer,19198,218,448264.0,188,34,1072000.0,4,0.011355349515574539,2056.256880733945,2.3914478967751145,0.01834862385321101
AD_0307,Static_Catalog,Awareness Campaign,cold,Serum,12544,119,356453.0,96,17,544000.0,2,0.009486607142857142,2995.4033613445376,1.5261479072977364,0.01680672268907563
AD_0308,Static_Catalog,Retargeting Campaign,warm,Sunscreen,9008,103,102282.0,87,11,0.0,0,0.011434280639431617,993.0291262135922,0.0,0.0
AD_0309,Video_Review,Retargeting Campaign,warm,Moisturizer,11318,277,412727.0,239,42,0.0,0,0.024474288743594273,1489.9891696750904,0.0,0.0
AD_0310,Static_Catalog,Retargeting Campaign,warm,Sunscreen,7120,75,292121.0,64,5,0.0,0,0.010533707865168539,3894.9466666666667,0.0,0.0
AD_0311,Static_Catalog,Flash Sale Campaign,cold,Sunscreen,10134,92,115434.0,78,8,495000.0,3,0.009078350108545491,1254.7173913043478,4.288164665523156,0.03260869565217391
AD_0312,Static_Catalog,Awareness Campaign,cold,Serum,14835,170,168803.0,136,22,610000.0,2,0.011459386585776879,992.9588235294118,3.613679851661404,0.011764705882352941
AD_0313,Video_Review,Flash Sale Campaign,cold,Cleanser,7913,214,220234.0,179,30,0.0,0,0.02704410463793757,1029.1308411214952,0.0,0.0
AD_0314,Video_Review,Flash Sale Campaign,cold,Moisturizer,5929,178,191575.0,159,18,0.0,0,0.03002192612582223,1076.2640449438202,0.0,0.0
AD_0315,Static_Catalog,Awareness Campaign,cold,Moisturizer,10415,125,220906.0,101,6,0.0,0,0.01200192030724916,1767.248,0.0,0.0
AD_0316,Video_Review,Retargeting Campaign,warm,Serum,9309,268,215598.0,227,15,961000.0,2,0.02878934364593404,804.4701492537314,4.4573697344131205,0.007462686567164179
AD_0317,Video_Review,Retargeting Campaign,warm,Moisturizer,18350,443,302747.0,378,23,623000.0,3,0.024141689373297002,683.4018058690745,2.057823859526271,0.006772009029345372
AD_0318,Static_Catalog,Flash Sale Campaign,cold,Sunscreen,16493,202,496452.0,171,22,603000.0,2,0.012247620202510155,2457.6831683168316,1.2146189359696407,0.009900990099009901
AD_0319,Video_Review,Awareness Campaign,cold,Serum,14569,311,287954.0,254,32,0.0,0,0.021346695037408197,925.8971061093248,0.0,0.0
AD_0320,Video_Review,Flash Sale Campaign,cold,Cleanser,11931,270,199931.0,231,46,0.0,0,0.02263012320844858,740.4851851851852,0.0,0.0
AD_0321,Static_Catalog,Awareness Campaign,cold,Sunscreen,13652,212,382363.0,175,17,2577000.0,10,0.015528860240257838,1803.5990566037735,6.739668848711826,0.04716981132075472
AD_0322,Video_Review,Retargeting Campaign,warm,Sunscreen,15848,446,454165.0,366,71,0.0,0,0.028142352347299344,1018.3071748878924,0.0,0.0
AD_0323,Video_Review,Awareness Campaign,cold,Serum,10211,184,144789.0,161,11,1206000.0,3,0.01801978258740574,786.8967391304348,8.329362037171332,0.016304347826086956
AD_0324,Static_Catalog,Awareness Campaign,cold,Cleanser,7882,92,230351.0,74,12,0.0,0,0.011672164425272774,2503.8152173913045,0.0,0.0
AD_0325,Video_Review,Retargeting Campaign,warm,Sunscreen,16802,345,441207.0,291,40,1300000.0,6,0.020533269848827522,1278.8608695652174,2.946462771442883,0.017391304347826087
AD_0326,Static_Catalog,Awareness Campaign,cold,Sunscreen,10802,122,118354.0,104,14,1829000.0,6,0.011294204776893168,970.1147540983607,15.453639082751744,0.04918032786885246
AD_0327,Video_Review,Flash Sale Campaign,cold,Moisturizer,8863,268,370160.0,231,21,816000.0,2,0.03023806837413968,1381.1940298507463,2.2044521288091636,0.007462686567164179
AD_0328,Static_Catalog,Flash Sale Campaign,cold,Sunscreen,14134,182,190102.0,145,17,658000.0,3,0.012876751096646384,1044.5164835164835,3.4612997233064355,0.016483516483516484
AD_0329,Video_Review,Awareness Campaign,cold,Serum,10929,294,362420.0,245,41,0.0,0,0.026900905846829536,1232.7210884353742,0.0,0.0
AD_0330,Static_Catalog,Flash Sale Campaign,cold,Cleanser,12537,166,488583.0,137,7,0.0,0,0.013240807210656456,2943.2710843373493,0.0,0.0
AD_0331,Video_Review,Awareness Campaign,cold,Cleanser,12668,222,440615.0,194,28,628000.0,2,0.01752447110830439,1984.7522522522522,1.4252805737435177,0.009009009009009009
AD_0332,Static_Catalog,Flash Sale Campaign,cold,Moisturizer,8175,92,121281.0,74,8,0.0,0,0.011253822629969419,1318.2717391304348,0.0,0.0
AD_0333,Static_Catalog,Retargeting Campaign,warm,Sunscreen,14938,193,161388.0,172,10,2236000.0,8,0.012920069621100549,836.2072538860103,13.854809527350236,0.04145077720207254
AD_0334,Video_Review,Awareness Campaign,cold,Sunscreen,10776,269,451977.0,221,26,180000.0,1,0.024962880475129918,1680.2118959107806,0.3982503534471887,0.0037174721189591076
AD_0335,Static_Catalog,Retargeting Campaign,warm,Serum,9555,139,361570.0,122,23,645000.0,3,0.014547357404500262,2601.223021582734,1.7838869375224715,0.02158273381294964
AD_0336,Video_Review,Retargeting Campaign,warm,Sunscreen,8588,258,229936.0,222,43,0.0,0,0.030041918956683743,891.2248062015503,0.0,0.0
AD_0337,Video_Review,Awareness Campaign,cold,Sunscreen,17576,497,138333.0,420,72,1591000.0,7,0.02827719617660446,278.3360160965795,11.501232533090441,0.014084507042253521
AD_0338,Static_Catalog,Retargeting Campaign,warm,Cleanser,13555,136,114743.0,112,15,0.0,0,0.010033198081888602,843.6985294117648,0.0,0.0
AD_0339,Video_Review,Awareness Campaign,cold,Sunscreen,18894,375,246721.0,305,44,0.0,0,0.01984757065735154,657.9226666666667,0.0,0.0
AD_0340,Static_Catalog,Flash Sale Campaign,cold,Moisturizer,10086,98,347644.0,78,7,781000.0,3,0.009716438627800913,3547.387755102041,2.2465510694848754,0.030612244897959183
AD_0341,Video_Review,Retargeting Campaign,warm,Moisturizer,13056,295,180811.0,257,25,0.0,0,0.022594975490196078,612.9186440677967,0.0,0.0
AD_0342,Video_Review,Flash Sale Campaign,cold,Moisturizer,12793,284,213550.0,253,28,0.0,0,0.022199640428359257,751.9366197183099,0.0,0.0
AD_0343,Static_Catalog,Retargeting Campaign,warm,Cleanser,15662,187,424512.0,166,29,3437000.0,10,0.011939726727110203,2270.1176470588234,8.096355344489673,0.053475935828877004
AD_0344,Video_Review,Flash Sale Campaign,cold,Serum,7234,198,321035.0,160,24,0.0,0,0.02737074923970141,1621.388888888889,0.0,0.0
AD_0345,Video_Review,Awareness Campaign,cold,Serum,10842,294,487881.0,238,29,801000.0,2,0.027116768123962368,1659.4591836734694,1.64179379807781,0.006802721088435374
AD_0346,Static_Catalog,Flash Sale Campaign,cold,Cleanser,8519,84,307440.0,73,3,325000.0,1,0.009860312243221035,3660.0,1.0571168358053604,0.011904761904761904
AD_0347,Video_Review,Flash Sale Campaign,cold,Moisturizer,9424,287,218581.0,254,20,523000.0,2,0.03045415959252971,761.6062717770035,2.3927056789016428,0.006968641114982578
AD_0348,Video_Review,Awareness Campaign,cold,Sunscreen,8751,275,409521.0,240,47,980000.0,3,0.031424980002285455,1489.1672727272728,2.3930396731791532,0.01090909090909091
AD_0349,Static_Catalog,Awareness Campaign,cold,Cleanser,15547,140,2379577.0,117,6,282000.0,1,0.009004952723998198,16996.97857142857,0.11850845759561468,0.007142857142857143
AD_0350,Static_Catalog,Retargeting Campaign,warm,Serum,9100,121,390316.0,101,10,0.0,0,0.013296703296703297,3225.7520661157023,0.0,0.0
AD_0351,Static_Catalog,Retargeting Campaign,warm,Moisturizer,15578,176,331440.0,156,14,2283000.0,8,0.011297984336885352,1883.1818181818182,6.888124547429399,0.045454545454545456
AD_0352,Video_Review,Awareness Campaign,cold,Sunscreen,17469,505,464662.0,443,73,779000.0,3,0.028908351937718242,920.1227722772277,1.6764874252682596,0.005940594059405941
AD_0353,Video_Review,Retargeting Campaign,warm,Cleanser,9222,273,486721.0,223,25,0.0,0,0.02960312296681848,1782.8608058608058,0.0,0.0
AD_0354,Video_Review,Awareness Campaign,cold,Moisturizer,9803,265,499371.0,212,20,469000.0,1,0.027032541058859532,1884.4188679245283,0.939181490314816,0.0037735849056603774
AD_0355,Static_Catalog,Awareness Campaign,cold,Sunscreen,9207,136,389750.0,119,14,1365000.0,6,0.014771369610079287,2865.8088235294117,3.5022450288646567,0.04411764705882353
AD_0356,Static_Catalog,Retargeting Campaign,warm,Sunscreen,15680,237,187265.0,201,32,0.0,0,0.015114795918367348,790.1476793248945,0.0,0.0
AD_0357,Static_Catalog,Flash Sale Campaign,cold,Cleanser,15584,157,436851.0,134,26,0.0,0,0.010074435318275154,2782.4904458598726,0.0,0.0
AD_0358,Video_Review,Retargeting Campaign,warm,Moisturizer,18462,362,213688.0,317,43,1082000.0,4,0.0196078431372549,590.2983425414365,5.063457002732957,0.011049723756906077
AD_0359,Video_Review,Flash Sale Campaign,cold,Moisturizer,14006,386,174218.0,340,65,431000.0,2,0.027559617306868484,451.3419689119171,2.473911995316213,0.0051813471502590676
AD_0360,Static_Catalog,Retargeting Campaign,warm,Cleanser,15350,207,398225.0,179,33,1283000.0,4,0.013485342019543973,1923.792270531401,3.2217967229581266,0.01932367149758454
AD_0362,Static_Catalog,Retargeting Campaign,warm,Moisturizer,11589,135,393577.0,110,13,1371000.0,6,0.011648977478643541,2915.385185185185,3.4834352617149884,0.044444444444444446
AD_0363,Static_Catalog,Flash Sale Campaign,cold,Serum,7492,65,193344.0,52,10,0.0,0,0.008675920982381206,2974.523076923077,0.0,0.0
AD_0364,Video_Review,Retargeting Campaign,warm,Sunscreen,18944,387,159234.0,328,36,842000.0,2,0.020428631756756757,411.4573643410853,5.287815416305563,0.00516795865633075
AD_0365,Static_Catalog,Flash Sale Campaign,cold,Serum,14186,137,485893.0,118,23,1422000.0,6,0.009657408712815452,3546.6642335766423,2.926570253121572,0.043795620437956206
AD_0366,Video_Review,Flash Sale Campaign,cold,Moisturizer,19906,466,168431.0,418,68,0.0,0,0.023410027127499247,361.4399141630901,0.0,0.0
AD_0367,Static_Catalog,Awareness Campaign,cold,Serum,13976,163,464115.0,139,23,1932000.0,8,0.011662850601030337,2847.3312883435583,4.162761384570635,0.049079754601226995
AD_0368,Video_Review,Retargeting Campaign,warm,Cleanser,15155,475,267849.0,418,23,1488000.0,5,0.03134279115803365,563.8926315789473,5.55536888321405,0.010526315789473684
AD_0369,Static_Catalog,Retargeting Campaign,warm,Cleanser,14135,128,443194.0,102,12,0.0,0,0.00905553590378493,3462.453125,0.0,0.0
AD_0370,Static_Catalog,Awareness Campaign,cold,Moisturizer,14927,231,155841.0,207,11,2040000.0,6,0.015475313190862197,674.6363636363636,13.090265077867826,0.025974025974025976
AD_0371,Video_Review,Awareness Campaign,cold,Sunscreen,5628,101,468226.0,90,12,0.0,0,0.017945984363894812,4635.9009900990095,0.0,0.0
AD_0372,Static_Catalog,Retargeting Campaign,warm,Moisturizer,17195,215,428785.0,186,16,1564000.0,6,0.012503634777551615,1994.3488372093022,3.6475156546987417,0.027906976744186046
AD_0373,Video_Review,Retargeting Campaign,warm,Serum,19602,407,343588.0,327,24,650000.0,2,0.020763187429854096,844.1965601965602,1.8918006449584968,0.004914004914004914
AD_0374,Video_Review,Retargeting Campaign,warm,Cleanser,14423,346,146002.0,291,28,586000.0,4,0.02398946127712681,421.97109826589593,4.0136436487171405,0.011560693641618497
AD_0375,Video_Review,Flash Sale Campaign,cold,Sunscreen,17230,546,369956.0,459,76,687000.0,3,0.031688914683691234,677.5750915750916,1.8569775865238027,0.005494505494505495
AD_0376,Video_Review,Retargeting Campaign,warm,Cleanser,11316,241,273423.0,200,35,392000.0,2,0.021297278190173206,1134.5352697095436,1.433676025791539,0.008298755186721992
AD_0377,Video_Review,Retargeting Campaign,warm,Moisturizer,19258,483,453646.0,425,74,437000.0,2,0.025080486031779002,939.2256728778468,0.9633061902893446,0.004140786749482402
AD_0378,Static_Catalog,Awareness Campaign,cold,Cleanser,10075,95,222808.0,80,4,558000.0,2,0.009429280397022333,2345.3473684210526,2.504398405802305,0.021052631578947368
AD_0379,Video_Review,Flash Sale Campaign,cold,Moisturizer,12997,331,365976.0,266,27,630000.0,3,0.02546741555743633,1105.6676737160121,1.7214243556954554,0.00906344410876133
AD_0380,Static_Catalog,Awareness Campaign,cold,Serum,18580,214,288799.0,171,27,975000.0,5,0.011517761033369215,1349.5280373831777,3.376050471088889,0.02336448598130841
AD_0381,Video_Review,Retargeting Campaign,warm,Sunscreen,11028,262,419793.0,233,40,242000.0,1,0.023757707653246283,1602.2633587786258,0.5764745958126981,0.003816793893129771
AD_0382,Static_Catalog,Flash Sale Campaign,cold,Sunscreen,10450,162,226479.0,141,15,0.0,0,0.015502392344497608,1398.0185185185185,0.0,0.0
AD_0383,Video_Review,Awareness Campaign,cold,Cleanser,17014,490,278207.0,400,66,610000.0,3,0.028799811919595627,567.769387755102,2.192611975974724,0.006122448979591836
AD_0384,Video_Review,Awareness Campaign,cold,Moisturizer,9832,260,319571.0,224,15,0.0,0,0.02644426362896664,1229.1192307692309,0.0,0.0
AD_0385,Video_Review,Awareness Campaign,cold,Serum,9610,221,294387.0,186,13,0.0,0,0.02299687825182102,1332.0678733031675,0.0,0.0
AD_0386,Video_Review,Flash Sale Campaign,cold,Cleanser,7406,143,133276.0,126,11,0.0,0,0.019308668647042938,932.0,0.0,0.0
AD_0387,Video_Review,Flash Sale Campaign,cold,Moisturizer,11357,312,494754.0,253,41,0.0,0,0.027472043673505326,1585.75,0.0,0.0
AD_0388,Video_Review,Flash Sale Campaign,cold,Moisturizer,14106,348,447235.0,305,48,213000.0,1,0.02467035304125904,1285.1580459770114,0.47625968450590855,0.0028735632183908046
AD_0389,Video_Review,Retargeting Campaign,warm,Moisturizer,7535,222,388544.0,199,23,0.0,0,0.029462508294625083,1750.1981981981983,0.0,0.0
AD_0390,Video_Review,Flash Sale Campaign,cold,Moisturizer,7240,160,472047.0,141,10,294000.0,1,0.022099447513812154,2950.29375,0.6228193379049121,0.00625
AD_0391,Video_Review,Retargeting Campaign,warm,Sunscreen,6481,192,221950.0,159,14,287000.0,1,0.029625057861441137,1155.9895833333333,1.2930840279342195,0.005208333333333333
AD_0392,Video_Review,Retargeting Campaign,warm,Sunscreen,15566,405,386479.0,363,52,0.0,0,0.02601824489271489,954.2691358024691,0.0,0.0
AD_0393,Static_Catalog,Awareness Campaign,cold,Moisturizer,5139,66,381696.0,55,9,0.0,0,0.01284296555750146,5783.272727272727,0.0,0.0
AD_0394,Static_Catalog,Awareness Campaign,cold,Serum,7049,81,181938.0,70,4,0.0,0,0.011490991630018443,2246.1481481481483,0.0,0.0
AD_0395,Video_Review,Retargeting Campaign,warm,Sunscreen,10765,306,175277.0,268,44,293000.0,1,0.028425452856479332,572.8006535947712,1.6716397473713036,0.0032679738562091504
AD_0396,Static_Catalog,Awareness Campaign,cold,Cleanser,7761,116,125991.0,93,11,0.0,0,0.01494652750934158,1086.1293103448277,0.0,0.0
AD_0397,Static_Catalog,Awareness Campaign,cold,Serum,16533,205,472185.0,175,14,748000.0,2,0.012399443537168087,2303.3414634146343,1.5841248663129917,0.00975609756097561
AD_0398,Video_Review,Awareness Campaign,cold,Cleanser,13399,361,296375.0,312,60,0.0,0,0.026942309127546832,820.983379501385,0.0,0.0
AD_0399,Video_Review,Flash Sale Campaign,cold,Sunscreen,13163,289,211541.0,251,29,392000.0,4,0.02195548127326597,731.9757785467128,1.853068672266842,0.01384083044982699
AD_0400,Static_Catalog,Flash Sale Campaign,cold,Sunscreen,6742,83,112360.0,72,10,0.0,0,0.012310886977158113,1353.7349397590363,0.0,0.0
AD_0401,Static_Catalog,Awareness Campaign,cold,Sunscreen,19700,190,102642.0,154,11,1686000.0,5,0.009644670050761422,540.2210526315789,16.42602443444204,0.02631578947368421
AD_0402,Static_Catalog,Flash Sale Campaign,cold,Sunscreen,8271,104,485633.0,87,5,633000.0,2,0.012574053923346633,4669.548076923077,1.303453430882992,0.019230769230769232
AD_0403,Video_Review,Awareness Campaign,cold,Moisturizer,14304,346,364064.0,284,45,668000.0,2,0.02418903803131991,1052.208092485549,1.8348422255427617,0.005780346820809248
AD_0404,Static_Catalog,Retargeting Campaign,warm,Serum,10285,93,182289.0,81,8,0.0,0,0.00904229460379193,1960.0967741935483,0.0,0.0
AD_0405,Video_Review,Flash Sale Campaign,cold,Moisturizer,9426,267,190009.0,240,20,0.0,0,0.028325907065563337,711.6441947565543,0.0,0.0
AD_0406,Video_Review,Flash Sale Campaign,cold,Moisturizer,18943,517,143764.0,458,73,1503000.0,6,0.02729240352636858,278.073500967118,10.454633983472913,0.01160541586073501
AD_0407,Video_Review,Flash Sale Campaign,cold,Cleanser,9164,170,252353.0,137,16,0.0,0,0.018550851156700132,1484.429411764706,0.0,0.0
AD_0408,Static_Catalog,Flash Sale Campaign,cold,Serum,6629,101,429041.0,88,15,0.0,0,0.015236083873887463,4247.930693069307,0.0,0.0
AD_0409,Video_Review,Flash Sale Campaign,cold,Sunscreen,7869,225,110103.0,202,18,640000.0,2,0.0285932138772398,489.3466666666667,5.812738980772549,0.008888888888888889
AD_0410,Video_Review,Retargeting Campaign,warm,Serum,14786,378,334864.0,335,62,1120000.0,3,0.02556472338698769,885.8835978835979,3.3446414066606143,0.007936507936507936
AD_0411,Static_Catalog,Awareness Campaign,cold,Moisturizer,7817,101,497674.0,87,15,0.0,0,0.012920557758730971,4927.465346534654,0.0,0.0
AD_0412,Video_Review,Retargeting Campaign,warm,Cleanser,14697,439,206133.0,385,53,575000.0,2,0.029870041505069063,469.5512528473804,2.7894611731260883,0.004555808656036446
AD_0413,Static_Catalog,Awareness Campaign,cold,Cleanser,11970,142,393851.0,115,18,403000.0,2,0.011862990810359231,2773.5985915492956,1.0232295969795684,0.014084507042253521
AD_0414,Static_Catalog,Retargeting Campaign,warm,Serum,12103,146,200336.0,119,17,0.0,0,0.012063124845079732,1372.164383561644,0.0,0.0
AD_0415,Video_Review,Flash Sale Campaign,cold,Sunscreen,7802,230,228128.0,191,16,0.0,0,0.029479620610099976,991.8608695652174,0.0,0.0
AD_0416,Video_Review,Retargeting Campaign,warm,Sunscreen,17105,511,342998.0,419,71,910000.0,2,0.029874305758550133,671.2289628180039,2.6530766943247484,0.003913894324853229
AD_0417,Static_Catalog,Awareness Campaign,cold,Cleanser,9854,99,123408.0,80,8,0.0,0,0.010046681550639334,1246.5454545454545,0.0,0.0
AD_0418,Video_Review,Flash Sale Campaign,cold,Moisturizer,17869,525,176240.0,438,52,2622000.0,10,0.029380491353741114,335.6952380952381,14.877439854743532,0.01904761904761905
AD_0419,Video_Review,Retargeting Campaign,warm,Moisturizer,18502,510,332076.0,444,47,541000.0,2,0.027564587612150037,651.1294117647059,1.6291451354509208,0.00392156862745098
AD_0420,Video_Review,Flash Sale Campaign,cold,Moisturizer,11545,294,114955.0,250,18,679000.0,3,0.025465569510610655,391.0034013605442,5.906659127484668,0.01020408163265306
AD_0421,Video_Review,Awareness Campaign,cold,Serum,12081,371,252185.0,309,20,414000.0,2,0.03070937836271832,679.743935309973,1.6416519618534013,0.005390835579514825
AD_0422,Static_Catalog,Retargeting Campaign,warm,Moisturizer,7294,74,197406.0,60,4,717000.0,3,0.010145324924595559,2667.6486486486488,3.6321084465517766,0.04054054054054054
AD_0423,Video_Review,Flash Sale Campaign,cold,Moisturizer,8552,219,180201.0,184,29,666000.0,3,0.02560804490177736,822.8356164383562,3.6958729418815657,0.0136986301369863
AD_0424,Static_Catalog,Awareness Campaign,cold,Serum,9188,112,264044.0,97,12,584000.0,3,0.012189812799303439,2357.535714285714,2.211752586690097,0.026785714285714284
AD_0425,Video_Review,Awareness Campaign,cold,Moisturizer,13160,271,158692.0,237,35,0.0,0,0.020592705167173254,585.5793357933579,0.0,0.0
AD_0426,Video_Review,Retargeting Campaign,warm,Moisturizer,8645,254,427192.0,220,24,121000.0,1,0.029381145170618853,1681.8582677165355,0.2832450045881009,0.003937007874015748
AD_0427,Video_Review,Awareness Campaign,cold,Moisturizer,10893,308,151831.0,269,32,447000.0,3,0.02827503901588176,492.9577922077922,2.944062806673209,0.00974025974025974
AD_0428,Video_Review,Retargeting Campaign,warm,Cleanser,8816,224,373820.0,183,32,1418000.0,5,0.025408348457350273,1668.8392857142858,3.7932694879888715,0.022321428571428572
AD_0429,Video_Review,Awareness Campaign,cold,Sunscreen,11637,316,123185.0,281,22,717000.0,3,0.027154764973790498,389.8259493670886,5.820513861265576,0.00949367088607595
AD_0430,Static_Catalog,Retargeting Campaign,warm,Serum,8406,74,111064.0,66,7,819000.0,3,0.008803235783963836,1500.8648648648648,7.374126629690989,0.04054054054054054
AD_0431,Static_Catalog,Awareness Campaign,cold,Moisturizer,19508,242,179698.0,195,31,994000.0,3,0.01240516711092885,742.5537190082645,5.531502854789703,0.012396694214876033
AD_0432,Static_Catalog,Flash Sale Campaign,cold,Sunscreen,13003,113,307440.0,98,5,463000.0,1,0.00869030223794509,2720.70796460177,1.505984907624252,0.008849557522123894
AD_0433,Static_Catalog,Flash Sale Campaign,cold,Serum,7670,108,275607.0,92,5,0.0,0,0.014080834419817471,2551.9166666666665,0.0,0.0
AD_0434,Static_Catalog,Awareness Campaign,cold,Serum,7854,104,439443.0,84,12,0.0,0,0.01324166030048383,4225.413461538462,0.0,0.0
AD_0435,Video_Review,Awareness Campaign,cold,Sunscreen,13411,313,208944.0,258,36,0.0,0,0.023339050033554545,667.5527156549521,0.0,0.0
AD_0436,Static_Catalog,Awareness Campaign,cold,Cleanser,12876,166,184811.0,140,22,0.0,0,0.012892202547374962,1113.3192771084337,0.0,0.0
AD_0437,Static_Catalog,Retargeting Campaign,warm,Cleanser,14404,143,298237.0,126,19,2157000.0,7,0.009927797833935019,2085.573426573427,7.232503009351623,0.04895104895104895
AD_0438,Static_Catalog,Flash Sale Campaign,cold,Sunscreen,18441,205,330233.0,173,33,0.0,0,0.011116533810530882,1610.8926829268294,0.0,0.0
AD_0439,Static_Catalog,Awareness Campaign,cold,Cleanser,9290,140,193405.0,115,14,0.0,0,0.015069967707212056,1381.4642857142858,0.0,0.0
AD_0440,Static_Catalog,Awareness Campaign,cold,Serum,18142,186,345172.0,163,27,977000.0,5,0.010252452871789218,1855.763440860215,2.8304729236438644,0.026881720430107527
AD_0441,Static_Catalog,Flash Sale Campaign,cold,Sunscreen,13483,149,391207.0,119,10,982000.0,3,0.011050953051991396,2625.55033557047,2.5101800325658794,0.020134228187919462
AD_0442,Video_Review,Retargeting Campaign,warm,Moisturizer,16732,450,478669.0,390,38,0.0,0,0.026894573272770738,1063.7088888888889,0.0,0.0
AD_0443,Static_Catalog,Retargeting Campaign,warm,Sunscreen,9172,131,297415.5,114,19,785000.0,2,0.014282599215002181,2270.3473282442746,2.6394051419646924,0.015267175572519083
AD_0444,Static_Catalog,Awareness Campaign,cold,Cleanser,14867,159,164286.0,139,21,664000.0,2,0.010694827470236094,1033.245283018868,4.041732101335476,0.012578616352201259
AD_0445,Video_Review,Flash Sale Campaign,cold,Moisturizer,18663,441,425488.0,395,72,791000.0,2,0.02362964153673043,964.8253968253969,1.8590418531192419,0.0045351473922902496
AD_0446,Static_Catalog,Awareness Campaign,cold,Sunscreen,7165,61,468753.0,53,5,0.0,0,0.00851360781577111,7684.475409836065,0.0,0.0
AD_0447,Static_Catalog,Flash Sale Campaign,cold,Sunscreen,15706,202,329204.0,169,18,2479000.0,8,0.012861326881446582,1629.7227722772277,7.530285172719651,0.039603960396039604
AD_0448,Video_Review,Awareness Campaign,cold,Moisturizer,7572,176,294387.0,151,28,0.0,0,0.02324352879027998,1672.653409090909,0.0,0.0
AD_0449,Video_Review,Retargeting Campaign,warm,Serum,6338,155,384308.0,139,20,380000.0,1,0.024455664247396654,2479.4064516129033,0.9887902411607357,0.0064516129032258064
AD_0450,Static_Catalog,Awareness Campaign,cold,Serum,11383,132,119610.0,114,12,0.0,0,0.011596240007028025,906.1363636363636,0.0,0.0
AD_0451,Video_Review,Flash Sale Campaign,cold,Sunscreen,5570,155,440968.0,125,16,0.0,0,0.027827648114901255,2844.9548387096775,0.0,0.0
AD_0452,Video_Review,Awareness Campaign,cold,Cleanser,5615,157,161169.0,136,23,0.0,0,0.027960819234194124,1026.5541401273886,0.0,0.0
AD_0453,Static_Catalog,Retargeting Campaign,warm,Serum,12226,164,186795.0,138,21,827000.0,4,0.013414035661704564,1138.9939024390244,4.427313364918761,0.024390243902439025
AD_0454,Static_Catalog,Retargeting Campaign,warm,Sunscreen,11108,105,322128.0,86,16,0.0,0,0.009452646741087504,3067.885714285714,0.0,0.0
AD_0455,Static_Catalog,Retargeting Campaign,warm,Sunscreen,12175,108,451193.0,87,12,519000.0,1,0.008870636550308009,4177.712962962963,1.1502838031618399,0.009259259259259259
AD_0456,Static_Catalog,Flash Sale Campaign,cold,Cleanser,7975,116,421690.0,101,9,902000.0,2,0.014545454545454545,3635.2586206896553,2.1390120704783135,0.017241379310344827
AD_0457,Video_Review,Flash Sale Campaign,cold,Moisturizer,8257,230,152446.0,206,24,0.0,0,0.027855153203342618,662.8086956521739,0.0,0.0
AD_0458,Static_Catalog,Flash Sale Campaign,cold,Moisturizer,12750,143,135903.0,127,12,714000.0,3,0.011215686274509805,950.3706293706293,5.253747157899384,0.02097902097902098
AD_0460,Static_Catalog,Flash Sale Campaign,cold,Moisturizer,15775,182,306903.0,148,12,2047000.0,6,0.011537242472266245,1686.2802197802198,6.669859858000736,0.03296703296703297
AD_0461,Static_Catalog,Awareness Campaign,cold,Serum,18803,206,289052.0,171,33,0.0,0,0.010955698558740627,1403.1650485436894,0.0,0.0
AD_0462,Static_Catalog,Retargeting Campaign,warm,Serum,19453,284,297415.5,234,15,4476000.0,14,0.014599290597851231,1047.237676056338,15.049652758514604,0.04929577464788732
AD_0463,Video_Review,Flash Sale Campaign,cold,Sunscreen,6289,157,253837.0,130,6,0.0,0,0.0249642232469391,1616.7961783439491,0.0,0.0
AD_0464,Video_Review,Retargeting Campaign,warm,Sunscreen,16182,379,352084.0,319,37,292000.0,1,0.02342108515634656,928.9815303430079,0.8293475420638257,0.002638522427440633
AD_0465,Static_Catalog,Awareness Campaign,cold,Moisturizer,15080,220,240558.0,176,12,0.0,0,0.014588859416445624,1093.4454545454546,0.0,0.0
AD_0466,Static_Catalog,Awareness Campaign,cold,Moisturizer,18994,231,281068.0,201,24,912000.0,4,0.012161735284826787,1216.7445887445888,3.244766391051276,0.017316017316017316
AD_0467,Static_Catalog,Retargeting Campaign,warm,Sunscreen,11143,126,290246.0,106,17,249000.0,1,0.011307547339136678,2303.5396825396824,0.8578929597651648,0.007936507936507936
AD_0468,Video_Review,Retargeting Campaign,warm,Cleanser,6252,157,244972.0,134,16,694000.0,3,0.02511196417146513,1560.3312101910828,2.832976830005062,0.01910828025477707
AD_0469,Static_Catalog,Flash Sale Campaign,cold,Serum,18084,238,365406.0,203,15,2991000.0,10,0.013160805131608052,1535.3193277310925,8.185415674619465,0.04201680672268908
AD_0470,Static_Catalog,Retargeting Campaign,warm,Sunscreen,9785,145,2652109.0,129,25,0.0,0,0.01481859989780276,18290.406896551725,0.0,0.0
AD_0471,Static_Catalog,Retargeting Campaign,warm,Moisturizer,18145,200,434923.0,171,30,1426000.0,6,0.011022320198401764,2174.615,3.278741294436027,0.03
AD_0472,Static_Catalog,Flash Sale Campaign,cold,Moisturizer,9820,144,251014.0,123,20,0.0,0,0.014663951120162933,1743.1527777777778,0.0,0.0
AD_0473,Static_Catalog,Awareness Campaign,cold,Sunscreen,9547,131,405077.0,108,14,0.0,0,0.013721587933382214,3092.1908396946565,0.0,0.0
AD_0474,Static_Catalog,Awareness Campaign,cold,Moisturizer,12850,111,439629.0,95,17,1281000.0,3,0.008638132295719844,3960.6216216216217,2.913820516844885,0.02702702702702703
AD_0475,Video_Review,Flash Sale Campaign,cold,Sunscreen,12592,353,182806.0,299,34,443000.0,2,0.02803367217280813,517.8640226628895,2.423334026235463,0.0056657223796034
AD_0476,Video_Review,Awareness Campaign,cold,Serum,8756,246,332204.0,213,35,414000.0,1,0.028095020557332116,1350.4227642276423,1.246222200816366,0.0040650406504065045
AD_0477,Static_Catalog,Flash Sale Campaign,cold,Moisturizer,9761,136,409718.0,117,10,897000.0,3,0.013932998668169244,3012.6323529411766,2.189310696625484,0.022058823529411766
AD_0478,Video_Review,Awareness Campaign,cold,Cleanser,14259,254,375553.0,208,20,0.0,0,0.017813310891366858,1478.5551181102362,0.0,0.0
AD_0479,Static_Catalog,Awareness Campaign,cold,Moisturizer,16536,211,152265.0,177,28,0.0,0,0.01276003870343493,721.6350710900474,0.0,0.0
AD_0480,Video_Review,Flash Sale Campaign,cold,Sunscreen,15615,490,276469.0,395,20,0.0,0,0.0313800832532821,564.2224489795918,0.0,0.0
AD_0481,Static_Catalog,Flash Sale Campaign,cold,Serum,17378,182,324404.0,163,24,1670000.0,6,0.010473011854068362,1782.4395604395604,5.147901998742309,0.03296703296703297
AD_0482,Static_Catalog,Flash Sale Campaign,cold,Sunscreen,6051,87,176918.0,74,9,0.0,0,0.014377788795240456,2033.5402298850574,0.0,0.0
AD_0483,Video_Review,Retargeting Campaign,warm,Serum,7307,202,326256.0,175,25,0.0,0,0.027644724237032983,1615.1287128712872,0.0,0.0
AD_0484,Static_Catalog,Retargeting Campaign,warm,Sunscreen,13039,138,301499.0,114,11,0.0,0,0.01058363371424189,2184.7753623188405,0.0,0.0
AD_0485,Static_Catalog,Awareness Campaign,cold,Sunscreen,11005,97,294387.0,79,12,0.0,0,0.008814175374829623,3034.917525773196,0.0,0.0
AD_0486,Video_Review,Flash Sale Campaign,cold,Cleanser,14678,367,428953.0,293,17,365000.0,2,0.025003406458645593,1168.809264305177,0.8509090739544892,0.005449591280653951
AD_0487,Static_Catalog,Awareness Campaign,cold,Serum,15002,157,318306.0,137,7,2470000.0,9,0.010465271297160378,2027.4267515923566,7.75982859261214,0.05732484076433121
AD_0488,Static_Catalog,Flash Sale Campaign,cold,Sunscreen,11305,164,440401.0,145,27,2440000.0,8,0.014506855373728438,2685.371951219512,5.540405221604855,0.04878048780487805
AD_0489,Video_Review,Flash Sale Campaign,cold,Cleanser,16793,340,386073.0,292,52,1257000.0,4,0.02024653129280057,1135.5088235294118,3.2558609382163475,0.011764705882352941
AD_0490,Static_Catalog,Retargeting Campaign,warm,Moisturizer,13185,139,154195.0,121,17,354000.0,1,0.010542282897231702,1109.31654676259,2.2957942864554624,0.007194244604316547
AD_0491,Video_Review,Awareness Campaign,cold,Serum,12279,255,272502.0,220,41,0.0,0,0.02076716344979233,1068.6352941176472,0.0,0.0
AD_0492,Static_Catalog,Flash Sale Campaign,cold,Serum,18815,212,153592.0,189,11,670000.0,4,0.011267605633802818,724.4905660377359,4.362206364914839,0.018867924528301886
AD_0493,Static_Catalog,Flash Sale Campaign,cold,Moisturizer,8716,102,343767.0,82,11,0.0,0,0.011702615878843506,3370.264705882353,0.0,0.0
AD_0494,Video_Review,Awareness Campaign,cold,Moisturizer,15551,279,212669.0,247,20,0.0,0,0.01794096842646775,762.2544802867384,0.0,0.0
AD_0495,Video_Review,Flash Sale Campaign,cold,Serum,9504,170,393561.0,143,14,0.0,0,0.017887205387205386,2315.064705882353,0.0,0.0
AD_0496,Static_Catalog,Flash Sale Campaign,cold,Sunscreen,12558,125,322820.0,107,9,1115000.0,4,0.009953814301640388,2582.56,3.4539371786134687,0.032
AD_0497,Static_Catalog,Flash Sale Campaign,cold,Serum,15869,235,147111.0,191,11,407000.0,2,0.014808746612893062,626.0042553191489,2.766618403790335,0.00851063829787234
AD_0498,Video_Review,Retargeting Campaign,warm,Serum,11591,286,479653.0,244,18,0.0,0,0.024674316279872315,1677.1083916083917,0.0,0.0
AD_0499,Static_Catalog,Awareness Campaign,cold,Sunscreen,9462,100,356674.0,80,12,130000.0,1,0.01056859015007398,3566.74,0.3644784873582039,0.01
AD_0500,Video_Review,Retargeting Campaign,warm,Moisturizer,12982,319,242867.0,263,38,0.0,0,0.02457248497920197,761.3385579937304,0.0,0.0
AD_0501,Static_Catalog,Retargeting Campaign,warm,Serum,14677,130,297415.5,107,13,0.0,0,0.008857395925597875,2287.8115384615385,0.0,0.0
AD_0502,Video_Review,Flash Sale Campaign,cold,Sunscreen,6939,178,140863.0,159,9,0.0,0,0.025652111255224097,791.3651685393259,0.0,0.0
AD_0503,Video_Review,Awareness Campaign,cold,Moisturizer,12184,294,222019.0,247,37,0.0,0,0.024130006565988182,755.1666666666666,0.0,0.0
AD_0504,Static_Catalog,Retargeting Campaign,warm,Moisturizer,5807,55,235899.0,48,3,307000.0,1,0.009471327707938695,4289.072727272727,1.301404414601164,0.01818181818181818
AD_0505,Static_Catalog,Retargeting Campaign,warm,Cleanser,7757,82,300462.0,71,13,543000.0,3,0.010571097073610931,3664.170731707317,1.8072168859955668,0.036585365853658534
AD_0506,Static_Catalog,Awareness Campaign,cold,Serum,7418,82,351004.0,70,7,859000.0,2,0.011054192504718252,4280.536585365854,2.4472655582272567,0.024390243902439025
AD_0507,Static_Catalog,Retargeting Campaign,warm,Serum,5422,74,137034.0,65,9,0.0,0,0.01364810033198082,1851.8108108108108,0.0,0.0
AD_0508,Static_Catalog,Retargeting Campaign,warm,Serum,13763,153,193078.0,130,14,1150000.0,3,0.011116762333793504,1261.9477124183006,5.956142077295186,0.0196078431372549
AD_0509,Static_Catalog,Flash Sale Campaign,cold,Cleanser,16417,205,307440.0,182,24,584000.0,2,0.012487056100383748,1499.7073170731708,1.8995576372625553,0.00975609756097561
AD_0510,Video_Review,Retargeting Campaign,warm,Sunscreen,16667,350,404082.0,292,43,0.0,0,0.020999580008399833,1154.52,0.0,0.0
AD_0511,Static_Catalog,Retargeting Campaign,warm,Sunscreen,9806,101,262793.0,81,11,1593000.0,4,0.01029981643891495,2601.910891089109,6.06180529922791,0.039603960396039604
AD_0512,Video_Review,Flash Sale Campaign,cold,Serum,16032,324,412402.0,287,32,193000.0,1,0.020209580838323353,1272.8456790123457,0.46798997095067435,0.0030864197530864196
AD_0513,Video_Review,Flash Sale Campaign,cold,Serum,19782,570,166253.0,497,76,1883000.0,6,0.02881407340006066,291.6719298245614,11.326111408515937,0.010526315789473684
AD_0514,Video_Review,Retargeting Campaign,warm,Sunscreen,15307,344,208297.0,283,15,0.0,0,0.022473378192983604,605.5145348837209,0.0,0.0
AD_0515,Video_Review,Awareness Campaign,cold,Serum,12695,275,278296.0,231,13,620000.0,3,0.021662071681764473,1011.9854545454546,2.2278437347284905,0.01090909090909091
AD_0516,Video_Review,Flash Sale Campaign,cold,Cleanser,8012,228,409509.0,200,19,0.0,0,0.028457314028956564,1796.092105263158,0.0,0.0
AD_0517,Static_Catalog,Flash Sale Campaign,cold,Cleanser,12877,158,498138.0,134,18,1494000.0,7,0.012269938650306749,3152.772151898734,2.9991689050022283,0.04430379746835443
AD_0518,Video_Review,Flash Sale Campaign,cold,Sunscreen,7059,166,128202.0,146,12,0.0,0,0.023516078764697548,772.3012048192771,0.0,0.0
AD_0519,Video_Review,Awareness Campaign,cold,Cleanser,9843,179,456427.0,148,13,137000.0,1,0.018185512546987706,2549.8715083798884,0.30015752792889117,0.00558659217877095
AD_0520,Video_Review,Retargeting Campaign,warm,Serum,18556,527,297415.5,442,57,1761000.0,6,0.028400517352877776,564.3557874762809,5.921009496815062,0.011385199240986717
AD_0521,Static_Catalog,Flash Sale Campaign,cold,Moisturizer,12478,118,441651.0,103,10,0.0,0,0.009456643692899502,3742.8050847457625,0.0,0.0
AD_0522,Static_Catalog,Retargeting Campaign,warm,Serum,16141,139,378572.0,115,19,584000.0,2,0.00861161018524255,2723.539568345324,1.542639180921991,0.014388489208633094
AD_0523,Static_Catalog,Flash Sale Campaign,cold,Serum,7691,114,297539.0,92,6,0.0,0,0.014822519828370823,2609.9912280701756,0.0,0.0
AD_0524,Static_Catalog,Retargeting Campaign,warm,Serum,13339,176,141347.0,142,8,2704000.0,9,0.013194392383237124,803.1079545454545,19.13022561497591,0.05113636363636364
AD_0525,Video_Review,Flash Sale Campaign,cold,Serum,8859,190,327105.0,152,17,0.0,0,0.021447115927305565,1721.6052631578948,0.0,0.0
AD_0526,Static_Catalog,Flash Sale Campaign,cold,Sunscreen,14374,188,307288.0,159,23,954000.0,5,0.013079170724919995,1634.5106382978724,3.1045794173544037,0.026595744680851064
AD_0527,Static_Catalog,Flash Sale Campaign,cold,Moisturizer,6161,70,462811.0,60,7,0.0,0,0.011361791916896609,6611.585714285714,0.0,0.0
AD_0528,Video_Review,Retargeting Campaign,warm,Sunscreen,12002,310,283622.0,248,42,590000.0,4,0.025829028495250792,914.9096774193548,2.0802335502887646,0.012903225806451613
AD_0529,Video_Review,Flash Sale Campaign,cold,Moisturizer,11654,240,450918.0,198,35,0.0,0,0.020593787540758537,1878.825,0.0,0.0
AD_0530,Video_Review,Flash Sale Campaign,cold,Serum,14498,437,280418.0,379,52,0.0,0,0.030142088563939854,641.6887871853547,0.0,0.0
AD_0531,Static_Catalog,Retargeting Campaign,warm,Moisturizer,12845,121,424703.0,99,15,1360000.0,6,0.009420007785130401,3509.9421487603304,3.2022377991207973,0.049586776859504134
AD_0532,Static_Catalog,Awareness Campaign,cold,Moisturizer,9350,82,330636.0,70,12,0.0,0,0.008770053475935829,4032.1463414634145,0.0,0.0
AD_0533,Video_Review,Flash Sale Campaign,cold,Sunscreen,10593,279,367687.0,226,12,922000.0,3,0.026338147833474938,1317.8745519713261,2.5075675778583415,0.010752688172043012
AD_0534,Video_Review,Retargeting Campaign,warm,Cleanser,14206,383,128992.0,332,52,1473000.0,4,0.026960439251020697,336.79373368146213,11.419312825601589,0.010443864229765013
AD_0535,Static_Catalog,Retargeting Campaign,warm,Sunscreen,14452,205,132083.0,175,21,2027000.0,6,0.014184887904788265,644.3073170731707,15.34641096886049,0.02926829268292683
AD_0536,Static_Catalog,Retargeting Campaign,warm,Serum,8981,127,326453.0,103,16,0.0,0,0.014140964257877742,2570.496062992126,0.0,0.0
AD_0537,Video_Review,Retargeting Campaign,warm,Serum,9535,280,493120.0,247,35,533000.0,1,0.029365495542737284,1761.142857142857,1.0808728098637248,0.0035714285714285713
AD_0538,Video_Review,Retargeting Campaign,warm,Sunscreen,10060,275,291591.0,223,25,209000.0,2,0.027335984095427434,1060.330909090909,0.7167573759135227,0.007272727272727273
AD_0539,Static_Catalog,Retargeting Campaign,warm,Serum,7364,80,335295.0,70,13,0.0,0,0.010863661053775122,4191.1875,0.0,0.0
AD_0540,Static_Catalog,Retargeting Campaign,warm,Sunscreen,8866,100,346375.0,82,7,525000.0,2,0.011279043537108053,3463.75,1.5156983038614218,0.02
AD_0541,Video_Review,Flash Sale Campaign,cold,Moisturizer,9571,204,443989.0,165,28,410000.0,1,0.021314387211367674,2176.4166666666665,0.9234463015975621,0.004901960784313725
AD_0542,Static_Catalog,Awareness Campaign,cold,Sunscreen,7325,104,140542.0,87,12,0.0,0,0.014197952218430034,1351.3653846153845,0.0,0.0
AD_0544,Static_Catalog,Retargeting Campaign,warm,Serum,6986,99,257753.0,83,8,516000.0,2,0.014171199541941026,2603.5656565656564,2.0019165635317533,0.020202020202020204
AD_0545,Static_Catalog,Retargeting Campaign,warm,Moisturizer,12231,114,409378.0,99,14,0.0,0,0.009320578857002697,3591.035087719298,0.0,0.0
AD_0546,Video_Review,Awareness Campaign,cold,Cleanser,11085,359,237900.0,315,47,705000.0,2,0.03238610735227785,662.6740947075209,2.9634300126103406,0.005571030640668524
AD_0547,Static_Catalog,Awareness Campaign,cold,Serum,19117,192,448103.0,156,30,998000.0,3,0.010043416854108908,2333.8697916666665,2.227166521982669,0.015625
AD_0548,Video_Review,Flash Sale Campaign,cold,Serum,11232,211,186226.0,186,36,341000.0,1,0.018785612535612537,882.5876777251185,1.83110843813431,0.004739336492890996
AD_0549,Video_Review,Flash Sale Campaign,cold,Sunscreen,7657,191,307440.0,158,22,551000.0,2,0.02494449523312002,1609.6335078534032,1.7922196200884726,0.010471204188481676
AD_0550,Static_Catalog,Awareness Campaign,cold,Sunscreen,10957,162,329638.0,139,16,0.0,0,0.014785068905722369,2034.8024691358025,0.0,0.0
AD_0551,Static_Catalog,Awareness Campaign,cold,Cleanser,13106,198,318532.0,158,15,506000.0,2,0.015107584312528613,1608.7474747474748,1.588537415393116,0.010101010101010102
AD_0552,Video_Review,Awareness Campaign,cold,Moisturizer,17355,479,1840716.0,427,64,0.0,0,0.027600115240564677,3842.830897703549,0.0,0.0
AD_0553,Static_Catalog,Retargeting Campaign,warm,Sunscreen,10569,133,458766.0,110,18,0.0,0,0.01258397199356609,3449.3684210526317,0.0,0.0
AD_0554,Video_Review,Awareness Campaign,cold,Sunscreen,10618,290,395184.0,235,15,795000.0,2,0.027312111508758712,1362.703448275862,2.011721122312644,0.006896551724137931
AD_0555,Video_Review,Awareness Campaign,cold,Moisturizer,7946,139,477338.0,120,13,258000.0,1,0.017493078278379058,3434.0863309352517,0.5404975091025647,0.007194244604316547
AD_0556,Static_Catalog,Retargeting Campaign,warm,Serum,10590,138,131728.0,112,13,1772000.0,6,0.013031161473087818,954.5507246376811,13.451961617879267,0.043478260869565216
AD_0557,Video_Review,Flash Sale Campaign,cold,Cleanser,15864,307,180820.0,266,14,75000.0,1,0.019351991931417047,588.9902280130293,0.4147771264240681,0.003257328990228013
AD_0558,Static_Catalog,Flash Sale Campaign,cold,Serum,12345,181,307440.0,146,12,1280000.0,5,0.014661806399351964,1698.5635359116022,4.163413999479573,0.027624309392265192
AD_0559,Video_Review,Retargeting Campaign,warm,Cleanser,17061,336,297415.5,278,19,469000.0,3,0.019694039036398804,885.1651785714286,1.5769184860910073,0.008928571428571428
AD_0560,Video_Review,Flash Sale Campaign,cold,Sunscreen,10622,335,128633.0,283,35,237000.0,1,0.03153831670118622,383.97910447761194,1.8424510040191864,0.0029850746268656717
AD_0561,Static_Catalog,Retargeting Campaign,warm,Serum,11411,163,195761.0,135,10,0.0,0,0.014284462360879853,1200.9877300613498,0.0,0.0
AD_0562,Video_Review,Awareness Campaign,cold,Moisturizer,19012,445,369355.0,357,39,1424000.0,5,0.023406269724384598,830.0112359550562,3.855369495471836,0.011235955056179775
AD_0563,Video_Review,Awareness Campaign,cold,Serum,14928,461,499305.0,406,78,1588000.0,5,0.03088156484458735,1083.0911062906725,3.1804207848909987,0.010845986984815618
AD_0564,Video_Review,Flash Sale Campaign,cold,Sunscreen,14974,312,255918.0,268,14,137000.0,1,0.020836115934286095,820.25,0.5353277221610047,0.003205128205128205
AD_0565,Video_Review,Retargeting Campaign,warm,Serum,16963,488,191321.0,411,23,692000.0,3,0.02876849613865472,392.05122950819674,3.6169578875293356,0.006147540983606557
AD_0566,Static_Catalog,Retargeting Campaign,warm,Sunscreen,11748,104,248929.0,91,13,90000.0,1,0.008852570650323459,2393.548076923077,0.3615488753821371,0.009615384615384616
AD_0567,Video_Review,Awareness Campaign,cold,Sunscreen,10982,281,294387.0,230,33,757000.0,3,0.025587324713167,1047.6405693950178,2.5714450706043404,0.010676156583629894
AD_0568,Video_Review,Awareness Campaign,cold,Serum,9774,286,266964.0,243,20,0.0,0,0.029261305504399426,933.4405594405595,0.0,0.0
AD_0569,Video_Review,Flash Sale Campaign,cold,Serum,9395,198,111781.0,166,29,131000.0,1,0.021075039914848322,564.5505050505051,1.1719344074574392,0.005050505050505051
AD_0570,Video_Review,Awareness Campaign,cold,Sunscreen,13531,333,142674.0,268,16,0.0,0,0.024610154460128594,428.45045045045043,0.0,0.0
AD_0571,Video_Review,Flash Sale Campaign,cold,Cleanser,10899,232,165524.0,186,12,295000.0,1,0.021286356546472155,713.4655172413793,1.782218892728547,0.004310344827586207
AD_0572,Video_Review,Retargeting Campaign,warm,Serum,16643,302,306314.0,259,30,0.0,0,0.018145766989124557,1014.2847682119206,0.0,0.0
AD_0573,Static_Catalog,Awareness Campaign,cold,Moisturizer,16915,157,130063.0,136,10,0.0,0,0.009281702630801063,828.4267515923567,0.0,0.0
AD_0575,Video_Review,Awareness Campaign,cold,Cleanser,9206,218,180863.0,174,17,0.0,0,0.02368020855963502,829.6467889908257,0.0,0.0
AD_0576,Static_Catalog,Retargeting Campaign,warm,Moisturizer,14733,201,341071.0,163,20,985000.0,2,0.01364284259824883,1696.870646766169,2.8879617440356995,0.009950248756218905
AD_0577,Static_Catalog,Awareness Campaign,cold,Moisturizer,9897,131,331414.0,106,10,0.0,0,0.013236334242699809,2529.8778625954196,0.0,0.0
AD_0578,Static_Catalog,Flash Sale Campaign,cold,Moisturizer,10786,156,400340.0,135,26,761000.0,2,0.014463193027999258,2566.2820512820513,1.9008842483888695,0.01282051282051282
AD_0579,Static_Catalog,Awareness Campaign,cold,Cleanser,14082,217,418903.0,190,19,2077000.0,6,0.015409742934242295,1930.4285714285713,4.958188411159624,0.027649769585253458
AD_0580,Static_Catalog,Flash Sale Campaign,cold,Cleanser,9938,88,414493.0,70,10,184000.0,1,0.008854900382370698,4710.147727272727,0.44391582005003705,0.011363636363636364
AD_0581,Video_Review,Retargeting Campaign,warm,Sunscreen,6366,165,467119.0,142,23,0.0,0,0.025918944392082942,2831.0242424242424,0.0,0.0
AD_0582,Static_Catalog,Awareness Campaign,cold,Serum,9261,136,355719.0,110,12,629000.0,2,0.014685239175035093,2615.580882352941,1.7682496577354598,0.014705882352941176
AD_0583,Video_Review,Retargeting Campaign,warm,Sunscreen,10014,263,297415.5,226,30,0.0,0,0.026263231475933693,1130.8574144486693,0.0,0.0
AD_0584,Video_Review,Awareness Campaign,cold,Moisturizer,11908,248,365303.0,216,11,0.0,0,0.020826335236815586,1472.9959677419354,0.0,0.0
AD_0585,Static_Catalog,Retargeting Campaign,warm,Sunscreen,16562,221,134924.0,185,14,0.0,0,0.013343799058084773,610.5158371040724,0.0,0.0
AD_0586,Video_Review,Awareness Campaign,cold,Moisturizer,11772,216,304827.0,183,17,0.0,0,0.01834862385321101,1411.236111111111,0.0,0.0
AD_0587,Static_Catalog,Retargeting Campaign,warm,Moisturizer,9597,86,469738.0,73,13,0.0,0,0.008961133687610711,5462.069767441861,0.0,0.0
AD_0588,Video_Review,Flash Sale Campaign,cold,Moisturizer,11079,285,172572.0,231,20,0.0,0,0.025724343352288112,605.5157894736842,0.0,0.0
AD_0589,Video_Review,Awareness Campaign,cold,Cleanser,14953,402,294454.0,338,54,516000.0,2,0.026884237276800643,732.4726368159204,1.7523959599801666,0.004975124378109453
AD_0590,Video_Review,Flash Sale Campaign,cold,Moisturizer,6871,140,232534.0,117,13,0.0,0,0.02037549119487702,1660.9571428571428,0.0,0.0
AD_0591,Video_Review,Awareness Campaign,cold,Serum,14016,262,184518.0,228,37,0.0,0,0.018692922374429224,704.2671755725191,0.0,0.0
AD_0592,Static_Catalog,Awareness Campaign,cold,Cleanser,7478,63,472926.0,55,5,0.0,0,0.00842471248997058,7506.761904761905,0.0,0.0
AD_0593,Video_Review,Retargeting Campaign,warm,Cleanser,13008,400,196502.0,346,59,631000.0,2,0.03075030750307503,491.255,3.21116324515781,0.005
AD_0594,Video_Review,Flash Sale Campaign,cold,Serum,14788,418,362210.0,336,28,893000.0,4,0.02826616175277252,866.5311004784689,2.4654206123519504,0.009569377990430622
AD_0595,Video_Review,Awareness Campaign,cold,Serum,12465,378,350231.0,318,32,1017000.0,4,0.03032490974729242,926.5370370370371,2.9037977791800267,0.010582010582010581
AD_0596,Video_Review,Awareness Campaign,cold,Cleanser,7571,156,294387.0,134,25,0.0,0,0.020604939902258618,1887.0961538461538,0.0,0.0
AD_0597,Video_Review,Retargeting Campaign,warm,Serum,11232,222,387507.0,186,12,389000.0,1,0.019764957264957264,1745.527027027027,1.0038528336262313,0.0045045045045045045
AD_0598,Video_Review,Retargeting Campaign,warm,Moisturizer,8129,230,177506.0,191,21,501000.0,1,0.028293763070488375,771.7652173913043,2.822439804851667,0.004347826086956522
AD_0599,Static_Catalog,Retargeting Campaign,warm,Cleanser,17042,143,494109.0,117,19,1373000.0,5,0.008391033916207017,3455.3076923076924,2.7787391041247984,0.03496503496503497
AD_0600,Video_Review,Awareness Campaign,cold,Cleanser,11326,222,105586.0,198,21,120000.0,1,0.019600918241214904,475.6126126126126,1.1365143106093611,0.0045045045045045045
AD_0601,Video_Review,Flash Sale Campaign,cold,Moisturizer,11327,336,307440.0,279,47,490000.0,2,0.029663635561048823,915.0,1.5938069216757742,0.005952380952380952
AD_0602,Video_Review,Retargeting Campaign,warm,Moisturizer,17785,384,424101.0,333,63,399000.0,2,0.021591228563396122,1104.4296875,0.9408136269426387,0.005208333333333333
AD_0603,Video_Review,Awareness Campaign,cold,Serum,12037,266,219682.0,217,11,456000.0,1,0.02209852953393703,825.8721804511279,2.0757276426835154,0.0037593984962406013
AD_0604,Static_Catalog,Flash Sale Campaign,cold,Serum,6894,95,343015.0,84,7,0.0,0,0.013780098636495503,3610.684210526316,0.0,0.0
AD_0605,Video_Review,Retargeting Campaign,warm,Sunscreen,7190,134,292898.0,109,6,357000.0,1,0.018636995827538246,2185.805970149254,1.2188543451986698,0.007462686567164179
AD_0606,Video_Review,Flash Sale Campaign,cold,Moisturizer,10158,203,170474.0,176,25,0.0,0,0.01998424886788738,839.7733990147783,0.0,0.0
AD_0607,Video_Review,Flash Sale Campaign,cold,Cleanser,19002,558,273615.0,492,76,470000.0,3,0.029365329965266813,490.3494623655914,1.7177420828536447,0.005376344086021506
AD_0608,Static_Catalog,Retargeting Campaign,warm,Sunscreen,18516,278,213758.0,246,39,1418000.0,5,0.015014041909699719,768.9136690647482,6.633669850952947,0.017985611510791366
AD_0609,Static_Catalog,Flash Sale Campaign,cold,Serum,10150,155,466862.0,137,11,0.0,0,0.015270935960591134,3012.0129032258064,0.0,0.0
AD_0610,Static_Catalog,Flash Sale Campaign,cold,Sunscreen,15033,210,337919.0,180,35,0.0,0,0.013969267611255238,1609.1380952380953,0.0,0.0
AD_0611,Video_Review,Awareness Campaign,cold,Moisturizer,17573,398,254721.0,325,38,807000.0,2,0.022648381039094063,640.0025125628141,3.168172235504729,0.005025125628140704
AD_0612,Static_Catalog,Flash Sale Campaign,cold,Sunscreen,7061,109,131105.0,87,13,1263000.0,5,0.015436906953689279,1202.7981651376147,9.633499866519202,0.045871559633027525
AD_0613,Static_Catalog,Retargeting Campaign,warm,Moisturizer,6045,59,370095.0,52,7,0.0,0,0.009760132340777503,6272.796610169492,0.0,0.0
AD_0614,Static_Catalog,Flash Sale Campaign,cold,Moisturizer,13054,139,307440.0,125,14,0.0,0,0.010648077217711046,2211.798561151079,0.0,0.0
AD_0615,Video_Review,Flash Sale Campaign,cold,Moisturizer,12953,226,463107.0,192,17,204000.0,1,0.017447695514552615,2049.146017699115,0.4405029507219714,0.004424778761061947
AD_0616,Video_Review,Retargeting Campaign,warm,Sunscreen,17566,552,100215.0,458,39,0.0,0,0.03142434247979051,181.54891304347825,0.0,0.0
AD_0617,Video_Review,Flash Sale Campaign,cold,Sunscreen,17345,332,391043.0,296,19,0.0,0,0.019140962813490918,1177.8403614457832,0.0,0.0
AD_0618,Static_Catalog,Retargeting Campaign,warm,Sunscreen,18703,265,348780.0,231,35,2415000.0,8,0.014168849917125595,1316.1509433962265,6.92413555823155,0.03018867924528302
AD_0619,Video_Review,Awareness Campaign,cold,Serum,18445,325,294387.0,277,15,481000.0,2,0.017619951206288967,905.8061538461538,1.6339036710180816,0.006153846153846154
AD_0620,Static_Catalog,Flash Sale Campaign,cold,Cleanser,9565,134,219875.0,120,21,1083000.0,3,0.014009409304756927,1640.858208955224,4.92552586696987,0.022388059701492536
AD_0621,Video_Review,Flash Sale Campaign,cold,Moisturizer,8867,282,329047.0,248,24,939000.0,2,0.03180331566482463,1166.8333333333333,2.8536956726546663,0.0070921985815602835
AD_0622,Static_Catalog,Flash Sale Campaign,cold,Serum,10440,105,406606.0,85,9,0.0,0,0.010057471264367816,3872.4380952380952,0.0,0.0
AD_0623,Static_Catalog,Awareness Campaign,cold,Sunscreen,8605,132,118557.0,112,11,1712000.0,6,0.015339918651946543,898.1590909090909,14.440311411388615,0.045454545454545456
AD_0624,Video_Review,Retargeting Campaign,warm,Moisturizer,10830,350,330693.0,291,21,253000.0,1,0.032317636195752536,944.8371428571429,0.7650600405814456,0.002857142857142857
AD_0625,Static_Catalog,Retargeting Campaign,warm,Cleanser,13107,112,193297.0,91,15,0.0,0,0.008545052262149997,1725.8660714285713,0.0,0.0
AD_0626,Video_Review,Awareness Campaign,cold,Serum,13362,381,470191.0,311,55,0.0,0,0.0285136955545577,1234.0971128608924,0.0,0.0
AD_0627,Static_Catalog,Retargeting Campaign,warm,Cleanser,12823,191,292376.0,168,33,3019000.0,8,0.014895110348592373,1530.764397905759,10.325744931184502,0.041884816753926704
AD_0628,Static_Catalog,Awareness Campaign,cold,Sunscreen,16196,181,178863.0,147,22,897000.0,3,0.01117559891331193,988.1933701657458,5.0150114892403685,0.016574585635359115
AD_0629,Video_Review,Retargeting Campaign,warm,Serum,8861,242,406024.0,209,15,122000.0,1,0.02731068728134522,1677.7851239669421,0.30047484877741215,0.004132231404958678
AD_0630,Static_Catalog,Awareness Campaign,cold,Serum,10398,158,352364.0,141,27,0.0,0,0.015195229851894596,2230.1518987341774,0.0,0.0
AD_0631,Video_Review,Retargeting Campaign,warm,Moisturizer,13895,267,201444.0,217,35,0.0,0,0.019215545160129542,754.4719101123595,0.0,0.0
AD_0632,Video_Review,Awareness Campaign,cold,Cleanser,6357,156,210114.0,134,10,516000.0,2,0.024539877300613498,1346.8846153846155,2.455809703303921,0.01282051282051282
AD_0633,Video_Review,Retargeting Campaign,warm,Moisturizer,12481,335,274673.0,298,51,0.0,0,0.02684079801297973,819.9194029850746,0.0,0.0
AD_0634,Static_Catalog,Awareness Campaign,cold,Serum,8081,76,235393.0,66,8,0.0,0,0.009404776636554882,3097.2763157894738,0.0,0.0
AD_0635,Static_Catalog,Awareness Campaign,cold,Moisturizer,12801,159,469359.0,138,14,2891000.0,10,0.01242090461682681,2951.943396226415,6.159464290660241,0.06289308176100629
AD_0636,Video_Review,Flash Sale Campaign,cold,Cleanser,11593,285,317726.0,231,42,0.0,0,0.024583800569309065,1114.8280701754386,0.0,0.0
AD_0637,Video_Review,Flash Sale Campaign,cold,Moisturizer,7992,242,389304.0,208,17,0.0,0,0.03028028028028028,1608.6942148760331,0.0,0.0
AD_0638,Video_Review,Retargeting Campaign,warm,Moisturizer,9704,182,356228.0,161,17,981000.0,2,0.01875515251442704,1957.2967032967033,2.7538542731059885,0.01098901098901099
AD_0639,Video_Review,Retargeting Campaign,warm,Cleanser,11212,292,191229.0,239,38,0.0,0,0.026043524794862646,654.8938356164383,0.0,0.0
AD_0640,Video_Review,Awareness Campaign,cold,Serum,7912,161,493711.0,133,18,0.0,0,0.020348837209302327,3066.527950310559,0.0,0.0
AD_0641,Static_Catalog,Awareness Campaign,cold,Moisturizer,14505,174,173591.0,149,8,370000.0,3,0.011995863495346433,997.6494252873563,2.1314469068096846,0.017241379310344827
AD_0642,Video_Review,Awareness Campaign,cold,Sunscreen,17486,501,179795.0,425,65,451000.0,3,0.028651492622669566,358.87225548902194,2.5084123585194247,0.005988023952095809
AD_0643,Video_Review,Retargeting Campaign,warm,Cleanser,18394,418,111049.0,357,33,1415000.0,4,0.022724801565727953,265.6674641148325,12.74212284667129,0.009569377990430622
AD_0644,Video_Review,Awareness Campaign,cold,Cleanser,19854,595,316775.0,523,99,2255000.0,7,0.02996877203586179,532.3949579831933,7.118617315129034,0.011764705882352941
AD_0645,Static_Catalog,Flash Sale Campaign,cold,Serum,8212,113,240416.0,90,9,507000.0,2,0.013760350706283488,2127.575221238938,2.108844669239984,0.017699115044247787
AD_0646,Video_Review,Retargeting Campaign,warm,Cleanser,11243,228,142317.0,194,15,972000.0,3,0.02027928488837499,624.1973684210526,6.829823562891292,0.013157894736842105
AD_0647,Static_Catalog,Flash Sale Campaign,cold,Moisturizer,12694,116,259484.0,97,13,0.0,0,0.009138175515991807,2236.9310344827586,0.0,0.0
AD_0648,Static_Catalog,Retargeting Campaign,warm,Moisturizer,8661,88,405761.0,76,9,0.0,0,0.010160489550860179,4610.920454545455,0.0,0.0
AD_0649,Video_Review,Retargeting Campaign,warm,Serum,13447,346,393459.0,306,58,91000.0,1,0.025730646240797204,1137.1647398843932,0.23128203955177032,0.002890173410404624
AD_0650,Static_Catalog,Flash Sale Campaign,cold,Cleanser,13269,166,479553.0,148,18,1250000.0,3,0.012510362499057955,2888.873493975904,2.6065940573826043,0.018072289156626505
AD_0651,Static_Catalog,Awareness Campaign,cold,Cleanser,11275,160,195965.0,133,10,1373000.0,5,0.014190687361419069,1224.78125,7.006353175311918,0.03125
AD_0652,Static_Catalog,Flash Sale Campaign,cold,Serum,11500,160,157786.0,138,12,872000.0,3,0.01391304347826087,986.1625,5.5264725641058146,0.01875
AD_0653,Video_Review,Flash Sale Campaign,cold,Serum,8032,217,425724.0,179,22,0.0,0,0.027016932270916335,1961.8617511520738,0.0,0.0
AD_0654,Video_Review,Awareness Campaign,cold,Moisturizer,9940,238,386198.0,207,39,302000.0,2,0.023943661971830985,1622.6806722689075,0.7819822992351074,0.008403361344537815
AD_0655,Static_Catalog,Flash Sale Campaign,cold,Serum,6936,64,275037.0,56,6,1123000.0,5,0.00922722029988466,4297.453125,4.083087002839618,0.078125
AD_0656,Static_Catalog,Flash Sale Campaign,cold,Cleanser,19501,289,291313.0,252,47,0.0,0,0.014819752833188041,1008.0034602076124,0.0,0.0
AD_0657,Static_Catalog,Awareness Campaign,cold,Serum,17546,208,324126.0,171,19,1764000.0,5,0.011854553744443178,1558.298076923077,5.442327983561948,0.02403846153846154
AD_0658,Static_Catalog,Retargeting Campaign,warm,Sunscreen,14327,139,123004.0,116,14,488000.0,2,0.00970196133175124,884.9208633093525,3.9673506552632434,0.014388489208633094
AD_0659,Video_Review,Retargeting Campaign,warm,Serum,16521,306,262007.0,256,23,964000.0,3,0.018521881242055567,856.2320261437909,3.679291011308858,0.00980392156862745
AD_0660,Static_Catalog,Retargeting Campaign,warm,Serum,7603,110,273501.0,88,11,471000.0,1,0.014467973168486125,2486.3727272727274,1.7221143615562648,0.00909090909090909
AD_0661,Static_Catalog,Retargeting Campaign,warm,Serum,15084,182,316916.0,150,17,0.0,0,0.012065765049058605,1741.2967032967033,0.0,0.0
AD_0662,Static_Catalog,Awareness Campaign,cold,Sunscreen,13495,195,294387.0,160,27,0.0,0,0.014449796220822526,1509.676923076923,0.0,0.0
AD_0663,Static_Catalog,Retargeting Campaign,warm,Cleanser,9838,85,297415.5,71,7,1681000.0,6,0.00863996747306363,3499.005882352941,5.652025533302736,0.07058823529411765
AD_0664,Video_Review,Flash Sale Campaign,cold,Cleanser,11401,244,451136.0,204,29,0.0,0,0.021401631435838963,1848.9180327868853,0.0,0.0
AD_0665,Video_Review,Flash Sale Campaign,cold,Serum,12933,287,307440.0,254,21,0.0,0,0.02219129359004098,1071.219512195122,0.0,0.0
AD_0666,Video_Review,Flash Sale Campaign,cold,Cleanser,10235,258,333996.0,224,20,0.0,0,0.0252076209086468,1294.5581395348838,0.0,0.0
AD_0667,Video_Review,Flash Sale Campaign,cold,Serum,14494,311,449903.0,258,48,0.0,0,0.021457154684697118,1446.6334405144694,0.0,0.0
AD_0668,Static_Catalog,Awareness Campaign,cold,Moisturizer,7004,67,258901.0,55,5,149000.0,1,0.009565962307252998,3864.194029850746,0.5755095577073862,0.014925373134328358
AD_0669,Video_Review,Retargeting Campaign,warm,Cleanser,10659,331,215819.0,296,31,0.0,0,0.031053569753260155,652.0211480362537,0.0,0.0
AD_0670,Static_Catalog,Retargeting Campaign,warm,Cleanser,8159,88,353078.0,75,12,189000.0,1,0.0107856354945459,4012.25,0.535292484946669,0.011363636363636364
AD_0671,Video_Review,Flash Sale Campaign,cold,Moisturizer,9892,213,327693.0,176,14,0.0,0,0.021532551556813585,1538.4647887323943,0.0,0.0
AD_0672,Static_Catalog,Flash Sale Campaign,cold,Sunscreen,10823,102,422245.0,86,7,511000.0,2,0.009424374018294374,4139.656862745098,1.2101978709043328,0.0196078431372549
AD_0673,Video_Review,Retargeting Campaign,warm,Moisturizer,13639,290,445072.0,260,21,0.0,0,0.0212625559058582,1534.7310344827586,0.0,0.0
AD_0674,Static_Catalog,Flash Sale Campaign,cold,Sunscreen,9711,121,156116.0,100,5,0.0,0,0.012460096797446195,1290.2148760330579,0.0,0.0
AD_0675,Static_Catalog,Retargeting Campaign,warm,Moisturizer,17763,200,250259.0,167,29,99000.0,1,0.011259359342453415,1251.295,0.39559016858534557,0.005
AD_0676,Static_Catalog,Awareness Campaign,cold,Serum,9665,115,420057.0,96,18,537000.0,2,0.01189860320744956,3652.669565217391,1.278397931709268,0.017391304347826087
AD_0677,Video_Review,Awareness Campaign,cold,Moisturizer,8172,256,488681.0,205,17,0.0,0,0.03132648066568772,1908.91015625,0.0,0.0
AD_0678,Video_Review,Flash Sale Campaign,cold,Moisturizer,9569,211,257699.0,188,10,0.0,0,0.02205037098965409,1221.3222748815165,0.0,0.0
AD_0679,Static_Catalog,Awareness Campaign,cold,Sunscreen,5572,80,205386.0,71,5,654000.0,3,0.014357501794687724,2567.325,3.184248196079577,0.0375
AD_0680,Video_Review,Flash Sale Campaign,cold,Serum,12422,300,359278.0,248,46,0.0,0,0.024150700370310738,1197.5933333333332,0.0,0.0
AD_0681,Static_Catalog,Awareness Campaign,cold,Serum,12952,146,180730.0,129,17,1285000.0,5,0.011272390364422484,1237.876712328767,7.110053671222265,0.03424657534246575
AD_0682,Static_Catalog,Retargeting Campaign,warm,Sunscreen,14110,161,297415.5,133,18,1270000.0,5,0.011410347271438696,1847.3012422360248,4.270120420758165,0.031055900621118012
AD_0683,Video_Review,Flash Sale Campaign,cold,Serum,14182,356,472078.0,319,36,0.0,0,0.02510224227894514,1326.061797752809,0.0,0.0
AD_0684,Static_Catalog,Retargeting Campaign,warm,Sunscreen,10151,124,433260.0,109,12,0.0,0,0.012215545266476209,3494.032258064516,0.0,0.0
AD_0685,Static_Catalog,Retargeting Campaign,warm,Cleanser,13997,204,491670.0,171,11,0.0,0,0.014574551689647781,2410.1470588235293,0.0,0.0
AD_0686,Static_Catalog,Awareness Campaign,cold,Cleanser,12865,184,407124.0,148,25,0.0,0,0.014302370773416246,2212.6304347826085,0.0,0.0
AD_0687,Video_Review,Awareness Campaign,cold,Moisturizer,11428,311,419532.0,254,17,255000.0,1,0.027213860693034653,1348.977491961415,0.607820142444438,0.003215434083601286
AD_0688,Static_Catalog,Flash Sale Campaign,cold,Moisturizer,5579,61,139236.0,48,5,0.0,0,0.010933859114536655,2282.55737704918,0.0,0.0
AD_0689,Video_Review,Awareness Campaign,cold,Moisturizer,8467,237,386100.0,191,30,0.0,0,0.02799102397543404,1629.113924050633,0.0,0.0
AD_0690,Video_Review,Flash Sale Campaign,cold,Serum,8168,237,246104.0,194,21,0.0,0,0.029015670910871694,1038.4135021097047,0.0,0.0
AD_0691,Video_Review,Retargeting Campaign,warm,Sunscreen,10111,312,103626.0,266,32,1073000.0,4,0.030857481950351102,332.13461538461536,10.35454422635246,0.01282051282051282
AD_0692,Static_Catalog,Retargeting Campaign,warm,Sunscreen,11025,131,354043.0,116,22,730000.0,3,0.011882086167800454,2702.618320610687,2.061896436308584,0.022900763358778626
AD_0693,Static_Catalog,Flash Sale Campaign,cold,Cleanser,6812,85,441701.0,76,13,974000.0,3,0.012477980035231944,5196.482352941176,2.2051116026452284,0.03529411764705882
AD_0694,Video_Review,Awareness Campaign,cold,Moisturizer,7551,149,481164.0,126,11,209000.0,1,0.019732485763475038,3229.288590604027,0.4343633355778903,0.006711409395973154
AD_0695,Video_Review,Awareness Campaign,cold,Serum,13102,306,288788.0,262,48,207000.0,1,0.023355212944588612,943.7516339869281,0.7167887862376553,0.0032679738562091504
AD_0696,Static_Catalog,Awareness Campaign,cold,Moisturizer,15070,188,480457.0,168,21,0.0,0,0.01247511612475116,2555.622340425532,0.0,0.0
AD_0697,Video_Review,Awareness Campaign,cold,Sunscreen,16744,346,252948.0,309,26,479000.0,2,0.020664118490205448,731.0635838150289,1.8936698451855718,0.005780346820809248
AD_0698,Static_Catalog,Flash Sale Campaign,cold,Cleanser,7775,68,348003.0,58,8,1072000.0,4,0.008745980707395499,5117.691176470588,3.0804332146561957,0.058823529411764705
AD_0699,Video_Review,Retargeting Campaign,warm,Serum,13720,415,324970.0,339,36,0.0,0,0.030247813411078718,783.0602409638554,0.0,0.0
AD_0700,Static_Catalog,Flash Sale Campaign,cold,Cleanser,7919,85,411714.0,72,7,0.0,0,0.01073367849475944,4843.694117647059,0.0,0.0
AD_0701,Video_Review,Awareness Campaign,cold,Moisturizer,8070,158,341766.0,134,15,265000.0,1,0.019578686493184633,2163.0759493670885,0.7753843272882616,0.006329113924050633
AD_0702,Video_Review,Retargeting Campaign,warm,Cleanser,7678,234,129777.0,207,28,0.0,0,0.03047668663714509,554.6025641025641,0.0,0.0
AD_0703,Video_Review,Retargeting Campaign,warm,Serum,9440,287,238439.0,257,49,792000.0,2,0.030402542372881355,830.7979094076655,3.3216042677582105,0.006968641114982578
AD_0704,Static_Catalog,Awareness Campaign,cold,Serum,10539,113,418667.0,92,6,0.0,0,0.010722079893728058,3705.0176991150443,0.0,0.0
AD_0705,Static_Catalog,Flash Sale Campaign,cold,Sunscreen,14630,163,442016.0,142,8,2146000.0,7,0.01114149008885851,2711.754601226994,4.855027872294215,0.04294478527607362
AD_0706,Static_Catalog,Retargeting Campaign,warm,Moisturizer,13523,208,393313.0,175,23,0.0,0,0.015381202395918066,1890.9278846153845,0.0,0.0
AD_0707,Static_Catalog,Retargeting Campaign,warm,Moisturizer,8502,123,233114.0,99,15,699000.0,2,0.014467184191954835,1895.2357723577236,2.9985329066465334,0.016260162601626018
AD_0708,Static_Catalog,Retargeting Campaign,warm,Serum,15061,169,341422.0,135,23,0.0,0,0.011221034459863223,2020.2485207100592,0.0,0.0
AD_0709,Video_Review,Retargeting Campaign,warm,Cleanser,19361,373,444572.0,305,31,413000.0,1,0.019265533805072052,1191.8820375335122,0.9289833817694322,0.002680965147453083
AD_0710,Static_Catalog,Flash Sale Campaign,cold,Moisturizer,12398,168,203475.0,137,15,980000.0,3,0.013550572673011777,1211.1607142857142,4.8163165007986235,0.017857142857142856
AD_0711,Video_Review,Retargeting Campaign,warm,Moisturizer,17775,542,116535.0,485,82,3207000.0,11,0.03049226441631505,215.00922509225092,27.51962929591968,0.02029520295202952
AD_0712,Static_Catalog,Awareness Campaign,cold,Moisturizer,14694,151,177095.0,122,19,0.0,0,0.010276303253028448,1172.8145695364237,0.0,0.0
AD_0713,Static_Catalog,Awareness Campaign,cold,Sunscreen,10360,91,216712.0,81,13,0.0,0,0.008783783783783784,2381.4505494505493,0.0,0.0
AD_0714,Static_Catalog,Retargeting Campaign,warm,Cleanser,9581,101,223714.0,83,9,578000.0,2,0.010541697108861287,2214.990099009901,2.58365591782365,0.019801980198019802
AD_0715,Video_Review,Awareness Campaign,cold,Cleanser,17932,466,355095.0,394,43,2182000.0,7,0.025987062235110416,762.0064377682403,6.144834480913558,0.015021459227467811
AD_0716,Static_Catalog,Retargeting Campaign,warm,Cleanser,10959,118,485546.0,102,7,767000.0,3,0.01076740578519938,4114.796610169492,1.5796649545048256,0.025423728813559324
AD_0717,Static_Catalog,Retargeting Campaign,warm,Serum,7590,76,350694.0,63,11,0.0,0,0.010013175230566536,4614.394736842105,0.0,0.0
AD_0718,Static_Catalog,Flash Sale Campaign,cold,Cleanser,13539,126,148784.0,106,7,597000.0,4,0.009306448038998449,1180.8253968253969,4.012528228841811,0.031746031746031744
AD_0719,Static_Catalog,Flash Sale Campaign,cold,Sunscreen,9095,126,419064.0,106,5,0.0,0,0.013853765805387575,3325.904761904762,0.0,0.0
AD_0720,Static_Catalog,Awareness Campaign,cold,Moisturizer,14406,147,168369.0,126,7,0.0,0,0.01020408163265306,1145.3673469387754,0.0,0.0
AD_0721,Video_Review,Retargeting Campaign,warm,Sunscreen,11777,282,211915.0,248,18,382000.0,1,0.023944977498514052,751.4716312056737,1.802609536842602,0.0035460992907801418
AD_0722,Video_Review,Retargeting Campaign,warm,Serum,6932,169,196058.0,150,17,0.0,0,0.024379688401615696,1160.1065088757396,0.0,0.0
AD_0723,Static_Catalog,Flash Sale Campaign,cold,Moisturizer,8933,82,157241.0,67,4,121000.0,1,0.009179446994290831,1917.5731707317073,0.7695194001564477,0.012195121951219513
AD_0724,Static_Catalog,Awareness Campaign,cold,Sunscreen,7223,97,428030.0,83,15,2288000.0,10,0.013429322995985048,4412.680412371134,5.345419713571479,0.10309278350515463
AD_0725,Static_Catalog,Retargeting Campaign,warm,Moisturizer,14170,199,135187.0,172,34,1474000.0,6,0.014043754410726889,679.3316582914573,10.903415269219673,0.03015075376884422
AD_0726,Video_Review,Flash Sale Campaign,cold,Sunscreen,6125,196,491770.0,158,24,0.0,0,0.032,2509.030612244898,0.0,0.0
AD_0727,Video_Review,Flash Sale Campaign,cold,Moisturizer,8483,273,423864.0,238,32,513000.0,1,0.0321820110809855,1552.6153846153845,1.2102938678444028,0.003663003663003663
AD_0728,Static_Catalog,Flash Sale Campaign,cold,Sunscreen,8007,114,307440.0,96,11,1270000.0,5,0.01423754215061821,2696.842105263158,4.130887327608639,0.043859649122807015
AD_0729,Static_Catalog,Awareness Campaign,cold,Sunscreen,7501,113,246245.0,100,19,320000.0,1,0.015064658045593921,2179.1592920353983,1.2995187719547605,0.008849557522123894
AD_0730,Static_Catalog,Awareness Campaign,cold,Serum,12397,131,475833.0,108,7,278000.0,2,0.010567072678873921,3632.312977099237,0.5842385879079425,0.015267175572519083
AD_0731,Video_Review,Flash Sale Campaign,cold,Cleanser,16139,455,166060.0,384,45,0.0,0,0.028192576987421773,364.967032967033,0.0,0.0
AD_0732,Static_Catalog,Awareness Campaign,cold,Serum,13186,123,269176.0,109,9,1361000.0,4,0.009328075231305931,2188.4227642276423,5.0561714268731235,0.032520325203252036
AD_0733,Static_Catalog,Awareness Campaign,cold,Sunscreen,6982,59,194455.0,47,8,0.0,0,0.008450300773417359,3295.8474576271187,0.0,0.0
AD_0734,Video_Review,Flash Sale Campaign,cold,Serum,18534,514,388137.0,441,34,0.0,0,0.02773281536635373,755.1303501945525,0.0,0.0
AD_0735,Video_Review,Awareness Campaign,cold,Serum,10815,209,334085.0,168,22,0.0,0,0.019325011558021268,1598.4928229665072,0.0,0.0
AD_0736,Video_Review,Retargeting Campaign,warm,Moisturizer,11698,252,380092.0,220,31,353000.0,1,0.021542143956231833,1508.3015873015872,0.9287225198109931,0.003968253968253968
AD_0737,Video_Review,Flash Sale Campaign,cold,Moisturizer,5282,147,217569.0,127,22,511000.0,1,0.027830367285119274,1480.061224489796,2.3486801888136637,0.006802721088435374
AD_0738,Static_Catalog,Awareness Campaign,cold,Sunscreen,7066,89,354265.0,76,12,0.0,0,0.012595527879988678,3980.505617977528,0.0,0.0
AD_0739,Video_Review,Retargeting Campaign,warm,Serum,7804,194,109583.0,161,8,244000.0,1,0.02485904664274731,564.860824742268,2.2266227425786846,0.005154639175257732
AD_0740,Video_Review,Flash Sale Campaign,cold,Moisturizer,19392,387,366285.0,339,28,0.0,0,0.019956683168316832,946.4728682170543,0.0,0.0
AD_0741,Video_Review,Awareness Campaign,cold,Serum,10618,341,280175.0,279,45,512000.0,3,0.032115275946505935,821.6275659824047,1.827429285268136,0.008797653958944282
AD_0742,Video_Review,Flash Sale Campaign,cold,Serum,17944,517,161554.0,460,87,0.0,0,0.028811859117253678,312.48355899419727,0.0,0.0
AD_0743,Video_Review,Awareness Campaign,cold,Serum,17417,452,114650.0,382,33,0.0,0,0.02595165642762818,253.6504424778761,0.0,0.0
AD_0744,Video_Review,Awareness Campaign,cold,Serum,12169,378,307302.0,310,40,1271000.0,3,0.031062535952009203,812.968253968254,4.135996511574933,0.007936507936507936
AD_0745,Static_Catalog,Awareness Campaign,cold,Cleanser,8259,80,203535.0,70,7,0.0,0,0.00968640271219276,2544.1875,0.0,0.0
AD_0746,Static_Catalog,Flash Sale Campaign,cold,Moisturizer,18588,175,406709.0,147,23,2290000.0,10,0.00941467613514095,2324.0514285714285,5.630561408771382,0.05714285714285714
AD_0747,Static_Catalog,Awareness Campaign,cold,Moisturizer,17931,256,294387.0,207,21,0.0,0,0.014276950532597178,1149.94921875,0.0,0.0
AD_0748,Static_Catalog,Retargeting Campaign,warm,Moisturizer,8308,72,101620.0,60,7,0.0,0,0.008666345690900338,1411.388888888889,0.0,0.0
AD_0749,Video_Review,Flash Sale Campaign,cold,Moisturizer,10875,191,307440.0,157,10,0.0,0,0.0175632183908046,1609.6335078534032,0.0,0.0
AD_0750,Static_Catalog,Flash Sale Campaign,cold,Cleanser,14396,205,186155.0,174,14,648000.0,3,0.01424006668519033,908.0731707317074,3.480970159275872,0.014634146341463415
AD_0751,Video_Review,Flash Sale Campaign,cold,Moisturizer,13553,387,307440.0,327,59,0.0,0,0.028554563565262304,794.4186046511628,0.0,0.0
AD_0752,Video_Review,Retargeting Campaign,warm,Moisturizer,13533,382,294716.0,331,31,298000.0,1,0.028227296238823616,771.5078534031413,1.0111429308215367,0.002617801047120419
AD_0753,Video_Review,Retargeting Campaign,warm,Moisturizer,7074,193,296594.0,171,13,0.0,0,0.027283008199038734,1536.7564766839378,0.0,0.0
AD_0754,Static_Catalog,Retargeting Campaign,warm,Moisturizer,14747,210,455288.0,184,11,0.0,0,0.014240184444293754,2168.038095238095,0.0,0.0
AD_0755,Video_Review,Flash Sale Campaign,cold,Serum,9615,240,384907.0,207,41,0.0,0,0.0249609984399376,1603.7791666666667,0.0,0.0
AD_0756,Static_Catalog,Awareness Campaign,cold,Moisturizer,11674,106,262434.0,86,7,72000.0,1,0.009080006852835361,2475.7924528301887,0.27435469489471637,0.009433962264150943
AD_0757,Static_Catalog,Awareness Campaign,cold,Serum,11675,133,248620.0,118,8,1031000.0,3,0.01139186295503212,1869.3233082706768,4.146890837422573,0.022556390977443608
AD_0758,Static_Catalog,Flash Sale Campaign,cold,Moisturizer,11719,159,128718.0,141,17,1347000.0,6,0.013567710555508148,809.5471698113207,10.464736866638699,0.03773584905660377
AD_0759,Static_Catalog,Retargeting Campaign,warm,Moisturizer,5767,89,480286.0,74,10,274000.0,1,0.015432633951794695,5396.471910112359,0.5704934143406221,0.011235955056179775
AD_0760,Static_Catalog,Flash Sale Campaign,cold,Sunscreen,16730,197,171805.0,174,17,0.0,0,0.01177525403466826,872.1065989847716,0.0,0.0
AD_0761,Static_Catalog,Retargeting Campaign,warm,Moisturizer,12129,115,364291.0,93,4,439000.0,1,0.009481408195234561,3167.7478260869566,1.205080553733142,0.008695652173913044
AD_0762,Video_Review,Retargeting Campaign,warm,Moisturizer,9428,210,371623.0,186,36,0.0,0,0.022274077216801018,1769.6333333333334,0.0,0.0
AD_0763,Static_Catalog,Flash Sale Campaign,cold,Cleanser,11986,166,432103.0,144,27,0.0,0,0.013849491072918404,2603.0301204819275,0.0,0.0
AD_0764,Static_Catalog,Retargeting Campaign,warm,Sunscreen,13825,190,451931.0,165,19,1429000.0,4,0.013743218806509945,2378.584210526316,3.1619871175024508,0.021052631578947368
AD_0765,Video_Review,Flash Sale Campaign,cold,Moisturizer,18801,379,252647.0,312,44,504000.0,1,0.0201585022073294,666.6147757255936,1.994878229308086,0.002638522427440633
AD_0766,Static_Catalog,Awareness Campaign,cold,Moisturizer,10738,124,241041.0,99,18,0.0,0,0.011547774259638667,1943.8790322580646,0.0,0.0
AD_0767,Video_Review,Awareness Campaign,cold,Sunscreen,5752,149,134160.0,132,24,459000.0,1,0.02590403337969402,900.4026845637584,3.42128801431127,0.006711409395973154
AD_0768,Static_Catalog,Retargeting Campaign,warm,Cleanser,8782,87,302821.0,76,9,0.0,0,0.009906627191983602,3480.7011494252874,0.0,0.0
AD_0769,Static_Catalog,Retargeting Campaign,warm,Sunscreen,10682,99,481382.0,80,15,0.0,0,0.00926792735442801,4862.444444444444,0.0,0.0
AD_0770,Static_Catalog,Awareness Campaign,cold,Moisturizer,5078,59,407980.0,52,9,239000.0,1,0.011618747538400946,6914.9152542372885,0.5858130300504927,0.01694915254237288
AD_0771,Video_Review,Flash Sale Campaign,cold,Serum,13895,365,250737.0,327,24,1598000.0,5,0.02626844188557035,686.9506849315069,6.373211771697037,0.0136986301369863
AD_0772,Video_Review,Awareness Campaign,cold,Sunscreen,7964,255,446140.0,226,13,0.0,0,0.032019085886489204,1749.5686274509803,0.0,0.0
AD_0773,Video_Review,Retargeting Campaign,warm,Moisturizer,10170,259,194346.0,224,18,0.0,0,0.025467059980334317,750.3706563706563,0.0,0.0
AD_0774,Static_Catalog,Flash Sale Campaign,cold,Cleanser,9024,77,244575.0,67,6,0.0,0,0.008532801418439716,3176.2987012987014,0.0,0.0
AD_0775,Static_Catalog,Flash Sale Campaign,cold,Serum,14961,231,481433.0,203,28,0.0,0,0.015440144375375978,2084.125541125541,0.0,0.0
AD_0776,Video_Review,Awareness Campaign,cold,Moisturizer,18045,524,194968.0,425,75,0.0,0,0.029038514824050985,372.0763358778626,0.0,0.0
AD_0777,Video_Review,Flash Sale Campaign,cold,Serum,18692,515,162119.0,429,35,2012000.0,5,0.027551893858335116,314.79417475728155,12.410636631116649,0.009708737864077669
AD_0778,Static_Catalog,Flash Sale Campaign,cold,Cleanser,9262,134,477224.0,119,9,654000.0,2,0.014467717555603542,3561.373134328358,1.3704256282165188,0.014925373134328358
AD_0779,Static_Catalog,Flash Sale Campaign,cold,Moisturizer,13566,176,105796.0,158,20,1751000.0,8,0.012973610496830311,601.1136363636364,16.550720254073877,0.045454545454545456
AD_0780,Video_Review,Flash Sale Campaign,cold,Sunscreen,19826,624,330246.0,536,54,495000.0,1,0.03147382225360638,529.2403846153846,1.4988826511146236,0.0016025641025641025
AD_0781,Video_Review,Awareness Campaign,cold,Moisturizer,11133,306,300065.0,268,21,1093000.0,4,0.0274858528698464,980.6045751633987,3.6425441154416545,0.013071895424836602
AD_0782,Video_Review,Awareness Campaign,cold,Moisturizer,9868,301,439851.0,259,16,0.0,0,0.03050263477908391,1461.299003322259,0.0,0.0
AD_0783,Static_Catalog,Flash Sale Campaign,cold,Cleanser,16420,141,375381.0,124,24,0.0,0,0.008587088915956151,2662.276595744681,0.0,0.0
AD_0784,Static_Catalog,Flash Sale Campaign,cold,Moisturizer,13343,162,427891.0,138,8,538000.0,2,0.012141197631717005,2641.3024691358023,1.2573295535545268,0.012345679012345678
AD_0785,Static_Catalog,Awareness Campaign,cold,Moisturizer,7727,69,465543.0,60,3,0.0,0,0.00892972693153876,6747.0,0.0,0.0
AD_0786,Video_Review,Awareness Campaign,cold,Cleanser,12492,262,259912.0,229,39,0.0,0,0.020973422990714058,992.0305343511451,0.0,0.0
AD_0787,Static_Catalog,Retargeting Campaign,warm,Sunscreen,14478,166,270457.0,144,23,0.0,0,0.011465672054151126,1629.2590361445782,0.0,0.0
AD_0788,Video_Review,Retargeting Campaign,warm,Sunscreen,15592,383,258698.0,342,44,1325000.0,3,0.0245638789122627,675.4516971279373,5.121802255912299,0.007832898172323759
AD_0789,Video_Review,Retargeting Campaign,warm,Sunscreen,9513,236,156096.0,208,22,0.0,0,0.024808157258488384,661.4237288135594,0.0,0.0
AD_0790,Video_Review,Awareness Campaign,cold,Cleanser,19613,576,294387.0,491,65,0.0,0,0.029368276143374294,511.0885416666667,0.0,0.0
AD_0791,Static_Catalog,Retargeting Campaign,warm,Serum,12519,120,464765.0,99,5,447000.0,2,0.00958543014617781,3873.0416666666665,0.9617763816122126,0.016666666666666666
AD_0792,Static_Catalog,Flash Sale Campaign,cold,Serum,17260,264,225155.0,218,16,2191000.0,7,0.0152954808806489,852.8598484848485,9.731074148919634,0.026515151515151516
AD_0793,Video_Review,Retargeting Campaign,warm,Cleanser,18867,518,148037.0,436,72,0.0,0,0.027455345311920284,285.7857142857143,0.0,0.0
AD_0794,Video_Review,Awareness Campaign,cold,Sunscreen,17465,458,468876.0,405,32,497000.0,1,0.026223876324076724,1023.7467248908297,1.059981743573994,0.002183406113537118
AD_0795,Static_Catalog,Retargeting Campaign,warm,Sunscreen,14482,216,315657.0,178,22,1147000.0,3,0.014915066979698936,1461.375,3.6336910000411837,0.013888888888888888
AD_0796,Static_Catalog,Retargeting Campaign,warm,Cleanser,19122,212,393151.0,170,11,1407000.0,4,0.011086706411463237,1854.4858490566037,3.578777619794939,0.018867924528301886
AD_0797,Video_Review,Awareness Campaign,cold,Serum,16107,457,193650.0,374,24,0.0,0,0.02837275718631651,423.7417943107221,0.0,0.0
AD_0798,Video_Review,Flash Sale Campaign,cold,Sunscreen,14190,356,178422.0,288,39,0.0,0,0.025088090204369275,501.185393258427,0.0,0.0
AD_0799,Video_Review,Flash Sale Campaign,cold,Moisturizer,8435,149,260014.0,128,19,427000.0,1,0.017664493183165382,1745.0604026845638,1.6422192651164937,0.006711409395973154
AD_0800,Video_Review,Retargeting Campaign,warm,Sunscreen,9971,228,108314.0,199,13,384000.0,2,0.02286631230568649,475.06140350877195,3.5452480750410844,0.008771929824561403
AD_0801,Static_Catalog,Retargeting Campaign,warm,Sunscreen,6737,86,185474.0,70,10,1438000.0,4,0.012765325812676266,2156.6744186046512,7.753108252369604,0.046511627906976744
AD_0802,Video_Review,Flash Sale Campaign,cold,Moisturizer,13266,238,386740.0,208,41,438000.0,2,0.01794060003015227,1624.9579831932774,1.1325438278947095,0.008403361344537815
AD_0803,Static_Catalog,Retargeting Campaign,warm,Moisturizer,16284,166,354797.0,140,11,1360000.0,6,0.010194055514615573,2137.3313253012047,3.833177845359459,0.03614457831325301
AD_0804,Video_Review,Flash Sale Campaign,cold,Moisturizer,15434,334,307440.0,295,37,0.0,0,0.021640533886225218,920.4790419161677,0.0,0.0
AD_0805,Video_Review,Retargeting Campaign,warm,Serum,8857,197,365116.0,161,10,828000.0,2,0.022242294230552104,1853.3807106598986,2.2677724339661918,0.01015228426395939
AD_0806,Static_Catalog,Retargeting Campaign,warm,Cleanser,18525,189,288644.0,153,12,1478000.0,4,0.010202429149797571,1527.2169312169312,5.120494449910616,0.021164021164021163
AD_0807,Video_Review,Flash Sale Campaign,cold,Sunscreen,7320,229,307440.0,187,11,0.0,0,0.03128415300546448,1342.532751091703,0.0,0.0
AD_0808,Video_Review,Flash Sale Campaign,cold,Sunscreen,9841,185,228041.0,152,15,0.0,0,0.018798902550553807,1232.654054054054,0.0,0.0
AD_0809,Static_Catalog,Retargeting Campaign,warm,Cleanser,10308,137,107642.0,122,8,0.0,0,0.013290648040357005,785.7080291970802,0.0,0.0
AD_0810,Static_Catalog,Retargeting Campaign,warm,Serum,16497,156,250534.0,135,10,1404000.0,5,0.009456264775413711,1605.9871794871794,5.604029792363511,0.03205128205128205
AD_0811,Static_Catalog,Retargeting Campaign,warm,Sunscreen,18907,168,412683.0,140,19,0.0,0,0.008885597926693817,2456.4464285714284,0.0,0.0
AD_0812,Static_Catalog,Awareness Campaign,cold,Sunscreen,19537,282,306063.0,235,26,2538000.0,8,0.014434150586067462,1085.3297872340424,8.29241038609698,0.028368794326241134
AD_0813,Video_Review,Flash Sale Campaign,cold,Sunscreen,14505,372,233177.0,316,35,517000.0,3,0.025646328852119957,626.8198924731183,2.2171998095867087,0.008064516129032258
AD_0814,Video_Review,Awareness Campaign,cold,Cleanser,10110,203,420847.0,169,11,103000.0,1,0.020079129574678535,2073.137931034483,0.2447445271084266,0.0049261083743842365
AD_0815,Video_Review,Flash Sale Campaign,cold,Sunscreen,19270,623,145807.0,505,89,1581000.0,5,0.032330046704722365,234.04012841091492,10.843100811346506,0.008025682182985553
AD_0816,Video_Review,Flash Sale Campaign,cold,Moisturizer,10845,205,474695.0,182,34,329000.0,1,0.018902720147533424,2315.5853658536585,0.693076607084549,0.004878048780487805
AD_0817,Video_Review,Retargeting Campaign,warm,Moisturizer,7737,246,346471.0,203,21,0.0,0,0.031795269484296236,1408.418699186992,0.0,0.0
AD_0818,Static_Catalog,Flash Sale Campaign,cold,Serum,8551,118,307440.0,96,12,433000.0,2,0.013799555607531282,2605.423728813559,1.4084048920114494,0.01694915254237288
AD_0819,Static_Catalog,Awareness Campaign,cold,Moisturizer,14777,156,487158.0,130,25,1137000.0,3,0.010556946606212357,3122.8076923076924,2.3339450445235426,0.019230769230769232
AD_0820,Static_Catalog,Awareness Campaign,cold,Serum,11859,156,135757.0,136,13,618000.0,2,0.013154566152289401,870.2371794871794,4.5522514492807,0.01282051282051282
AD_0821,Static_Catalog,Flash Sale Campaign,cold,Cleanser,9656,92,322343.0,77,8,775000.0,3,0.009527754763877383,3503.728260869565,2.4042712266126456,0.03260869565217391
AD_0822,Video_Review,Retargeting Campaign,warm,Cleanser,10232,259,413651.0,226,22,508000.0,1,0.025312744331508992,1597.1081081081081,1.2280884126957266,0.003861003861003861
AD_0823,Video_Review,Awareness Campaign,cold,Cleanser,12316,220,361879.0,191,19,413000.0,2,0.017862942513803184,1644.9045454545455,1.1412654506064182,0.00909090909090909
AD_0825,Static_Catalog,Awareness Campaign,cold,Sunscreen,17292,175,201735.0,147,24,173000.0,1,0.01012028683784409,1152.7714285714285,0.8575606612635388,0.005714285714285714
AD_0826,Static_Catalog,Awareness Campaign,cold,Serum,12534,162,329171.0,130,11,1519000.0,5,0.01292484442316898,2031.9197530864199,4.614622794839157,0.030864197530864196
AD_0827,Video_Review,Flash Sale Campaign,cold,Cleanser,15587,275,121498.0,235,44,0.0,0,0.017642907551164433,441.8109090909091,0.0,0.0
AD_0828,Video_Review,Retargeting Campaign,warm,Cleanser,19726,407,217399.0,362,47,420000.0,2,0.020632667545371592,534.1498771498772,1.9319316096210195,0.004914004914004914
AD_0829,Static_Catalog,Flash Sale Campaign,cold,Moisturizer,8678,83,346222.0,66,12,437000.0,1,0.009564415764000921,4171.349397590361,1.2621959320898153,0.012048192771084338
AD_0830,Video_Review,Awareness Campaign,cold,Moisturizer,12002,304,461462.0,265,46,654000.0,3,0.02532911181469755,1517.967105263158,1.4172347885633054,0.009868421052631578
AD_0831,Static_Catalog,Retargeting Campaign,warm,Sunscreen,10976,143,491214.0,120,17,706000.0,2,0.013028425655976677,3435.062937062937,1.4372554528168986,0.013986013986013986
AD_0832,Video_Review,Flash Sale Campaign,cold,Serum,15789,297,492144.0,259,37,960000.0,3,0.01881056431692951,1657.050505050505,1.9506485906563933,0.010101010101010102
AD_0833,Static_Catalog,Awareness Campaign,cold,Serum,11895,137,294387.0,121,18,2377000.0,7,0.011517444304329551,2148.810218978102,8.074405459480207,0.051094890510948905
AD_0834,Video_Review,Flash Sale Campaign,cold,Serum,12264,336,118807.0,279,27,0.0,0,0.0273972602739726,353.5922619047619,0.0,0.0
AD_0835,Video_Review,Awareness Campaign,cold,Moisturizer,10883,223,383126.0,187,14,764000.0,2,0.020490673527519987,1718.053811659193,1.9941220381806508,0.008968609865470852
AD_0836,Static_Catalog,Retargeting Campaign,warm,Cleanser,15593,220,137381.0,197,23,0.0,0,0.014108895016994805,624.459090909091,0.0,0.0
AD_0837,Static_Catalog,Flash Sale Campaign,cold,Serum,9036,137,113703.0,120,14,456000.0,1,0.01516157591854803,829.948905109489,4.010448273132635,0.0072992700729927005
AD_0838,Video_Review,Retargeting Campaign,warm,Sunscreen,16716,486,147098.0,421,44,0.0,0,0.02907394113424264,302.6707818930041,0.0,0.0
AD_0839,Video_Review,Retargeting Campaign,warm,Sunscreen,16735,474,168274.0,388,27,0.0,0,0.028323872124290408,355.0084388185654,0.0,0.0
AD_0840,Static_Catalog,Retargeting Campaign,warm,Sunscreen,16850,208,236225.0,167,10,1236000.0,5,0.012344213649851632,1135.6971153846155,5.232299714255476,0.02403846153846154
AD_0841,Video_Review,Retargeting Campaign,warm,Serum,18381,491,421154.0,404,61,1401000.0,4,0.02671236603013982,857.7474541751527,3.3265741272788576,0.008146639511201629
AD_0842,Static_Catalog,Awareness Campaign,cold,Cleanser,14018,144,377331.0,125,22,0.0,0,0.010272506777000999,2620.3541666666665,0.0,0.0
AD_0843,Static_Catalog,Flash Sale Campaign,cold,Sunscreen,6726,88,288297.0,74,12,0.0,0,0.013083556348498365,3276.1022727272725,0.0,0.0
AD_0844,Video_Review,Awareness Campaign,cold,Serum,19007,486,279412.0,424,61,386000.0,1,0.025569527016362392,574.9218106995885,1.3814725208652456,0.00205761316872428
AD_0845,Static_Catalog,Awareness Campaign,cold,Sunscreen,11879,141,375345.0,119,20,0.0,0,0.011869686000505093,2662.021276595745,0.0,0.0
AD_0846,Static_Catalog,Awareness Campaign,cold,Moisturizer,7877,79,112336.0,70,4,444000.0,2,0.010029198933604164,1421.9746835443038,3.952428428998718,0.02531645569620253
AD_0847,Video_Review,Flash Sale Campaign,cold,Moisturizer,7374,137,477721.0,121,6,0.0,0,0.018578790344453484,3487.014598540146,0.0,0.0
AD_0848,Static_Catalog,Flash Sale Campaign,cold,Sunscreen,17892,260,401033.0,232,18,0.0,0,0.014531634249944109,1542.4346153846154,0.0,0.0
AD_0849,Static_Catalog,Awareness Campaign,cold,Cleanser,14869,215,388102.0,193,14,1821000.0,5,0.014459613961934226,1805.125581395349,4.692065487938738,0.023255813953488372
AD_0850,Video_Review,Flash Sale Campaign,cold,Cleanser,14638,270,210160.0,235,37,978000.0,4,0.01844514277906818,778.3703703703703,4.653597259231062,0.014814814814814815
AD_0851,Static_Catalog,Flash Sale Campaign,cold,Serum,8581,79,341605.0,63,3,99000.0,1,0.00920638620207435,4324.113924050633,0.28980840444372885,0.012658227848101266
AD_0852,Static_Catalog,Flash Sale Campaign,cold,Sunscreen,7358,99,200025.0,88,11,1301000.0,4,0.013454743136721936,2020.4545454545455,6.5041869766279214,0.04040404040404041
AD_0853,Static_Catalog,Awareness Campaign,cold,Cleanser,15384,184,217265.0,160,26,0.0,0,0.011960478419136765,1180.7880434782608,0.0,0.0
AD_0854,Video_Review,Awareness Campaign,cold,Moisturizer,9513,170,338366.0,142,8,603000.0,3,0.017870282770945024,1990.3882352941177,1.7820939456091924,0.01764705882352941
AD_0855,Video_Review,Awareness Campaign,cold,Cleanser,14724,298,236694.0,258,20,853000.0,3,0.02023906547133931,794.2751677852349,3.6038091375362282,0.010067114093959731
AD_0856,Video_Review,Retargeting Campaign,warm,Cleanser,11086,263,451910.0,210,12,262000.0,2,0.023723615370737867,1718.2889733840304,0.5797614569272643,0.0076045627376425855
AD_0857,Static_Catalog,Awareness Campaign,cold,Moisturizer,19919,206,134523.0,183,22,0.0,0,0.010341884632762689,653.0242718446602,0.0,0.0
AD_0858,Static_Catalog,Flash Sale Campaign,cold,Moisturizer,10273,135,209101.0,112,17,1879000.0,6,0.01314124403776891,1548.8962962962962,8.98608806270654,0.044444444444444446
AD_0859,Video_Review,Awareness Campaign,cold,Serum,11846,316,488464.0,276,25,1630000.0,4,0.026675671112611852,1545.7721518987341,3.3369910576828588,0.012658227848101266
AD_0860,Static_Catalog,Retargeting Campaign,warm,Cleanser,7400,85,234484.0,73,7,0.0,0,0.011486486486486487,2758.635294117647,0.0,0.0
AD_0861,Video_Review,Flash Sale Campaign,cold,Moisturizer,17602,524,376835.0,468,45,787000.0,4,0.02976934439268265,719.1507633587786,2.088447198375947,0.007633587786259542
AD_0862,Static_Catalog,Flash Sale Campaign,cold,Sunscreen,15325,202,223313.0,176,14,0.0,0,0.013181076672104405,1105.509900990099,0.0,0.0
AD_0863,Static_Catalog,Awareness Campaign,cold,Sunscreen,18109,205,476053.0,179,29,633000.0,2,0.011320337953503783,2322.209756097561,1.3296838797360797,0.00975609756097561
AD_0864,Static_Catalog,Retargeting Campaign,warm,Cleanser,8241,113,105574.0,95,6,1135000.0,4,0.01371192816405776,934.2831858407079,10.750753026313296,0.035398230088495575
AD_0865,Static_Catalog,Awareness Campaign,cold,Moisturizer,7712,115,484822.0,94,10,0.0,0,0.01491182572614108,4215.843478260869,0.0,0.0
AD_0866,Video_Review,Retargeting Campaign,warm,Serum,6079,130,427438.0,107,16,289000.0,1,0.021385096232933047,3287.9846153846156,0.6761214491926314,0.007692307692307693
AD_0867,Video_Review,Retargeting Campaign,warm,Sunscreen,10006,304,371731.0,255,29,692000.0,2,0.030381770937437536,1222.7993421052631,1.8615611826831768,0.006578947368421052
AD_0868,Static_Catalog,Retargeting Campaign,warm,Sunscreen,16280,203,448928.0,178,19,1814000.0,5,0.012469287469287469,2211.4679802955666,4.040737044693135,0.024630541871921183
AD_0869,Video_Review,Awareness Campaign,cold,Sunscreen,7789,182,486688.0,147,14,0.0,0,0.02336628578764925,2674.1098901098903,0.0,0.0
AD_0870,Video_Review,Retargeting Campaign,warm,Cleanser,13502,410,472428.0,338,45,1273000.0,5,0.030365871722707747,1152.2634146341463,2.694590498446324,0.012195121951219513
AD_0871,Video_Review,Retargeting Campaign,warm,Serum,8834,223,236016.0,178,18,892000.0,2,0.025243377858274848,1058.3677130044844,3.7794047861161957,0.008968609865470852
AD_0872,Video_Review,Awareness Campaign,cold,Sunscreen,11811,326,377919.0,279,44,204000.0,1,0.027601388536110407,1159.260736196319,0.5397982107276956,0.003067484662576687
AD_0873,Static_Catalog,Flash Sale Campaign,cold,Moisturizer,8201,86,440343.0,75,8,0.0,0,0.01048652603341056,5120.267441860465,0.0,0.0
AD_0874,Static_Catalog,Awareness Campaign,cold,Serum,13728,141,244338.0,122,22,181000.0,1,0.01027097902097902,1732.8936170212767,0.7407771202187134,0.0070921985815602835
AD_0875,Static_Catalog,Awareness Campaign,cold,Moisturizer,7873,114,392552.0,92,14,900000.0,3,0.014479867902959482,3443.438596491228,2.292689885671198,0.02631578947368421
AD_0876,Static_Catalog,Flash Sale Campaign,cold,Sunscreen,7486,107,343876.0,85,11,841000.0,2,0.014293347582153353,3213.7943925233644,2.44564901301632,0.018691588785046728
AD_0877,Static_Catalog,Retargeting Campaign,warm,Serum,5238,61,494321.0,48,5,311000.0,1,0.011645666284841543,8103.622950819672,0.6291458384329212,0.01639344262295082
AD_0878,Video_Review,Awareness Campaign,cold,Cleanser,18004,379,201551.0,309,20,786000.0,4,0.02105087758275939,531.7968337730871,3.8997573815064177,0.010554089709762533
AD_0879,Video_Review,Flash Sale Campaign,cold,Moisturizer,19884,477,265486.0,428,47,284000.0,1,0.023989136994568498,556.5744234800839,1.0697362572791032,0.0020964360587002098
AD_0880,Static_Catalog,Awareness Campaign,cold,Serum,12190,117,104331.0,98,17,0.0,0,0.009598031173092698,891.7179487179487,0.0,0.0
AD_0881,Video_Review,Flash Sale Campaign,cold,Serum,17032,450,184667.0,367,34,295000.0,1,0.026420854861437294,410.37111111111113,1.5974700406677966,0.0022222222222222222
AD_0882,Video_Review,Awareness Campaign,cold,Serum,14735,330,304335.0,280,47,0.0,0,0.022395656599932135,922.2272727272727,0.0,0.0
AD_0883,Static_Catalog,Retargeting Campaign,warm,Cleanser,11521,98,491806.0,88,5,0.0,0,0.008506206058501865,5018.428571428572,0.0,0.0
AD_0884,Video_Review,Retargeting Campaign,warm,Moisturizer,18139,392,122419.0,347,66,238000.0,2,0.02161089365455648,312.2933673469388,1.9441426575940008,0.00510204081632653
AD_0885,Video_Review,Retargeting Campaign,warm,Cleanser,16481,363,277216.0,294,45,0.0,0,0.022025362538680905,763.6804407713498,0.0,0.0
AD_0886,Static_Catalog,Flash Sale Campaign,cold,Moisturizer,17860,162,459792.0,131,17,568000.0,4,0.009070548712206047,2838.222222222222,1.2353411977589868,0.024691358024691357
AD_0887,Video_Review,Retargeting Campaign,warm,Cleanser,13942,415,213096.0,349,34,1463000.0,4,0.029766174150050208,513.4843373493976,6.8654503134737395,0.00963855421686747
AD_0888,Video_Review,Flash Sale Campaign,cold,Serum,8936,245,276687.0,207,14,479000.0,1,0.027417188898836167,1129.334693877551,1.731198068575683,0.004081632653061225
AD_0889,Video_Review,Retargeting Campaign,warm,Serum,10531,266,206538.0,233,37,410000.0,2,0.02525875985186592,776.4586466165414,1.985106856849587,0.007518796992481203
AD_0890,Static_Catalog,Retargeting Campaign,warm,Serum,18151,240,133351.0,214,13,385000.0,3,0.013222411988320203,555.6291666666667,2.8871174569369558,0.0125
AD_0892,Video_Review,Awareness Campaign,cold,Serum,12273,309,354829.0,253,28,371000.0,2,0.02517721828403813,1148.3139158576053,1.0455740652539673,0.006472491909385114
AD_0893,Static_Catalog,Awareness Campaign,cold,Moisturizer,17095,191,118706.0,167,8,2630000.0,10,0.011172857560690261,621.4973821989529,22.15557764561185,0.05235602094240838
AD_0894,Video_Review,Flash Sale Campaign,cold,Moisturizer,12247,282,432343.0,251,48,462000.0,1,0.023026047195231485,1533.1312056737588,1.0685959990100453,0.0035460992907801418
AD_0895,Video_Review,Retargeting Campaign,warm,Serum,15001,331,394472.0,296,37,0.0,0,0.022065195653623092,1191.7583081570997,0.0,0.0
AD_0896,Video_Review,Awareness Campaign,cold,Sunscreen,9922,238,489057.0,194,23,0.0,0,0.023987099375125984,2054.861344537815,0.0,0.0
AD_0897,Video_Review,Retargeting Campaign,warm,Cleanser,5329,118,241154.0,104,5,0.0,0,0.022142991180334023,2043.677966101695,0.0,0.0
AD_0898,Static_Catalog,Retargeting Campaign,warm,Serum,14842,179,148380.0,152,18,0.0,0,0.012060369222476755,828.9385474860335,0.0,0.0
AD_0899,Static_Catalog,Flash Sale Campaign,cold,Serum,10175,85,191549.0,72,10,1145000.0,4,0.008353808353808353,2253.5176470588235,5.97758275950279,0.047058823529411764
AD_0900,Video_Review,Flash Sale Campaign,cold,Sunscreen,11323,334,309394.0,279,51,269000.0,1,0.029497482999205158,926.3293413173652,0.8694415534884322,0.0029940119760479044
AD_0901,Video_Review,Awareness Campaign,cold,Cleanser,10758,249,338515.0,208,38,188000.0,1,0.023145566090351368,1359.4979919678715,0.555366822740499,0.004016064257028112
AD_0902,Static_Catalog,Retargeting Campaign,warm,Sunscreen,17452,253,270491.0,217,12,0.0,0,0.01449690579876232,1069.1343873517787,0.0,0.0
AD_0903,Static_Catalog,Awareness Campaign,cold,Cleanser,13959,203,294387.0,164,18,0.0,0,0.014542589010674118,1450.1822660098521,0.0,0.0
AD_0904,Video_Review,Flash Sale Campaign,cold,Cleanser,5244,121,435417.0,103,13,0.0,0,0.023073989321128908,3598.4876033057853,0.0,0.0
AD_0905,Video_Review,Flash Sale Campaign,cold,Cleanser,17892,503,272687.0,440,53,2899000.0,10,0.028113123183545717,542.1212723658052,10.63123654592995,0.019880715705765408
AD_0906,Static_Catalog,Flash Sale Campaign,cold,Moisturizer,12631,143,479056.0,124,23,426000.0,1,0.011321352228643812,3350.041958041958,0.8892488560836311,0.006993006993006993
AD_0907,Video_Review,Flash Sale Campaign,cold,Serum,12646,386,430331.0,313,55,385000.0,2,0.03052348568717381,1114.8471502590673,0.8946601569489533,0.0051813471502590676
AD_0908,Static_Catalog,Awareness Campaign,cold,Moisturizer,7745,98,160645.0,84,14,0.0,0,0.012653324725629439,1639.234693877551,0.0,0.0
AD_0909,Video_Review,Flash Sale Campaign,cold,Moisturizer,14528,400,207157.0,341,64,332000.0,1,0.02753303964757709,517.8925,1.6026491984340379,0.0025
AD_0910,Static_Catalog,Retargeting Campaign,warm,Moisturizer,10126,87,199847.0,70,3,1148000.0,3,0.008591744025281454,2297.0919540229884,5.744394461763249,0.034482758620689655
AD_0911,Video_Review,Awareness Campaign,cold,Sunscreen,19597,615,208241.0,516,61,722000.0,2,0.03138235444200643,338.60325203252034,3.4671366349566126,0.0032520325203252032
AD_0912,Video_Review,Retargeting Campaign,warm,Moisturizer,11890,277,317220.0,242,24,0.0,0,0.023296888141295206,1145.1985559566788,0.0,0.0
AD_0913,Video_Review,Awareness Campaign,cold,Sunscreen,19363,535,392772.0,441,75,0.0,0,0.02763001600991582,734.1532710280374,0.0,0.0
AD_0914,Static_Catalog,Flash Sale Campaign,cold,Serum,17708,153,307440.0,123,12,0.0,0,0.008640162638355545,2009.4117647058824,0.0,0.0
AD_0915,Static_Catalog,Awareness Campaign,cold,Serum,18314,258,286023.0,216,13,0.0,0,0.014087583269629791,1108.6162790697674,0.0,0.0
AD_0916,Video_Review,Retargeting Campaign,warm,Cleanser,18903,560,101379.0,480,66,861000.0,2,0.029624927260223245,181.03392857142856,8.492883141479005,0.0035714285714285713
AD_0917,Static_Catalog,Flash Sale Campaign,cold,Cleanser,19516,285,229560.0,250,27,0.0,0,0.014603402336544374,805.4736842105264,0.0,0.0
AD_0918,Static_Catalog,Awareness Campaign,cold,Serum,12522,170,432464.0,149,10,0.0,0,0.013576106053346111,2543.9058823529413,0.0,0.0
AD_0919,Video_Review,Flash Sale Campaign,cold,Cleanser,12446,268,307440.0,217,36,543000.0,1,0.02153302265788205,1147.1641791044776,1.7661982825917253,0.0037313432835820895
AD_0920,Video_Review,Retargeting Campaign,warm,Serum,8423,149,332366.0,129,21,0.0,0,0.01768965926629467,2230.6442953020132,0.0,0.0
AD_0921,Video_Review,Flash Sale Campaign,cold,Sunscreen,19161,379,364546.0,322,16,1515000.0,7,0.01977976097280935,961.8627968337731,4.155854130891575,0.018469656992084433
AD_0922,Static_Catalog,Flash Sale Campaign,cold,Cleanser,15515,194,424319.0,172,23,2008000.0,7,0.01250402835965195,2187.2113402061855,4.732288679036291,0.03608247422680412
AD_0923,Static_Catalog,Flash Sale Campaign,cold,Sunscreen,7780,92,232475.0,73,10,599000.0,2,0.011825192802056555,2526.9021739130435,2.576621142058286,0.021739130434782608
AD_0924,Static_Catalog,Flash Sale Campaign,cold,Sunscreen,8003,94,197919.0,81,5,0.0,0,0.011745595401724353,2105.521276595745,0.0,0.0
AD_0925,Video_Review,Retargeting Campaign,warm,Sunscreen,14598,307,480485.0,245,19,90000.0,1,0.02103027812029045,1565.097719869707,0.18731073810836968,0.003257328990228013
AD_0926,Static_Catalog,Flash Sale Campaign,cold,Serum,16350,140,169103.0,125,19,772000.0,3,0.00856269113149847,1207.8785714285714,4.565264956860611,0.02142857142857143
AD_0927,Video_Review,Awareness Campaign,cold,Sunscreen,12844,324,111319.0,269,26,0.0,0,0.025225786359389598,343.57716049382714,0.0,0.0
AD_0928,Video_Review,Flash Sale Campaign,cold,Serum,5108,98,392759.0,84,5,0.0,0,0.01918559122944401,4007.7448979591836,0.0,0.0
AD_0929,Static_Catalog,Awareness Campaign,cold,Cleanser,7922,109,496017.0,92,13,0.0,0,0.013759151729361272,4550.614678899083,0.0,0.0
AD_0930,Static_Catalog,Flash Sale Campaign,cold,Sunscreen,7364,95,305704.0,77,14,0.0,0,0.012900597501357958,3217.936842105263,0.0,0.0
AD_0931,Static_Catalog,Awareness Campaign,cold,Moisturizer,8960,121,226839.0,107,13,987000.0,4,0.013504464285714286,1874.702479338843,4.351103646198405,0.03305785123966942
AD_0932,Static_Catalog,Awareness Campaign,cold,Moisturizer,11830,123,247937.0,101,17,420000.0,1,0.010397295012679627,2015.7479674796748,1.6939787123341816,0.008130081300813009
AD_0933,Video_Review,Flash Sale Campaign,cold,Serum,19755,561,289977.0,497,62,722000.0,3,0.028397873955960516,516.8930481283422,2.4898526434855177,0.0053475935828877
AD_0934,Static_Catalog,Flash Sale Campaign,cold,Moisturizer,10770,126,473595.0,104,19,0.0,0,0.0116991643454039,3758.690476190476,0.0,0.0
AD_0935,Video_Review,Flash Sale Campaign,cold,Cleanser,17361,329,160653.0,288,23,0.0,0,0.018950521283336214,488.30699088145894,0.0,0.0
AD_0936,Video_Review,Retargeting Campaign,warm,Moisturizer,12692,282,203107.0,232,43,0.0,0,0.022218720453829183,720.2375886524823,0.0,0.0
AD_0937,Video_Review,Flash Sale Campaign,cold,Serum,15903,411,430328.0,359,58,457000.0,2,0.025844180343331448,1047.0267639902677,1.061980628729713,0.004866180048661801
AD_0938,Video_Review,Flash Sale Campaign,cold,Sunscreen,12986,317,420037.0,283,29,340000.0,1,0.02441090405051594,1325.0378548895899,0.8094525006130412,0.0031545741324921135
AD_0939,Static_Catalog,Retargeting Campaign,warm,Sunscreen,10240,107,444950.0,90,14,1588000.0,4,0.01044921875,4158.411214953271,3.5689403303741996,0.037383177570093455
AD_0940,Static_Catalog,Retargeting Campaign,warm,Sunscreen,7295,106,182600.0,91,12,0.0,0,0.014530500342700479,1722.6415094339623,0.0,0.0
AD_0941,Static_Catalog,Awareness Campaign,cold,Moisturizer,7760,119,469676.0,96,9,1059000.0,5,0.015335051546391752,3946.8571428571427,2.2547458247813386,0.04201680672268908
AD_0942,Static_Catalog,Retargeting Campaign,warm,Cleanser,14939,186,246935.0,156,8,2293000.0,7,0.012450632572461344,1327.6075268817203,9.285844452993702,0.03763440860215054
AD_0943,Static_Catalog,Awareness Campaign,cold,Sunscreen,9107,85,446997.0,75,11,0.0,0,0.00933347974085868,5258.788235294118,0.0,0.0
AD_0944,Static_Catalog,Flash Sale Campaign,cold,Serum,12830,163,478522.0,143,8,824000.0,2,0.012704598597038192,2935.717791411043,1.721968895891934,0.012269938650306749
AD_0945,Video_Review,Flash Sale Campaign,cold,Sunscreen,11611,351,245152.0,310,58,883000.0,2,0.030229954353630177,698.4387464387464,3.601847017360658,0.005698005698005698
AD_0946,Video_Review,Flash Sale Campaign,cold,Serum,9670,311,315572.0,262,23,1721000.0,4,0.03216132368148914,1014.700964630225,5.4535890383177215,0.012861736334405145
AD_0947,Static_Catalog,Retargeting Campaign,warm,Moisturizer,15759,216,375236.0,176,18,917000.0,4,0.013706453455168474,1737.2037037037037,2.4437953714462366,0.018518518518518517
AD_0948,Video_Review,Retargeting Campaign,warm,Cleanser,9335,253,414281.0,213,38,1374000.0,5,0.027102303160149974,1637.4743083003953,3.3165894646387355,0.019762845849802372
AD_0949,Static_Catalog,Retargeting Campaign,warm,Moisturizer,7037,61,403564.0,49,7,202000.0,2,0.0086684666761404,6615.803278688524,0.5005401869344144,0.03278688524590164
AD_0950,Static_Catalog,Flash Sale Campaign,cold,Moisturizer,5432,82,344288.0,68,13,378000.0,1,0.015095729013254787,4198.634146341464,1.097918022121015,0.012195121951219513
AD_0951,Video_Review,Retargeting Campaign,warm,Moisturizer,5489,176,413392.0,152,15,334000.0,1,0.03206412825651302,2348.818181818182,0.8079498393776368,0.005681818181818182
AD_0952,Video_Review,Retargeting Campaign,warm,Serum,11515,266,306384.0,213,39,327000.0,1,0.023100303951367782,1151.8195488721803,1.0672881090396364,0.0037593984962406013
AD_0953,Video_Review,Flash Sale Campaign,cold,Sunscreen,12345,244,428873.0,208,19,501000.0,1,0.019765087079789388,1757.6762295081967,1.1681779920862354,0.004098360655737705
AD_0954,Static_Catalog,Flash Sale Campaign,cold,Cleanser,7421,94,309633.0,79,15,625000.0,2,0.012666756501819162,3293.968085106383,2.018518697942403,0.02127659574468085
AD_0955,Video_Review,Retargeting Campaign,warm,Cleanser,14773,438,243573.0,359,57,1230000.0,5,0.02964868340892168,556.1027397260274,5.049820792945031,0.01141552511415525
AD_0956,Static_Catalog,Flash Sale Campaign,cold,Cleanser,11332,99,185820.0,82,6,802000.0,4,0.00873632192022591,1876.969696969697,4.3160047357657945,0.04040404040404041
AD_0957,Video_Review,Flash Sale Campaign,cold,Cleanser,12838,252,308851.0,211,32,188000.0,1,0.019629225736095966,1225.5992063492063,0.6087077587574591,0.003968253968253968
AD_0958,Video_Review,Flash Sale Campaign,cold,Moisturizer,17088,457,478994.0,391,57,1312000.0,4,0.026743913857677902,1048.1269146608315,2.7390739758744367,0.0087527352297593
AD_0959,Static_Catalog,Flash Sale Campaign,cold,Cleanser,8960,124,382745.0,101,15,132000.0,1,0.013839285714285714,3086.6532258064517,0.34487713751975857,0.008064516129032258
AD_0960,Video_Review,Flash Sale Campaign,cold,Serum,18690,565,239152.0,493,36,111000.0,1,0.030230069555912252,423.2778761061947,0.4641399611962267,0.0017699115044247787
AD_0961,Video_Review,Awareness Campaign,cold,Moisturizer,6025,152,460519.0,123,17,0.0,0,0.025228215767634853,3029.7302631578946,0.0,0.0
AD_0962,Video_Review,Awareness Campaign,cold,Moisturizer,19940,525,266866.0,442,33,0.0,0,0.026328986960882646,508.31619047619046,0.0,0.0
AD_0963,Video_Review,Retargeting Campaign,warm,Moisturizer,14370,312,275183.0,250,25,0.0,0,0.021711899791231733,881.9967948717949,0.0,0.0
AD_0964,Video_Review,Flash Sale Campaign,cold,Cleanser,7666,227,269808.0,201,30,0.0,0,0.029611270545264804,1188.5814977973569,0.0,0.0
AD_0965,Static_Catalog,Awareness Campaign,cold,Moisturizer,9118,107,229789.0,89,7,0.0,0,0.011735029611756964,2147.5607476635514,0.0,0.0
AD_0966,Static_Catalog,Flash Sale Campaign,cold,Serum,7982,91,243670.0,76,9,1380000.0,4,0.011400651465798045,2677.6923076923076,5.663397217548323,0.04395604395604396
AD_0967,Static_Catalog,Flash Sale Campaign,cold,Moisturizer,10138,98,493887.0,85,6,556000.0,1,0.00966660090747682,5039.663265306122,1.1257635855975152,0.01020408163265306
AD_0968,Static_Catalog,Awareness Campaign,cold,Cleanser,6074,75,309486.0,60,5,701000.0,3,0.012347711557458018,4126.48,2.2650459148394435,0.04
AD_0969,Static_Catalog,Flash Sale Campaign,cold,Serum,9338,90,184153.0,73,3,0.0,0,0.009638038123795245,2046.1444444444444,0.0,0.0
AD_0970,Video_Review,Flash Sale Campaign,cold,Sunscreen,11284,351,372217.0,283,19,671000.0,2,0.03110599078341014,1060.4472934472935,1.8027118589424986,0.005698005698005698
AD_0971,Static_Catalog,Flash Sale Campaign,cold,Moisturizer,14044,194,405428.0,171,13,0.0,0,0.013813728282540587,2089.8350515463917,0.0,0.0
AD_0972,Static_Catalog,Retargeting Campaign,warm,Moisturizer,18530,271,114318.0,224,44,0.0,0,0.014624932541824068,421.8376383763838,0.0,0.0
AD_0973,Video_Review,Awareness Campaign,cold,Serum,17573,468,467482.0,391,41,0.0,0,0.02663176463893473,998.8931623931624,0.0,0.0
AD_0974,Video_Review,Awareness Campaign,cold,Serum,8446,190,242108.0,158,15,1252000.0,5,0.02249585602652143,1274.2526315789473,5.171245890263849,0.02631578947368421
AD_0975,Static_Catalog,Flash Sale Campaign,cold,Moisturizer,15663,133,494718.0,106,6,503000.0,1,0.00849134903913682,3719.684210526316,1.0167408503430237,0.007518796992481203
AD_0976,Static_Catalog,Retargeting Campaign,warm,Moisturizer,17124,227,270231.0,203,28,0.0,0,0.013256248540060734,1190.444933920705,0.0,0.0
AD_0977,Video_Review,Flash Sale Campaign,cold,Cleanser,13123,399,491479.0,343,43,808000.0,3,0.030404633086946582,1231.7769423558898,1.6440173435691048,0.007518796992481203
AD_0978,Video_Review,Awareness Campaign,cold,Cleanser,12024,260,239045.0,222,42,125000.0,1,0.02162341982701264,919.4038461538462,0.5229140956723629,0.0038461538461538464
AD_0979,Static_Catalog,Flash Sale Campaign,cold,Serum,5527,86,332695.0,69,9,352000.0,1,0.015559978288402389,3868.546511627907,1.058026120019838,0.011627906976744186
AD_0980,Static_Catalog,Retargeting Campaign,warm,Sunscreen,7888,69,486265.0,58,7,0.0,0,0.008747464503042597,7047.31884057971,0.0,0.0
AD_0981,Video_Review,Retargeting Campaign,warm,Serum,11503,347,297415.5,286,17,817000.0,3,0.03016604364078936,857.1051873198847,2.746998727369623,0.008645533141210375
AD_0982,Video_Review,Flash Sale Campaign,cold,Moisturizer,14663,410,389151.0,342,37,0.0,0,0.02796153583850508,949.1487804878049,0.0,0.0
AD_0983,Video_Review,Awareness Campaign,cold,Moisturizer,10561,303,232828.0,243,40,272000.0,1,0.028690464918094877,768.4092409240924,1.168244369233941,0.0033003300330033004
AD_0984,Static_Catalog,Retargeting Campaign,warm,Cleanser,10969,124,147367.0,105,9,1011000.0,3,0.011304585650469505,1188.4435483870968,6.860423296938935,0.024193548387096774
AD_0985,Video_Review,Awareness Campaign,cold,Moisturizer,8663,256,294387.0,205,29,0.0,0,0.02955096386932933,1149.94921875,0.0,0.0
AD_0986,Video_Review,Flash Sale Campaign,cold,Moisturizer,15007,275,464709.0,240,15,0.0,0,0.01832478176850803,1689.850909090909,0.0,0.0
AD_0987,Static_Catalog,Retargeting Campaign,warm,Moisturizer,10773,107,275963.0,93,17,1487000.0,5,0.00993223800241344,2579.0934579439254,5.388403517862902,0.04672897196261682
AD_0988,Video_Review,Awareness Campaign,cold,Cleanser,13152,253,294387.0,214,22,570000.0,2,0.01923661800486618,1163.5849802371542,1.9362268034933607,0.007905138339920948
AD_0989,Video_Review,Retargeting Campaign,warm,Moisturizer,15118,275,419055.0,244,16,0.0,0,0.018190236803810027,1523.8363636363636,0.0,0.0
AD_0990,Video_Review,Flash Sale Campaign,cold,Serum,14192,404,142678.0,350,26,138000.0,1,0.02846674182638106,353.16336633663366,0.967212884957737,0.0024752475247524753
AD_0991,Video_Review,Awareness Campaign,cold,Sunscreen,7952,240,466590.0,206,20,138000.0,1,0.030181086519114688,1944.125,0.2957628753295184,0.004166666666666667
AD_0993,Static_Catalog,Awareness Campaign,cold,Moisturizer,19103,253,294387.0,220,22,0.0,0,0.013243993090090563,1163.5849802371542,0.0,0.0
AD_0994,Static_Catalog,Retargeting Campaign,warm,Serum,11182,140,349004.0,120,11,1404000.0,5,0.012520121624038634,2492.885714285714,4.022876528635775,0.03571428571428571
AD_0995,Static_Catalog,Flash Sale Campaign,cold,Moisturizer,10873,140,352822.0,119,21,0.0,0,0.012875931205738987,2520.157142857143,0.0,0.0
AD_0996,Video_Review,Awareness Campaign,cold,Cleanser,8683,214,167507.0,183,11,1072000.0,4,0.024645859725901186,782.7429906542056,6.399732548490511,0.018691588785046728
AD_0997,Static_Catalog,Awareness Campaign,cold,Sunscreen,16274,231,243115.0,201,30,2114000.0,6,0.014194420548113556,1052.4458874458874,8.695473335664191,0.025974025974025976
AD_0998,Video_Review,Awareness Campaign,cold,Moisturizer,9775,294,368356.0,249,25,515000.0,2,0.030076726342710997,1252.9115646258504,1.398104008079141,0.006802721088435374
AD_0999,Static_Catalog,Awareness Campaign,cold,Sunscreen,17532,190,316351.0,162,29,0.0,0,0.010837326032397902,1665.0052631578947,0.0,0.0
AD_1000,Static_Catalog,Flash Sale Campaign,cold,Serum,6284,56,486006.0,50,3,0.0,0,0.008911521323997454,8678.67857142857,0.0,0.0
