ad_id,campaign_name,audience_type,product_type,product_name,variant,date,impressions,clicks,spend_idr,sessions,add_to_cart,transaction_id,transaction_date,revenue_idr,order_status,CTR,CPC
AD_0032,Awareness Campaign,cold,Serum,DermaGlow Brightening Serum,Video_Review,2023-01-06,8060,253,458896.0,216,29,,,,,0.03138957816377171,1813.8181818181818
AD_0110,Awareness Campaign,cold,Sunscreen,DermaGlow UV Shield Sunscreen,Video_Review,2023-09-01,17314,542,108070.0,452,72,,,,,0.031304146933117706,199.39114391143912
AD_0137,Retargeting Campaign,warm,Sunscreen,DermaGlow UV Shield Sunscreen,Static_Catalog,2023-04-13,16374,180,135435.0,146,8,TXN_001630,2023-04-14,231000.0,Success,0.010993037742762916,752.4166666666666
AD_0137,Retargeting Campaign,warm,Sunscreen,DermaGlow UV Shield Sunscreen,Static_Catalog,2023-04-13,16374,180,135435.0,146,8,TXN_001628,2023-04-13,279000.0,Success,0.010993037742762916,752.4166666666666
AD_0137,Retargeting Campaign,warm,Sunscreen,DermaGlow UV Shield Sunscreen,Static_Catalog,2023-04-13,16374,180,135435.0,146,8,TXN_001629,2023-04-16,427000.0,Success,0.010993037742762916,752.4166666666666
AD_0137,Retargeting Campaign,warm,Sunscreen,DermaGlow UV Shield Sunscreen,Static_Catalog,2023-04-13,16374,180,135435.0,146,8,TXN_001627,2023-04-15,92000.0,Success,0.010993037742762916,752.4166666666666
AD_0137,Retargeting Campaign,warm,Sunscreen,DermaGlow UV Shield Sunscreen,Static_Catalog,2023-04-13,16374,180,135435.0,146,8,TXN_001634,2023-04-15,269000.0,Success,0.010993037742762916,752.4166666666666
AD_0137,Retargeting Campaign,warm,Sunscreen,DermaGlow UV Shield Sunscreen,Static_Catalog,2023-04-13,16374,180,135435.0,146,8,TXN_001631,2023-04-16,271000.0,Success,0.010993037742762916,752.4166666666666
AD_0137,Retargeting Campaign,warm,Sunscreen,DermaGlow UV Shield Sunscreen,Static_Catalog,2023-04-13,16374,180,135435.0,146,8,TXN_001636,2023-04-15,336000.0,Success,0.010993037742762916,752.4166666666666
AD_0137,Retargeting Campaign,warm,Sunscreen,DermaGlow UV Shield Sunscreen,Static_Catalog,2023-04-13,16374,180,135435.0,146,8,TXN_001635,2023-04-13,430000.0,Success,0.010993037742762916,752.4166666666666
AD_0089,Retargeting Campaign,warm,Sunscreen,DermaGlow UV Shield Sunscreen,Static_Catalog,2023-11-14,10735,159,244118.0,128,6,TXN_001674,2023-11-17,432000.0,Success,0.014811364694923149,1535.3333333333333
AD_0089,Retargeting Campaign,warm,Sunscreen,DermaGlow UV Shield Sunscreen,Static_Catalog,2023-11-14,10735,159,244118.0,128,6,TXN_001675,2023-11-17,147000.0,Success,0.014811364694923149,1535.3333333333333
AD_0089,Retargeting Campaign,warm,Sunscreen,DermaGlow UV Shield Sunscreen,Static_Catalog,2023-11-14,10735,159,244118.0,128,6,TXN_000600,2023-11-16,170000.0,Success,0.014811364694923149,1535.3333333333333
AD_0089,Retargeting Campaign,warm,Sunscreen,DermaGlow UV Shield Sunscreen,Static_Catalog,2023-11-14,10735,159,244118.0,128,6,TXN_000597,2023-11-16,75000.0,Success,0.014811364694923149,1535.3333333333333
AD_0089,Retargeting Campaign,warm,Sunscreen,DermaGlow UV Shield Sunscreen,Static_Catalog,2023-11-14,10735,159,244118.0,128,6,TXN_000599,2023-11-15,379000.0,Success,0.014811364694923149,1535.3333333333333
AD_0089,Retargeting Campaign,warm,Sunscreen,DermaGlow UV Shield Sunscreen,Static_Catalog,2023-11-14,10735,159,244118.0,128,6,TXN_000596,2023-11-15,122000.0,Success,0.014811364694923149,1535.3333333333333
AD_0089,Retargeting Campaign,warm,Sunscreen,DermaGlow UV Shield Sunscreen,Static_Catalog,2023-11-14,10735,159,244118.0,128,6,TXN_000601,2023-11-16,419000.0,Success,0.014811364694923149,1535.3333333333333
AD_0919,Flash Sale Campaign,cold,Cleanser,DermaGlow Gentle Cleanser,Video_Review,2023-04-15,12446,268,307440.0,217,36,TXN_002121,2023-04-17,543000.0,Success,0.02153302265788205,1147.1641791044776
AD_0169,Flash Sale Campaign,cold,Serum,DermaGlow Brightening Serum,Video_Review,2023-03-29,13731,443,269631.0,355,43,TXN_002197,2023-03-31,521000.0,Success,0.0322627630908164,608.6478555304741
AD_0169,Flash Sale Campaign,cold,Serum,DermaGlow Brightening Serum,Video_Review,2023-03-29,13731,443,269631.0,355,43,TXN_002194,2023-03-30,297000.0,Success,0.0322627630908164,608.6478555304741
AD_0169,Flash Sale Campaign,cold,Serum,DermaGlow Brightening Serum,Video_Review,2023-03-29,13731,443,269631.0,355,43,TXN_002195,2023-04-01,412000.0,Success,0.0322627630908164,608.6478555304741
AD_0169,Flash Sale Campaign,cold,Serum,DermaGlow Brightening Serum,Video_Review,2023-03-29,13731,443,269631.0,355,43,TXN_002199,2023-04-01,280000.0,Success,0.0322627630908164,608.6478555304741
AD_0871,Retargeting Campaign,warm,Serum,DermaGlow Brightening Serum,Video_Review,2023-03-16,8834,223,236016.0,178,18,TXN_001700,2023-03-18,400000.0,Success,0.025243377858274848,1058.3677130044844
AD_0871,Retargeting Campaign,warm,Serum,DermaGlow Brightening Serum,Video_Review,2023-03-16,8834,223,236016.0,178,18,TXN_001699,2023-03-17,492000.0,Success,0.025243377858274848,1058.3677130044844
AD_0319,Awareness Campaign,cold,Serum,DermaGlow Brightening Serum,Video_Review,2023-12-09,14569,311,287954.0,254,32,,,,,0.021346695037408197,925.8971061093248
AD_0262,Retargeting Campaign,warm,Serum,DermaGlow Brightening Serum,Static_Catalog,2023-08-08,8974,133,248087.0,119,12,TXN_002446,2023-08-11,198000.0,Success,0.014820592823712949,1865.3157894736842
AD_0262,Retargeting Campaign,warm,Serum,DermaGlow Brightening Serum,Static_Catalog,2023-08-08,8974,133,248087.0,119,12,TXN_002447,2023-08-11,248000.0,Success,0.014820592823712949,1865.3157894736842
AD_0262,Retargeting Campaign,warm,Serum,DermaGlow Brightening Serum,Static_Catalog,2023-08-08,8974,133,248087.0,119,12,TXN_002450,2023-08-09,385000.0,Success,0.014820592823712949,1865.3157894736842
AD_0262,Retargeting Campaign,warm,Serum,DermaGlow Brightening Serum,Static_Catalog,2023-08-08,8974,133,248087.0,119,12,TXN_002445,2023-08-10,99000.0,Success,0.014820592823712949,1865.3157894736842
AD_0262,Retargeting Campaign,warm,Serum,DermaGlow Brightening Serum,Static_Catalog,2023-08-08,8974,133,248087.0,119,12,TXN_002448,2023-08-09,338000.0,Success,0.014820592823712949,1865.3157894736842
AD_0536,Retargeting Campaign,warm,Serum,DermaGlow Brightening Serum,Static_Catalog,2023-12-23,8981,127,326453.0,103,16,,,,,0.014140964257877742,2570.496062992126
AD_0920,Retargeting Campaign,warm,Serum,DermaGlow Brightening Serum,Video_Review,2023-12-12,8423,149,332366.0,129,21,,,,,0.01768965926629467,2230.6442953020132
AD_0597,Retargeting Campaign,warm,Serum,DermaGlow Brightening Serum,Video_Review,2023-07-16,11232,222,387507.0,186,12,TXN_001409,2023-07-16,389000.0,Success,0.019764957264957264,1745.527027027027
AD_0077,Awareness Campaign,cold,Serum,DermaGlow Brightening Serum,Static_Catalog,2023-02-22,13269,171,243087.0,142,18,,,,,0.012887180646619941,1421.561403508772
AD_0108,Retargeting Campaign,warm,Cleanser,DermaGlow Gentle Cleanser,Video_Review,2023-08-02,8792,168,232717.0,137,24,TXN_002339,2023-08-02,399000.0,Success,0.01910828025477707,1385.220238095238
AD_0108,Retargeting Campaign,warm,Cleanser,DermaGlow Gentle Cleanser,Video_Review,2023-08-02,8792,168,232717.0,137,24,TXN_002336,2023-08-02,337000.0,Success,0.01910828025477707,1385.220238095238
AD_0108,Retargeting Campaign,warm,Cleanser,DermaGlow Gentle Cleanser,Video_Review,2023-08-02,8792,168,232717.0,137,24,TXN_002338,2023-08-04,327000.0,Success,0.01910828025477707,1385.220238095238
AD_0108,Retargeting Campaign,warm,Cleanser,DermaGlow Gentle Cleanser,Video_Review,2023-08-02,8792,168,232717.0,137,24,TXN_002337,2023-08-05,238000.0,Success,0.01910828025477707,1385.220238095238
AD_0425,Awareness Campaign,cold,Moisturizer,DermaGlow Hydrating Moisturizer,Video_Review,2023-05-08,13160,271,158692.0,237,35,,,,,0.020592705167173254,585.5793357933579
AD_0585,Retargeting Campaign,warm,Sunscreen,DermaGlow UV Shield Sunscreen,Static_Catalog,2023-12-06,16562,221,134924.0,185,14,,,,,0.013343799058084773,610.5158371040724
AD_0854,Awareness Campaign,cold,Moisturizer,DermaGlow Hydrating Moisturizer,Video_Review,2023-12-06,9513,170,338366.0,142,8,TXN_000791,2023-12-07,245000.0,Success,0.017870282770945024,1990.3882352941177
AD_0854,Awareness Campaign,cold,Moisturizer,DermaGlow Hydrating Moisturizer,Video_Review,2023-12-06,9513,170,338366.0,142,8,TXN_000790,2023-12-08,103000.0,Success,0.017870282770945024,1990.3882352941177
AD_0854,Awareness Campaign,cold,Moisturizer,DermaGlow Hydrating Moisturizer,Video_Review,2023-12-06,9513,170,338366.0,142,8,TXN_000792,2023-12-09,255000.0,Success,0.017870282770945024,1990.3882352941177
AD_0665,Flash Sale Campaign,cold,Serum,DermaGlow Brightening Serum,Video_Review,2023-09-03,12933,287,307440.0,254,21,,,,,0.02219129359004098,1071.219512195122
AD_0830,Awareness Campaign,cold,Moisturizer,DermaGlow Hydrating Moisturizer,Video_Review,2023-08-12,12002,304,461462.0,265,46,TXN_001794,2023-08-15,117000.0,Success,0.02532911181469755,1517.967105263158
AD_0830,Awareness Campaign,cold,Moisturizer,DermaGlow Hydrating Moisturizer,Video_Review,2023-08-12,12002,304,461462.0,265,46,TXN_001793,2023-08-13,174000.0,Success,0.02532911181469755,1517.967105263158
AD_0830,Awareness Campaign,cold,Moisturizer,DermaGlow Hydrating Moisturizer,Video_Review,2023-08-12,12002,304,461462.0,265,46,TXN_001795,2023-08-12,363000.0,Success,0.02532911181469755,1517.967105263158
AD_0421,Awareness Campaign,cold,Serum,DermaGlow Brightening Serum,Video_Review,2023-05-06,12081,371,252185.0,309,20,TXN_000515,2023-05-09,240000.0,Success,0.03070937836271832,679.743935309973
AD_0421,Awareness Campaign,cold,Serum,DermaGlow Brightening Serum,Video_Review,2023-05-06,12081,371,252185.0,309,20,TXN_000513,2023-05-08,174000.0,Success,0.03070937836271832,679.743935309973
AD_0598,Retargeting Campaign,warm,Moisturizer,DermaGlow Hydrating Moisturizer,Video_Review,2023-05-02,8129,230,177506.0,191,21,TXN_001357,2023-05-04,501000.0,Success,0.028293763070488375,771.7652173913043
AD_0459,Retargeting Campaign,warm,Sunscreen,DermaGlow UV Shield Sunscreen,Static_Catalog,2023-03-12,13954,164,27152.0,146,8,TXN_000892,2023-03-12,201000.0,Success,0.011752902393578903,165.5609756097561
AD_0459,Retargeting Campaign,warm,Sunscreen,DermaGlow UV Shield Sunscreen,Static_Catalog,2023-03-12,13954,164,27152.0,146,8,TXN_000890,2023-03-15,462000.0,Success,0.011752902393578903,165.5609756097561
AD_0459,Retargeting Campaign,warm,Sunscreen,DermaGlow UV Shield Sunscreen,Static_Catalog,2023-03-12,13954,164,27152.0,146,8,TXN_000891,2023-03-15,384000.0,Success,0.011752902393578903,165.5609756097561
AD_0313,Flash Sale Campaign,cold,Cleanser,DermaGlow Gentle Cleanser,Video_Review,2023-06-06,7913,214,220234.0,179,30,,,,,0.02704410463793757,1029.1308411214952
AD_0650,Flash Sale Campaign,cold,Cleanser,DermaGlow Gentle Cleanser,Static_Catalog,2023-11-18,13269,166,479553.0,148,18,TXN_000825,2023-11-21,370000.0,Success,0.012510362499057955,2888.873493975904
AD_0650,Flash Sale Campaign,cold,Cleanser,DermaGlow Gentle Cleanser,Static_Catalog,2023-11-18,13269,166,479553.0,148,18,TXN_000821,2023-11-18,495000.0,Success,0.012510362499057955,2888.873493975904
AD_0650,Flash Sale Campaign,cold,Cleanser,DermaGlow Gentle Cleanser,Static_Catalog,2023-11-18,13269,166,479553.0,148,18,TXN_000823,2023-11-19,385000.0,Success,0.012510362499057955,2888.873493975904
AD_0366,Flash Sale Campaign,cold,Moisturizer,DermaGlow Hydrating Moisturizer,Video_Review,2023-05-05,19906,466,168431.0,418,68,,,,,0.023410027127499247,361.4399141630901
AD_0322,Retargeting Campaign,warm,Sunscreen,DermaGlow UV Shield Sunscreen,Video_Review,2023-12-07,15848,446,454165.0,366,71,,,,,0.028142352347299344,1018.3071748878924
AD_0630,Awareness Campaign,cold,Serum,DermaGlow Brightening Serum,Static_Catalog,2023-07-30,10398,158,352364.0,141,27,,,,,0.015195229851894596,2230.1518987341774
AD_0915,Awareness Campaign,cold,Serum,DermaGlow Brightening Serum,Static_Catalog,2023-07-12,18314,258,286023.0,216,13,,,,,0.014087583269629791,1108.6162790697674
AD_0469,Flash Sale Campaign,cold,Serum,DermaGlow Brightening Serum,Static_Catalog,2023-02-08,18084,238,365406.0,203,15,TXN_000308,2023-02-08,319000.0,Success,0.013160805131608052,1535.3193277310925
AD_0469,Flash Sale Campaign,cold,Serum,DermaGlow Brightening Serum,Static_Catalog,2023-02-08,18084,238,365406.0,203,15,TXN_000312,2023-02-08,331000.0,Success,0.013160805131608052,1535.3193277310925
AD_0469,Flash Sale Campaign,cold,Serum,DermaGlow Brightening Serum,Static_Catalog,2023-02-08,18084,238,365406.0,203,15,TXN_000317,2023-02-08,179000.0,Success,0.013160805131608052,1535.3193277310925
AD_0469,Flash Sale Campaign,cold,Serum,DermaGlow Brightening Serum,Static_Catalog,2023-02-08,18084,238,365406.0,203,15,TXN_000310,2023-02-08,426000.0,Success,0.013160805131608052,1535.3193277310925
AD_0469,Flash Sale Campaign,cold,Serum,DermaGlow Brightening Serum,Static_Catalog,2023-02-08,18084,238,365406.0,203,15,TXN_000309,2023-02-10,98000.0,Success,0.013160805131608052,1535.3193277310925
AD_0469,Flash Sale Campaign,cold,Serum,DermaGlow Brightening Serum,Static_Catalog,2023-02-08,18084,238,365406.0,203,15,TXN_000316,2023-02-11,320000.0,Success,0.013160805131608052,1535.3193277310925
AD_0469,Flash Sale Campaign,cold,Serum,DermaGlow Brightening Serum,Static_Catalog,2023-02-08,18084,238,365406.0,203,15,TXN_000311,2023-02-11,181000.0,Success,0.013160805131608052,1535.3193277310925
AD_0469,Flash Sale Campaign,cold,Serum,DermaGlow Brightening Serum,Static_Catalog,2023-02-08,18084,238,365406.0,203,15,TXN_000313,2023-02-08,345000.0,Success,0.013160805131608052,1535.3193277310925
AD_0469,Flash Sale Campaign,cold,Serum,DermaGlow Brightening Serum,Static_Catalog,2023-02-08,18084,238,365406.0,203,15,TXN_000315,2023-02-08,483000.0,Success,0.013160805131608052,1535.3193277310925
AD_0469,Flash Sale Campaign,cold,Serum,DermaGlow Brightening Serum,Static_Catalog,2023-02-08,18084,238,365406.0,203,15,TXN_000318,2023-02-09,309000.0,Success,0.013160805131608052,1535.3193277310925
AD_0599,Retargeting Campaign,warm,Cleanser,DermaGlow Gentle Cleanser,Static_Catalog,2023-11-21,17042,143,494109.0,117,19,TXN_001431,2023-11-21,358000.0,Success,0.008391033916207017,3455.3076923076924
AD_0599,Retargeting Campaign,warm,Cleanser,DermaGlow Gentle Cleanser,Static_Catalog,2023-11-21,17042,143,494109.0,117,19,TXN_001434,2023-11-23,137000.0,Success,0.008391033916207017,3455.3076923076924
AD_0599,Retargeting Campaign,warm,Cleanser,DermaGlow Gentle Cleanser,Static_Catalog,2023-11-21,17042,143,494109.0,117,19,TXN_001432,2023-11-23,224000.0,Success,0.008391033916207017,3455.3076923076924
AD_0599,Retargeting Campaign,warm,Cleanser,DermaGlow Gentle Cleanser,Static_Catalog,2023-11-21,17042,143,494109.0,117,19,TXN_001433,2023-11-23,81000.0,Success,0.008391033916207017,3455.3076923076924
AD_0599,Retargeting Campaign,warm,Cleanser,DermaGlow Gentle Cleanser,Static_Catalog,2023-11-21,17042,143,494109.0,117,19,TXN_001435,2023-11-23,573000.0,Success,0.008391033916207017,3455.3076923076924
AD_0395,Retargeting Campaign,warm,Sunscreen,DermaGlow UV Shield Sunscreen,Video_Review,2023-10-16,10765,306,175277.0,268,44,TXN_001197,2023-10-16,293000.0,Success,0.028425452856479332,572.8006535947712
AD_0537,Retargeting Campaign,warm,Serum,DermaGlow Brightening Serum,Video_Review,2023-12-02,9535,280,493120.0,247,35,TXN_001251,2023-12-03,533000.0,Success,0.029365495542737284,1761.142857142857
AD_0721,Retargeting Campaign,warm,Sunscreen,DermaGlow UV Shield Sunscreen,Video_Review,2023-11-16,11777,282,211915.0,248,18,TXN_002417,2023-11-19,382000.0,Success,0.023944977498514052,751.4716312056737
AD_0334,Awareness Campaign,cold,Sunscreen,DermaGlow UV Shield Sunscreen,Video_Review,2023-12-24,10776,269,451977.0,221,26,TXN_000489,2023-12-25,180000.0,Success,0.024962880475129918,1680.2118959107806
AD_0410,Retargeting Campaign,warm,Serum,DermaGlow Brightening Serum,Video_Review,2023-03-14,14786,378,334864.0,335,62,TXN_000114,2023-03-16,310000.0,Success,0.02556472338698769,885.8835978835979
AD_0410,Retargeting Campaign,warm,Serum,DermaGlow Brightening Serum,Video_Review,2023-03-14,14786,378,334864.0,335,62,TXN_000113,2023-03-16,388000.0,Success,0.02556472338698769,885.8835978835979
AD_0410,Retargeting Campaign,warm,Serum,DermaGlow Brightening Serum,Video_Review,2023-03-14,14786,378,334864.0,335,62,TXN_000111,2023-03-16,422000.0,Success,0.02556472338698769,885.8835978835979
AD_0060,Retargeting Campaign,warm,Serum,DermaGlow Brightening Serum,Video_Review,2023-02-08,11268,199,240507.0,170,27,,,,,0.017660631877884275,1208.5778894472362
AD_0257,Flash Sale Campaign,cold,Sunscreen,DermaGlow UV Shield Sunscreen,Video_Review,2023-07-17,9171,213,103471.0,174,23,TXN_001088,2023-07-17,89000.0,Success,0.023225384363755316,485.7793427230047
AD_0257,Flash Sale Campaign,cold,Sunscreen,DermaGlow UV Shield Sunscreen,Video_Review,2023-07-17,9171,213,103471.0,174,23,TXN_001090,2023-07-17,296000.0,Success,0.023225384363755316,485.7793427230047
AD_0257,Flash Sale Campaign,cold,Sunscreen,DermaGlow UV Shield Sunscreen,Video_Review,2023-07-17,9171,213,103471.0,174,23,TXN_001089,2023-07-17,67000.0,Success,0.023225384363755316,485.7793427230047
AD_0970,Flash Sale Campaign,cold,Sunscreen,DermaGlow UV Shield Sunscreen,Video_Review,2023-10-12,11284,351,372217.0,283,19,TXN_002222,2023-10-14,433000.0,Success,0.03110599078341014,1060.4472934472935
AD_0970,Flash Sale Campaign,cold,Sunscreen,DermaGlow UV Shield Sunscreen,Video_Review,2023-10-12,11284,351,372217.0,283,19,TXN_002223,2023-10-15,238000.0,Success,0.03110599078341014,1060.4472934472935
AD_0686,Awareness Campaign,cold,Cleanser,DermaGlow Gentle Cleanser,Static_Catalog,2023-12-17,12865,184,407124.0,148,25,,,,,0.014302370773416246,2212.6304347826085
AD_0343,Retargeting Campaign,warm,Cleanser,DermaGlow Gentle Cleanser,Static_Catalog,2023-06-28,15662,187,424512.0,166,29,TXN_002055,2023-06-30,438000.0,Success,0.011939726727110203,2270.1176470588234
AD_0343,Retargeting Campaign,warm,Cleanser,DermaGlow Gentle Cleanser,Static_Catalog,2023-06-28,15662,187,424512.0,166,29,TXN_002051,2023-07-01,264000.0,Success,0.011939726727110203,2270.1176470588234
AD_0343,Retargeting Campaign,warm,Cleanser,DermaGlow Gentle Cleanser,Static_Catalog,2023-06-28,15662,187,424512.0,166,29,TXN_002056,2023-06-28,100000.0,Success,0.011939726727110203,2270.1176470588234
AD_0343,Retargeting Campaign,warm,Cleanser,DermaGlow Gentle Cleanser,Static_Catalog,2023-06-28,15662,187,424512.0,166,29,TXN_002052,2023-06-28,501000.0,Success,0.011939726727110203,2270.1176470588234
AD_0343,Retargeting Campaign,warm,Cleanser,DermaGlow Gentle Cleanser,Static_Catalog,2023-06-28,15662,187,424512.0,166,29,TXN_002061,2023-07-01,418000.0,Success,0.011939726727110203,2270.1176470588234
AD_0343,Retargeting Campaign,warm,Cleanser,DermaGlow Gentle Cleanser,Static_Catalog,2023-06-28,15662,187,424512.0,166,29,TXN_002059,2023-06-28,544000.0,Success,0.011939726727110203,2270.1176470588234
AD_0343,Retargeting Campaign,warm,Cleanser,DermaGlow Gentle Cleanser,Static_Catalog,2023-06-28,15662,187,424512.0,166,29,TXN_002053,2023-07-01,334000.0,Success,0.011939726727110203,2270.1176470588234
AD_0343,Retargeting Campaign,warm,Cleanser,DermaGlow Gentle Cleanser,Static_Catalog,2023-06-28,15662,187,424512.0,166,29,TXN_002060,2023-06-30,320000.0,Success,0.011939726727110203,2270.1176470588234
AD_0343,Retargeting Campaign,warm,Cleanser,DermaGlow Gentle Cleanser,Static_Catalog,2023-06-28,15662,187,424512.0,166,29,TXN_002057,2023-07-01,115000.0,Success,0.011939726727110203,2270.1176470588234
AD_0343,Retargeting Campaign,warm,Cleanser,DermaGlow Gentle Cleanser,Static_Catalog,2023-06-28,15662,187,424512.0,166,29,TXN_002062,2023-07-01,403000.0,Success,0.011939726727110203,2270.1176470588234
AD_0636,Flash Sale Campaign,cold,Cleanser,DermaGlow Gentle Cleanser,Video_Review,2023-11-16,11593,285,317726.0,231,42,,,,,0.024583800569309065,1114.8280701754386
AD_0709,Retargeting Campaign,warm,Cleanser,DermaGlow Gentle Cleanser,Video_Review,2023-01-03,19361,373,444572.0,305,31,TXN_001670,2023-01-06,413000.0,Success,0.019265533805072052,1191.8820375335122
AD_0011,Flash Sale Campaign,cold,Serum,DermaGlow Brightening Serum,Video_Review,2023-01-28,8104,149,397366.0,129,19,TXN_002064,2023-01-28,310000.0,Success,0.01838598223099704,2666.8859060402683
AD_0486,Flash Sale Campaign,cold,Cleanser,DermaGlow Gentle Cleanser,Video_Review,2023-05-22,14678,367,428953.0,293,17,TXN_002084,2023-05-23,145000.0,Success,0.025003406458645593,1168.809264305177
AD_0486,Flash Sale Campaign,cold,Cleanser,DermaGlow Gentle Cleanser,Video_Review,2023-05-22,14678,367,428953.0,293,17,TXN_002083,2023-05-23,220000.0,Success,0.025003406458645593,1168.809264305177
AD_0210,Awareness Campaign,cold,Moisturizer,DermaGlow Hydrating Moisturizer,Video_Review,2023-10-07,10699,303,176329.0,269,44,,,,,0.028320403776053837,581.9438943894389
AD_0140,Flash Sale Campaign,cold,Moisturizer,DermaGlow Hydrating Moisturizer,Video_Review,2023-10-01,8810,163,469453.0,136,22,,,,,0.018501702610669694,2880.079754601227
AD_0389,Retargeting Campaign,warm,Moisturizer,DermaGlow Hydrating Moisturizer,Video_Review,2023-02-12,7535,222,388544.0,199,23,,,,,0.029462508294625083,1750.1981981981983
AD_0623,Awareness Campaign,cold,Sunscreen,DermaGlow UV Shield Sunscreen,Static_Catalog,2023-04-09,8605,132,118557.0,112,11,TXN_001209,2023-04-09,497000.0,Success,0.015339918651946543,898.1590909090909
AD_0623,Awareness Campaign,cold,Sunscreen,DermaGlow UV Shield Sunscreen,Static_Catalog,2023-04-09,8605,132,118557.0,112,11,TXN_001208,2023-04-10,279000.0,Success,0.015339918651946543,898.1590909090909
AD_0623,Awareness Campaign,cold,Sunscreen,DermaGlow UV Shield Sunscreen,Static_Catalog,2023-04-09,8605,132,118557.0,112,11,TXN_001205,2023-04-10,352000.0,Success,0.015339918651946543,898.1590909090909
AD_0623,Awareness Campaign,cold,Sunscreen,DermaGlow UV Shield Sunscreen,Static_Catalog,2023-04-09,8605,132,118557.0,112,11,TXN_001207,2023-04-12,305000.0,Success,0.015339918651946543,898.1590909090909
AD_0623,Awareness Campaign,cold,Sunscreen,DermaGlow UV Shield Sunscreen,Static_Catalog,2023-04-09,8605,132,118557.0,112,11,TXN_001206,2023-04-09,150000.0,Success,0.015339918651946543,898.1590909090909
AD_0623,Awareness Campaign,cold,Sunscreen,DermaGlow UV Shield Sunscreen,Static_Catalog,2023-04-09,8605,132,118557.0,112,11,TXN_001210,2023-04-10,129000.0,Success,0.015339918651946543,898.1590909090909
AD_0825,Awareness Campaign,cold,Sunscreen,DermaGlow UV Shield Sunscreen,Static_Catalog,2023-04-28,17292,175,201735.0,147,24,TXN_002410,2023-05-01,173000.0,Success,0.01012028683784409,1152.7714285714285
AD_0718,Flash Sale Campaign,cold,Cleanser,DermaGlow Gentle Cleanser,Static_Catalog,2023-08-14,13539,126,148784.0,106,7,TXN_002340,2023-08-15,147000.0,Success,0.009306448038998449,1180.8253968253969
AD_0718,Flash Sale Campaign,cold,Cleanser,DermaGlow Gentle Cleanser,Static_Catalog,2023-08-14,13539,126,148784.0,106,7,TXN_002343,2023-08-16,78000.0,Success,0.009306448038998449,1180.8253968253969
AD_0718,Flash Sale Campaign,cold,Cleanser,DermaGlow Gentle Cleanser,Static_Catalog,2023-08-14,13539,126,148784.0,106,7,TXN_002342,2023-08-15,153000.0,Success,0.009306448038998449,1180.8253968253969
AD_0718,Flash Sale Campaign,cold,Cleanser,DermaGlow Gentle Cleanser,Static_Catalog,2023-08-14,13539,126,148784.0,106,7,TXN_002341,2023-08-17,219000.0,Success,0.009306448038998449,1180.8253968253969
AD_0846,Awareness Campaign,cold,Moisturizer,DermaGlow Hydrating Moisturizer,Static_Catalog,2023-08-25,7877,79,112336.0,70,4,TXN_001652,2023-08-27,162000.0,Success,0.010029198933604164,1421.9746835443038
AD_0846,Awareness Campaign,cold,Moisturizer,DermaGlow Hydrating Moisturizer,Static_Catalog,2023-08-25,7877,79,112336.0,70,4,TXN_001651,2023-08-25,282000.0,Success,0.010029198933604164,1421.9746835443038
AD_0688,Flash Sale Campaign,cold,Moisturizer,DermaGlow Hydrating Moisturizer,Static_Catalog,2023-01-07,5579,61,139236.0,48,5,,,,,0.010933859114536655,2282.55737704918
AD_0936,Retargeting Campaign,warm,Moisturizer,DermaGlow Hydrating Moisturizer,Video_Review,2023-03-09,12692,282,203107.0,232,43,,,,,0.022218720453829183,720.2375886524823
AD_0582,Awareness Campaign,cold,Serum,DermaGlow Brightening Serum,Static_Catalog,2023-08-24,9261,136,355719.0,110,12,TXN_001810,2023-08-25,364000.0,Success,0.014685239175035093,2615.580882352941
AD_0582,Awareness Campaign,cold,Serum,DermaGlow Brightening Serum,Static_Catalog,2023-08-24,9261,136,355719.0,110,12,TXN_001811,2023-08-27,265000.0,Success,0.014685239175035093,2615.580882352941
AD_0383,Awareness Campaign,cold,Cleanser,DermaGlow Gentle Cleanser,Video_Review,2023-09-29,17014,490,278207.0,400,66,TXN_002262,2023-09-30,152000.0,Success,0.028799811919595627,567.769387755102
AD_0383,Awareness Campaign,cold,Cleanser,DermaGlow Gentle Cleanser,Video_Review,2023-09-29,17014,490,278207.0,400,66,TXN_002258,2023-09-30,115000.0,Success,0.028799811919595627,567.769387755102
AD_0383,Awareness Campaign,cold,Cleanser,DermaGlow Gentle Cleanser,Video_Review,2023-09-29,17014,490,278207.0,400,66,TXN_002261,2023-09-29,343000.0,Success,0.028799811919595627,567.769387755102
AD_0071,Retargeting Campaign,warm,Sunscreen,DermaGlow UV Shield Sunscreen,Video_Review,2023-03-26,10997,233,416076.0,200,16,,,,,0.021187596617259254,1785.733905579399
AD_0261,Retargeting Campaign,warm,Serum,DermaGlow Brightening Serum,Static_Catalog,2023-12-30,12710,191,162424.0,171,10,TXN_001568,2024-01-01,157000.0,Success,0.015027537372147915,850.3874345549738
AD_0261,Retargeting Campaign,warm,Serum,DermaGlow Brightening Serum,Static_Catalog,2023-12-30,12710,191,162424.0,171,10,TXN_001566,2023-12-30,111000.0,Success,0.015027537372147915,850.3874345549738
AD_0261,Retargeting Campaign,warm,Serum,DermaGlow Brightening Serum,Static_Catalog,2023-12-30,12710,191,162424.0,171,10,TXN_001565,2024-01-02,409000.0,Success,0.015027537372147915,850.3874345549738
AD_0261,Retargeting Campaign,warm,Serum,DermaGlow Brightening Serum,Static_Catalog,2023-12-30,12710,191,162424.0,171,10,TXN_001570,2024-01-02,328000.0,Success,0.015027537372147915,850.3874345549738
AD_0261,Retargeting Campaign,warm,Serum,DermaGlow Brightening Serum,Static_Catalog,2023-12-30,12710,191,162424.0,171,10,TXN_001574,2024-01-01,203000.0,Success,0.015027537372147915,850.3874345549738
AD_0261,Retargeting Campaign,warm,Serum,DermaGlow Brightening Serum,Static_Catalog,2023-12-30,12710,191,162424.0,171,10,TXN_001569,2023-12-30,244000.0,Success,0.015027537372147915,850.3874345549738
AD_0801,Retargeting Campaign,warm,Sunscreen,DermaGlow UV Shield Sunscreen,Static_Catalog,2023-02-19,6737,86,185474.0,70,10,TXN_001132,2023-02-21,504000.0,Success,0.012765325812676266,2156.6744186046512
AD_0801,Retargeting Campaign,warm,Sunscreen,DermaGlow UV Shield Sunscreen,Static_Catalog,2023-02-19,6737,86,185474.0,70,10,TXN_001134,2023-02-22,392000.0,Success,0.012765325812676266,2156.6744186046512
AD_0801,Retargeting Campaign,warm,Sunscreen,DermaGlow UV Shield Sunscreen,Static_Catalog,2023-02-19,6737,86,185474.0,70,10,TXN_001133,2023-02-20,396000.0,Success,0.012765325812676266,2156.6744186046512
AD_0801,Retargeting Campaign,warm,Sunscreen,DermaGlow UV Shield Sunscreen,Static_Catalog,2023-02-19,6737,86,185474.0,70,10,TXN_001131,2023-02-20,146000.0,Success,0.012765325812676266,2156.6744186046512
AD_0454,Retargeting Campaign,warm,Sunscreen,DermaGlow UV Shield Sunscreen,Static_Catalog,2023-07-03,11108,105,322128.0,86,16,,,,,0.009452646741087504,3067.885714285714
AD_0592,Awareness Campaign,cold,Cleanser,DermaGlow Gentle Cleanser,Static_Catalog,2023-03-29,7478,63,472926.0,55,5,,,,,0.00842471248997058,7506.761904761905
AD_0907,Flash Sale Campaign,cold,Serum,DermaGlow Brightening Serum,Video_Review,2023-10-13,12646,386,430331.0,313,55,TXN_000201,2023-10-16,284000.0,Success,0.03052348568717381,1114.8471502590673
AD_0907,Flash Sale Campaign,cold,Serum,DermaGlow Brightening Serum,Video_Review,2023-10-13,12646,386,430331.0,313,55,TXN_000202,2023-10-14,101000.0,Success,0.03052348568717381,1114.8471502590673
AD_0785,Awareness Campaign,cold,Moisturizer,DermaGlow Hydrating Moisturizer,Static_Catalog,2023-02-08,7727,69,465543.0,60,3,,,,,0.00892972693153876,6747.0
AD_0214,Retargeting Campaign,warm,Cleanser,DermaGlow Gentle Cleanser,Static_Catalog,2023-02-05,8374,82,362351.0,68,7,TXN_001528,2023-02-05,299000.0,Success,0.00979221399570098,4418.914634146341
AD_0214,Retargeting Campaign,warm,Cleanser,DermaGlow Gentle Cleanser,Static_Catalog,2023-02-05,8374,82,362351.0,68,7,TXN_001530,2023-02-07,188000.0,Success,0.00979221399570098,4418.914634146341
AD_0214,Retargeting Campaign,warm,Cleanser,DermaGlow Gentle Cleanser,Static_Catalog,2023-02-05,8374,82,362351.0,68,7,TXN_001529,2023-02-05,314000.0,Success,0.00979221399570098,4418.914634146341
AD_0097,Awareness Campaign,cold,Cleanser,DermaGlow Gentle Cleanser,Video_Review,2023-12-27,13941,416,115524.0,366,54,TXN_001019,2023-12-27,321000.0,Success,0.029840040169284845,277.7019230769231
AD_0097,Awareness Campaign,cold,Cleanser,DermaGlow Gentle Cleanser,Video_Review,2023-12-27,13941,416,115524.0,366,54,TXN_001020,2023-12-27,81000.0,Success,0.029840040169284845,277.7019230769231
AD_0097,Awareness Campaign,cold,Cleanser,DermaGlow Gentle Cleanser,Video_Review,2023-12-27,13941,416,115524.0,366,54,TXN_001021,2023-12-28,192000.0,Success,0.029840040169284845,277.7019230769231
AD_0680,Flash Sale Campaign,cold,Serum,DermaGlow Brightening Serum,Video_Review,2023-09-17,12422,300,359278.0,248,46,,,,,0.024150700370310738,1197.5933333333332
AD_0850,Flash Sale Campaign,cold,Cleanser,DermaGlow Gentle Cleanser,Video_Review,2023-01-29,14638,270,210160.0,235,37,TXN_002275,2023-02-01,395000.0,Success,0.01844514277906818,778.3703703703703
AD_0850,Flash Sale Campaign,cold,Cleanser,DermaGlow Gentle Cleanser,Video_Review,2023-01-29,14638,270,210160.0,235,37,TXN_002276,2023-02-01,112000.0,Success,0.01844514277906818,778.3703703703703
AD_0850,Flash Sale Campaign,cold,Cleanser,DermaGlow Gentle Cleanser,Video_Review,2023-01-29,14638,270,210160.0,235,37,TXN_002273,2023-02-01,101000.0,Success,0.01844514277906818,778.3703703703703
AD_0850,Flash Sale Campaign,cold,Cleanser,DermaGlow Gentle Cleanser,Video_Review,2023-01-29,14638,270,210160.0,235,37,TXN_002274,2023-01-29,370000.0,Success,0.01844514277906818,778.3703703703703
AD_0694,Awareness Campaign,cold,Moisturizer,DermaGlow Hydrating Moisturizer,Video_Review,2023-10-04,7551,149,481164.0,126,11,TXN_000109,2023-10-05,209000.0,Success,0.019732485763475038,3229.288590604027
AD_0881,Flash Sale Campaign,cold,Serum,DermaGlow Brightening Serum,Video_Review,2023-01-09,17032,450,184667.0,367,34,TXN_002270,2023-01-11,295000.0,Success,0.026420854861437294,410.37111111111113
AD_0193,Awareness Campaign,cold,Moisturizer,DermaGlow Hydrating Moisturizer,Video_Review,2023-10-14,8124,223,258056.0,180,26,,,,,0.02744953225012309,1157.201793721973
AD_0281,Retargeting Campaign,warm,Sunscreen,DermaGlow UV Shield Sunscreen,Static_Catalog,2023-10-13,10348,95,191353.0,76,6,TXN_000369,2023-10-14,205000.0,Success,0.009180517974487823,2014.2421052631578
AD_0281,Retargeting Campaign,warm,Sunscreen,DermaGlow UV Shield Sunscreen,Static_Catalog,2023-10-13,10348,95,191353.0,76,6,TXN_000370,2023-10-15,132000.0,Success,0.009180517974487823,2014.2421052631578
AD_0534,Retargeting Campaign,warm,Cleanser,DermaGlow Gentle Cleanser,Video_Review,2023-08-14,14206,383,128992.0,332,52,TXN_001195,2023-08-17,450000.0,Success,0.026960439251020697,336.79373368146213
AD_0534,Retargeting Campaign,warm,Cleanser,DermaGlow Gentle Cleanser,Video_Review,2023-08-14,14206,383,128992.0,332,52,TXN_001193,2023-08-17,453000.0,Success,0.026960439251020697,336.79373368146213
AD_0534,Retargeting Campaign,warm,Cleanser,DermaGlow Gentle Cleanser,Video_Review,2023-08-14,14206,383,128992.0,332,52,TXN_001194,2023-08-17,147000.0,Success,0.026960439251020697,336.79373368146213
AD_0534,Retargeting Campaign,warm,Cleanser,DermaGlow Gentle Cleanser,Video_Review,2023-08-14,14206,383,128992.0,332,52,TXN_001192,2023-08-17,423000.0,Success,0.026960439251020697,336.79373368146213
AD_0683,Flash Sale Campaign,cold,Serum,DermaGlow Brightening Serum,Video_Review,2023-08-20,14182,356,472078.0,319,36,,,,,0.02510224227894514,1326.061797752809
AD_0618,Retargeting Campaign,warm,Sunscreen,DermaGlow UV Shield Sunscreen,Static_Catalog,2023-12-28,18703,265,348780.0,231,35,TXN_001823,2023-12-28,300000.0,Success,0.014168849917125595,1316.1509433962265
AD_0618,Retargeting Campaign,warm,Sunscreen,DermaGlow UV Shield Sunscreen,Static_Catalog,2023-12-28,18703,265,348780.0,231,35,TXN_001826,2023-12-31,292000.0,Success,0.014168849917125595,1316.1509433962265
AD_0618,Retargeting Campaign,warm,Sunscreen,DermaGlow UV Shield Sunscreen,Static_Catalog,2023-12-28,18703,265,348780.0,231,35,TXN_001829,2023-12-30,298000.0,Success,0.014168849917125595,1316.1509433962265
AD_0618,Retargeting Campaign,warm,Sunscreen,DermaGlow UV Shield Sunscreen,Static_Catalog,2023-12-28,18703,265,348780.0,231,35,TXN_001827,2023-12-28,538000.0,Success,0.014168849917125595,1316.1509433962265
AD_0618,Retargeting Campaign,warm,Sunscreen,DermaGlow UV Shield Sunscreen,Static_Catalog,2023-12-28,18703,265,348780.0,231,35,TXN_001825,2023-12-31,383000.0,Success,0.014168849917125595,1316.1509433962265
AD_0618,Retargeting Campaign,warm,Sunscreen,DermaGlow UV Shield Sunscreen,Static_Catalog,2023-12-28,18703,265,348780.0,231,35,TXN_001828,2023-12-29,82000.0,Success,0.014168849917125595,1316.1509433962265
AD_0618,Retargeting Campaign,warm,Sunscreen,DermaGlow UV Shield Sunscreen,Static_Catalog,2023-12-28,18703,265,348780.0,231,35,TXN_001822,2023-12-29,84000.0,Success,0.014168849917125595,1316.1509433962265
AD_0618,Retargeting Campaign,warm,Sunscreen,DermaGlow UV Shield Sunscreen,Static_Catalog,2023-12-28,18703,265,348780.0,231,35,TXN_001824,2023-12-28,438000.0,Success,0.014168849917125595,1316.1509433962265
AD_0983,Awareness Campaign,cold,Moisturizer,DermaGlow Hydrating Moisturizer,Video_Review,2023-09-15,10561,303,232828.0,243,40,TXN_000852,2023-09-17,272000.0,Success,0.028690464918094877,768.4092409240924
AD_0911,Awareness Campaign,cold,Sunscreen,DermaGlow UV Shield Sunscreen,Video_Review,2023-05-30,19597,615,208241.0,516,61,TXN_000105,2023-06-01,291000.0,Success,0.03138235444200643,338.60325203252034
AD_0911,Awareness Campaign,cold,Sunscreen,DermaGlow UV Shield Sunscreen,Video_Review,2023-05-30,19597,615,208241.0,516,61,TXN_000104,2023-06-02,431000.0,Success,0.03138235444200643,338.60325203252034
AD_0185,Awareness Campaign,cold,Moisturizer,DermaGlow Hydrating Moisturizer,Static_Catalog,2023-09-21,13656,139,171635.0,116,16,TXN_000880,2023-09-21,256000.0,Success,0.010178676039835969,1234.7841726618706
AD_0185,Awareness Campaign,cold,Moisturizer,DermaGlow Hydrating Moisturizer,Static_Catalog,2023-09-21,13656,139,171635.0,116,16,TXN_000882,2023-09-24,268000.0,Success,0.010178676039835969,1234.7841726618706
AD_0185,Awareness Campaign,cold,Moisturizer,DermaGlow Hydrating Moisturizer,Static_Catalog,2023-09-21,13656,139,171635.0,116,16,TXN_000883,2023-09-21,154000.0,Success,0.010178676039835969,1234.7841726618706
AD_0031,Awareness Campaign,cold,Cleanser,DermaGlow Gentle Cleanser,Video_Review,2023-10-31,11642,337,205983.0,275,52,,,,,0.028946916337399074,611.2255192878338
AD_0329,Awareness Campaign,cold,Serum,DermaGlow Brightening Serum,Video_Review,2023-11-19,10929,294,362420.0,245,41,,,,,0.026900905846829536,1232.7210884353742
AD_0507,Retargeting Campaign,warm,Serum,DermaGlow Brightening Serum,Static_Catalog,2023-07-16,5422,74,137034.0,65,9,,,,,0.01364810033198082,1851.8108108108108
AD_0055,Awareness Campaign,cold,Moisturizer,DermaGlow Hydrating Moisturizer,Video_Review,2023-01-25,12588,362,422710.0,317,21,TXN_000307,2023-01-26,255000.0,Success,0.028757546870034952,1167.707182320442
AD_0055,Awareness Campaign,cold,Moisturizer,DermaGlow Hydrating Moisturizer,Video_Review,2023-01-25,12588,362,422710.0,317,21,TXN_000306,2023-01-26,335000.0,Success,0.028757546870034952,1167.707182320442
AD_0024,Flash Sale Campaign,cold,Cleanser,DermaGlow Gentle Cleanser,Video_Review,2023-05-31,18561,396,408987.0,323,63,TXN_001739,2023-06-03,213000.0,Success,0.02133505737837401,1032.7954545454545
AD_0024,Flash Sale Campaign,cold,Cleanser,DermaGlow Gentle Cleanser,Video_Review,2023-05-31,18561,396,408987.0,323,63,TXN_001742,2023-06-02,188000.0,Success,0.02133505737837401,1032.7954545454545
AD_0024,Flash Sale Campaign,cold,Cleanser,DermaGlow Gentle Cleanser,Video_Review,2023-05-31,18561,396,408987.0,323,63,TXN_001740,2023-06-03,239000.0,Success,0.02133505737837401,1032.7954545454545
AD_0102,Awareness Campaign,cold,Sunscreen,DermaGlow UV Shield Sunscreen,Video_Review,2023-10-16,9645,272,465060.0,241,24,TXN_000893,2023-10-18,343000.0,Success,0.028201140487299117,1709.7794117647059
AD_0102,Awareness Campaign,cold,Sunscreen,DermaGlow UV Shield Sunscreen,Video_Review,2023-10-16,9645,272,465060.0,241,24,TXN_000894,2023-10-16,292000.0,Success,0.028201140487299117,1709.7794117647059
AD_0102,Awareness Campaign,cold,Sunscreen,DermaGlow UV Shield Sunscreen,Video_Review,2023-10-16,9645,272,465060.0,241,24,TXN_000895,2023-10-16,299000.0,Success,0.028201140487299117,1709.7794117647059
AD_0550,Awareness Campaign,cold,Sunscreen,DermaGlow UV Shield Sunscreen,Static_Catalog,2023-11-24,10957,162,329638.0,139,16,,,,,0.014785068905722369,2034.8024691358025
AD_0248,Flash Sale Campaign,cold,Cleanser,DermaGlow Gentle Cleanser,Static_Catalog,2023-12-28,9520,118,267807.0,104,14,,,,,0.012394957983193277,2269.5508474576272
AD_0004,Flash Sale Campaign,cold,Serum,DermaGlow Brightening Serum,Static_Catalog,2023-06-24,6899,83,131551.0,70,12,TXN_001438,2023-06-24,127000.0,Success,0.012030729091172634,1584.9518072289156
AD_0004,Flash Sale Campaign,cold,Serum,DermaGlow Brightening Serum,Static_Catalog,2023-06-24,6899,83,131551.0,70,12,TXN_001436,2023-06-26,459000.0,Success,0.012030729091172634,1584.9518072289156
AD_0004,Flash Sale Campaign,cold,Serum,DermaGlow Brightening Serum,Static_Catalog,2023-06-24,6899,83,131551.0,70,12,TXN_001437,2023-06-25,220000.0,Success,0.012030729091172634,1584.9518072289156
AD_0087,Retargeting Campaign,warm,Sunscreen,DermaGlow UV Shield Sunscreen,Static_Catalog,2023-08-24,9472,102,285625.0,87,7,TXN_000903,2023-08-27,79000.0,Success,0.01076858108108108,2800.2450980392155
AD_0087,Retargeting Campaign,warm,Sunscreen,DermaGlow UV Shield Sunscreen,Static_Catalog,2023-08-24,9472,102,285625.0,87,7,TXN_000898,2023-08-25,423000.0,Success,0.01076858108108108,2800.2450980392155
AD_0087,Retargeting Campaign,warm,Sunscreen,DermaGlow UV Shield Sunscreen,Static_Catalog,2023-08-24,9472,102,285625.0,87,7,TXN_000899,2023-08-26,499000.0,Success,0.01076858108108108,2800.2450980392155
AD_0087,Retargeting Campaign,warm,Sunscreen,DermaGlow UV Shield Sunscreen,Static_Catalog,2023-08-24,9472,102,285625.0,87,7,TXN_000900,2023-08-26,429000.0,Success,0.01076858108108108,2800.2450980392155
AD_0087,Retargeting Campaign,warm,Sunscreen,DermaGlow UV Shield Sunscreen,Static_Catalog,2023-08-24,9472,102,285625.0,87,7,TXN_000897,2023-08-26,469000.0,Success,0.01076858108108108,2800.2450980392155
AD_0844,Awareness Campaign,cold,Serum,DermaGlow Brightening Serum,Video_Review,2023-10-17,19007,486,279412.0,424,61,TXN_001896,2023-10-19,386000.0,Success,0.025569527016362392,574.9218106995885
AD_0953,Flash Sale Campaign,cold,Sunscreen,DermaGlow UV Shield Sunscreen,Video_Review,2023-02-19,12345,244,428873.0,208,19,TXN_000280,2023-02-20,501000.0,Success,0.019765087079789388,1757.6762295081967
AD_0291,Retargeting Campaign,warm,Moisturizer,DermaGlow Hydrating Moisturizer,Static_Catalog,2023-06-10,6762,67,192493.0,58,3,TXN_000874,2023-06-12,528000.0,Success,0.009908311150547175,2873.0298507462685
AD_0211,Awareness Campaign,cold,Moisturizer,DermaGlow Hydrating Moisturizer,Static_Catalog,2023-03-14,17106,186,488070.0,150,19,TXN_001048,2023-03-16,108000.0,Success,0.010873377762188706,2624.032258064516
AD_0211,Awareness Campaign,cold,Moisturizer,DermaGlow Hydrating Moisturizer,Static_Catalog,2023-03-14,17106,186,488070.0,150,19,TXN_001051,2023-03-14,92000.0,Success,0.010873377762188706,2624.032258064516
AD_0211,Awareness Campaign,cold,Moisturizer,DermaGlow Hydrating Moisturizer,Static_Catalog,2023-03-14,17106,186,488070.0,150,19,TXN_001054,2023-03-14,344000.0,Success,0.010873377762188706,2624.032258064516
AD_0211,Awareness Campaign,cold,Moisturizer,DermaGlow Hydrating Moisturizer,Static_Catalog,2023-03-14,17106,186,488070.0,150,19,TXN_001055,2023-03-14,225000.0,Success,0.010873377762188706,2624.032258064516
AD_0211,Awareness Campaign,cold,Moisturizer,DermaGlow Hydrating Moisturizer,Static_Catalog,2023-03-14,17106,186,488070.0,150,19,TXN_001053,2023-03-16,542000.0,Success,0.010873377762188706,2624.032258064516
AD_0211,Awareness Campaign,cold,Moisturizer,DermaGlow Hydrating Moisturizer,Static_Catalog,2023-03-14,17106,186,488070.0,150,19,TXN_001050,2023-03-16,388000.0,Success,0.010873377762188706,2624.032258064516
AD_0211,Awareness Campaign,cold,Moisturizer,DermaGlow Hydrating Moisturizer,Static_Catalog,2023-03-14,17106,186,488070.0,150,19,TXN_001047,2023-03-15,160000.0,Success,0.010873377762188706,2624.032258064516
AD_0211,Awareness Campaign,cold,Moisturizer,DermaGlow Hydrating Moisturizer,Static_Catalog,2023-03-14,17106,186,488070.0,150,19,TXN_001049,2023-03-17,117000.0,Success,0.010873377762188706,2624.032258064516
AD_0211,Awareness Campaign,cold,Moisturizer,DermaGlow Hydrating Moisturizer,Static_Catalog,2023-03-14,17106,186,488070.0,150,19,TXN_001052,2023-03-17,82000.0,Success,0.010873377762188706,2624.032258064516
AD_0803,Retargeting Campaign,warm,Moisturizer,DermaGlow Hydrating Moisturizer,Static_Catalog,2023-11-02,16284,166,354797.0,140,11,TXN_002005,2023-11-05,124000.0,Success,0.010194055514615573,2137.3313253012047
AD_0803,Retargeting Campaign,warm,Moisturizer,DermaGlow Hydrating Moisturizer,Static_Catalog,2023-11-02,16284,166,354797.0,140,11,TXN_002000,2023-11-02,235000.0,Success,0.010194055514615573,2137.3313253012047
AD_0803,Retargeting Campaign,warm,Moisturizer,DermaGlow Hydrating Moisturizer,Static_Catalog,2023-11-02,16284,166,354797.0,140,11,TXN_002003,2023-11-03,409000.0,Success,0.010194055514615573,2137.3313253012047
AD_0803,Retargeting Campaign,warm,Moisturizer,DermaGlow Hydrating Moisturizer,Static_Catalog,2023-11-02,16284,166,354797.0,140,11,TXN_002002,2023-11-03,114000.0,Success,0.010194055514615573,2137.3313253012047
AD_0803,Retargeting Campaign,warm,Moisturizer,DermaGlow Hydrating Moisturizer,Static_Catalog,2023-11-02,16284,166,354797.0,140,11,TXN_002001,2023-11-03,380000.0,Success,0.010194055514615573,2137.3313253012047
AD_0803,Retargeting Campaign,warm,Moisturizer,DermaGlow Hydrating Moisturizer,Static_Catalog,2023-11-02,16284,166,354797.0,140,11,TXN_001999,2023-11-03,98000.0,Success,0.010194055514615573,2137.3313253012047
AD_0175,Awareness Campaign,cold,Moisturizer,DermaGlow Hydrating Moisturizer,Video_Review,2023-08-31,10638,261,170316.0,213,35,TXN_002200,2023-09-01,216000.0,Success,0.024534686971235193,652.551724137931
AD_0200,Flash Sale Campaign,cold,Sunscreen,DermaGlow UV Shield Sunscreen,Static_Catalog,2023-12-09,11570,98,426250.0,78,11,TXN_000737,2023-12-12,267000.0,Success,0.00847018150388937,4349.489795918367
AD_0200,Flash Sale Campaign,cold,Sunscreen,DermaGlow UV Shield Sunscreen,Static_Catalog,2023-12-09,11570,98,426250.0,78,11,TXN_000738,2023-12-12,384000.0,Success,0.00847018150388937,4349.489795918367
AD_0903,Awareness Campaign,cold,Cleanser,DermaGlow Gentle Cleanser,Static_Catalog,2023-11-25,13959,203,294387.0,164,18,,,,,0.014542589010674118,1450.1822660098521
AD_0292,Retargeting Campaign,warm,Moisturizer,DermaGlow Hydrating Moisturizer,Video_Review,2023-04-20,10198,274,297415.5,225,38,,,,,0.026868013335948224,1085.4580291970804
AD_0064,Retargeting Campaign,warm,Serum,DermaGlow Brightening Serum,Video_Review,2023-05-24,14114,306,111023.0,272,32,,,,,0.021680600821878986,362.82026143790847
AD_0266,Awareness Campaign,cold,Sunscreen,DermaGlow UV Shield Sunscreen,Video_Review,2023-12-11,17123,389,452680.0,312,49,TXN_000402,2023-12-13,145000.0,Success,0.022717981662091925,1163.701799485861
AD_0266,Awareness Campaign,cold,Sunscreen,DermaGlow UV Shield Sunscreen,Video_Review,2023-12-11,17123,389,452680.0,312,49,TXN_000401,2023-12-14,281000.0,Success,0.022717981662091925,1163.701799485861
AD_0232,Retargeting Campaign,warm,Cleanser,DermaGlow Gentle Cleanser,Static_Catalog,2023-09-09,12394,137,388179.0,121,13,,,,,0.011053735678554139,2833.4233576642337
AD_0804,Flash Sale Campaign,cold,Moisturizer,DermaGlow Hydrating Moisturizer,Video_Review,2023-05-26,15434,334,307440.0,295,37,,,,,0.021640533886225218,920.4790419161677
AD_0626,Awareness Campaign,cold,Serum,DermaGlow Brightening Serum,Video_Review,2023-11-17,13362,381,470191.0,311,55,,,,,0.0285136955545577,1234.0971128608924
AD_0569,Flash Sale Campaign,cold,Serum,DermaGlow Brightening Serum,Video_Review,2023-05-03,9395,198,111781.0,166,29,TXN_001091,2023-05-05,131000.0,Success,0.021075039914848322,564.5505050505051
AD_0855,Awareness Campaign,cold,Cleanser,DermaGlow Gentle Cleanser,Video_Review,2023-11-05,14724,298,236694.0,258,20,TXN_002242,2023-11-06,389000.0,Success,0.02023906547133931,794.2751677852349
AD_0855,Awareness Campaign,cold,Cleanser,DermaGlow Gentle Cleanser,Video_Review,2023-11-05,14724,298,236694.0,258,20,TXN_002244,2023-11-08,375000.0,Success,0.02023906547133931,794.2751677852349
AD_0855,Awareness Campaign,cold,Cleanser,DermaGlow Gentle Cleanser,Video_Review,2023-11-05,14724,298,236694.0,258,20,TXN_002243,2023-11-06,89000.0,Success,0.02023906547133931,794.2751677852349
AD_0040,Flash Sale Campaign,cold,Sunscreen,DermaGlow UV Shield Sunscreen,Static_Catalog,2023-11-04,9465,114,445757.0,91,9,TXN_000673,2023-11-05,163000.0,Success,0.012044374009508717,3910.1491228070176
AD_0040,Flash Sale Campaign,cold,Sunscreen,DermaGlow UV Shield Sunscreen,Static_Catalog,2023-11-04,9465,114,445757.0,91,9,TXN_002201,2023-11-04,336000.0,Success,0.012044374009508717,3910.1491228070176
AD_0807,Flash Sale Campaign,cold,Sunscreen,DermaGlow UV Shield Sunscreen,Video_Review,2023-08-02,7320,229,307440.0,187,11,,,,,0.03128415300546448,1342.532751091703
AD_0591,Awareness Campaign,cold,Serum,DermaGlow Brightening Serum,Video_Review,2023-05-02,14016,262,184518.0,228,37,,,,,0.018692922374429224,704.2671755725191
AD_0465,Awareness Campaign,cold,Moisturizer,DermaGlow Hydrating Moisturizer,Static_Catalog,2023-01-18,15080,220,240558.0,176,12,,,,,0.014588859416445624,1093.4454545454546
AD_0999,Awareness Campaign,cold,Sunscreen,DermaGlow UV Shield Sunscreen,Static_Catalog,2023-08-01,17532,190,316351.0,162,29,,,,,0.010837326032397902,1665.0052631578947
AD_0443,Retargeting Campaign,warm,Sunscreen,DermaGlow UV Shield Sunscreen,Static_Catalog,2023-08-20,9172,131,297415.5,114,19,TXN_001894,2023-08-23,466000.0,Success,0.014282599215002181,2270.3473282442746
AD_0443,Retargeting Campaign,warm,Sunscreen,DermaGlow UV Shield Sunscreen,Static_Catalog,2023-08-20,9172,131,297415.5,114,19,TXN_001893,2023-08-22,319000.0,Success,0.014282599215002181,2270.3473282442746
AD_0909,Flash Sale Campaign,cold,Moisturizer,DermaGlow Hydrating Moisturizer,Video_Review,2023-07-09,14528,400,207157.0,341,64,TXN_000602,2023-07-11,332000.0,Success,0.02753303964757709,517.8925
AD_0067,Flash Sale Campaign,cold,Moisturizer,DermaGlow Hydrating Moisturizer,Static_Catalog,2023-03-23,11804,151,307440.0,122,22,TXN_002348,2023-03-25,264000.0,Success,0.012792273805489664,2036.0264900662253
AD_0308,Retargeting Campaign,warm,Sunscreen,DermaGlow UV Shield Sunscreen,Static_Catalog,2023-12-16,9008,103,102282.0,87,11,,,,,0.011434280639431617,993.0291262135922
AD_0068,Flash Sale Campaign,cold,Moisturizer,DermaGlow Hydrating Moisturizer,Video_Review,2023-04-29,7193,232,212816.0,194,31,TXN_001587,2023-04-30,190000.0,Success,0.03225357986931739,917.3103448275862
AD_0068,Flash Sale Campaign,cold,Moisturizer,DermaGlow Hydrating Moisturizer,Video_Review,2023-04-29,7193,232,212816.0,194,31,TXN_001590,2023-05-02,282000.0,Success,0.03225357986931739,917.3103448275862
AD_0199,Retargeting Campaign,warm,Serum,DermaGlow Brightening Serum,Static_Catalog,2023-04-27,11760,130,181889.0,110,9,TXN_000555,2023-04-28,167000.0,Success,0.011054421768707483,1399.1461538461538
AD_0199,Retargeting Campaign,warm,Serum,DermaGlow Brightening Serum,Static_Catalog,2023-04-27,11760,130,181889.0,110,9,TXN_000553,2023-04-28,228000.0,Success,0.011054421768707483,1399.1461538461538
AD_0199,Retargeting Campaign,warm,Serum,DermaGlow Brightening Serum,Static_Catalog,2023-04-27,11760,130,181889.0,110,9,TXN_000557,2023-04-27,440000.0,Success,0.011054421768707483,1399.1461538461538
AD_0199,Retargeting Campaign,warm,Serum,DermaGlow Brightening Serum,Static_Catalog,2023-04-27,11760,130,181889.0,110,9,TXN_000554,2023-04-30,144000.0,Success,0.011054421768707483,1399.1461538461538
AD_0199,Retargeting Campaign,warm,Serum,DermaGlow Brightening Serum,Static_Catalog,2023-04-27,11760,130,181889.0,110,9,TXN_000559,2023-04-30,207000.0,Success,0.011054421768707483,1399.1461538461538
AD_0529,Flash Sale Campaign,cold,Moisturizer,DermaGlow Hydrating Moisturizer,Video_Review,2023-12-14,11654,240,450918.0,198,35,,,,,0.020593787540758537,1878.825
AD_0482,Flash Sale Campaign,cold,Sunscreen,DermaGlow UV Shield Sunscreen,Static_Catalog,2023-09-30,6051,87,176918.0,74,9,,,,,0.014377788795240456,2033.5402298850574
AD_0758,Flash Sale Campaign,cold,Moisturizer,DermaGlow Hydrating Moisturizer,Static_Catalog,2023-09-03,11719,159,128718.0,141,17,TXN_000057,2023-09-06,111000.0,Success,0.013567710555508148,809.5471698113207
AD_0758,Flash Sale Campaign,cold,Moisturizer,DermaGlow Hydrating Moisturizer,Static_Catalog,2023-09-03,11719,159,128718.0,141,17,TXN_000062,2023-09-05,201000.0,Success,0.013567710555508148,809.5471698113207
AD_0758,Flash Sale Campaign,cold,Moisturizer,DermaGlow Hydrating Moisturizer,Static_Catalog,2023-09-03,11719,159,128718.0,141,17,TXN_000059,2023-09-03,191000.0,Success,0.013567710555508148,809.5471698113207
AD_0758,Flash Sale Campaign,cold,Moisturizer,DermaGlow Hydrating Moisturizer,Static_Catalog,2023-09-03,11719,159,128718.0,141,17,TXN_000056,2023-09-04,332000.0,Success,0.013567710555508148,809.5471698113207
AD_0758,Flash Sale Campaign,cold,Moisturizer,DermaGlow Hydrating Moisturizer,Static_Catalog,2023-09-03,11719,159,128718.0,141,17,TXN_000063,2023-09-04,185000.0,Success,0.013567710555508148,809.5471698113207
AD_0758,Flash Sale Campaign,cold,Moisturizer,DermaGlow Hydrating Moisturizer,Static_Catalog,2023-09-03,11719,159,128718.0,141,17,TXN_000058,2023-09-04,327000.0,Success,0.013567710555508148,809.5471698113207
AD_0988,Awareness Campaign,cold,Cleanser,DermaGlow Gentle Cleanser,Video_Review,2023-05-29,13152,253,294387.0,214,22,TXN_000756,2023-06-01,443000.0,Success,0.01923661800486618,1163.5849802371542
AD_0988,Awareness Campaign,cold,Cleanser,DermaGlow Gentle Cleanser,Video_Review,2023-05-29,13152,253,294387.0,214,22,TXN_000755,2023-05-31,127000.0,Success,0.01923661800486618,1163.5849802371542
AD_0363,Flash Sale Campaign,cold,Serum,DermaGlow Brightening Serum,Static_Catalog,2023-04-03,7492,65,193344.0,52,10,,,,,0.008675920982381206,2974.523076923077
AD_0845,Awareness Campaign,cold,Sunscreen,DermaGlow UV Shield Sunscreen,Static_Catalog,2023-03-24,11879,141,375345.0,119,20,,,,,0.011869686000505093,2662.021276595745
AD_0559,Retargeting Campaign,warm,Cleanser,DermaGlow Gentle Cleanser,Video_Review,2023-10-26,17061,336,297415.5,278,19,TXN_000019,2023-10-28,96000.0,Success,0.019694039036398804,885.1651785714286
AD_0559,Retargeting Campaign,warm,Cleanser,DermaGlow Gentle Cleanser,Video_Review,2023-10-26,17061,336,297415.5,278,19,TXN_000018,2023-10-29,103000.0,Success,0.019694039036398804,885.1651785714286
AD_0559,Retargeting Campaign,warm,Cleanser,DermaGlow Gentle Cleanser,Video_Review,2023-10-26,17061,336,297415.5,278,19,TXN_000020,2023-10-29,270000.0,Success,0.019694039036398804,885.1651785714286
AD_0619,Awareness Campaign,cold,Serum,DermaGlow Brightening Serum,Video_Review,2023-03-20,18445,325,294387.0,277,15,TXN_002396,2023-03-21,183000.0,Success,0.017619951206288967,905.8061538461538
AD_0619,Awareness Campaign,cold,Serum,DermaGlow Brightening Serum,Video_Review,2023-03-20,18445,325,294387.0,277,15,TXN_002397,2023-03-20,298000.0,Success,0.017619951206288967,905.8061538461538
AD_0353,Retargeting Campaign,warm,Cleanser,DermaGlow Gentle Cleanser,Video_Review,2023-06-30,9222,273,486721.0,223,25,,,,,0.02960312296681848,1782.8608058608058
AD_0761,Retargeting Campaign,warm,Moisturizer,DermaGlow Hydrating Moisturizer,Static_Catalog,2023-07-23,12129,115,364291.0,93,4,TXN_000229,2023-07-25,439000.0,Success,0.009481408195234561,3167.7478260869566
AD_0930,Flash Sale Campaign,cold,Sunscreen,DermaGlow UV Shield Sunscreen,Static_Catalog,2023-03-27,7364,95,305704.0,77,14,,,,,0.012900597501357958,3217.936842105263
AD_0293,Retargeting Campaign,warm,Cleanser,DermaGlow Gentle Cleanser,Video_Review,2023-09-24,14777,385,297415.5,310,54,TXN_000169,2023-09-25,400000.0,Success,0.026054002842254856,772.5077922077922
AD_0753,Retargeting Campaign,warm,Moisturizer,DermaGlow Hydrating Moisturizer,Video_Review,2023-06-21,7074,193,296594.0,171,13,,,,,0.027283008199038734,1536.7564766839378
AD_0101,Flash Sale Campaign,cold,Sunscreen,DermaGlow UV Shield Sunscreen,Video_Review,2023-10-16,16446,429,151356.0,349,33,TXN_000121,2023-10-19,397000.0,Success,0.026085370302809194,352.8111888111888
AD_0101,Flash Sale Campaign,cold,Sunscreen,DermaGlow UV Shield Sunscreen,Video_Review,2023-10-16,16446,429,151356.0,349,33,TXN_000122,2023-10-19,161000.0,Success,0.026085370302809194,352.8111888111888
AD_0101,Flash Sale Campaign,cold,Sunscreen,DermaGlow UV Shield Sunscreen,Video_Review,2023-10-16,16446,429,151356.0,349,33,TXN_000120,2023-10-16,357000.0,Success,0.026085370302809194,352.8111888111888
AD_0524,Retargeting Campaign,warm,Serum,DermaGlow Brightening Serum,Static_Catalog,2023-08-27,13339,176,141347.0,142,8,TXN_001289,2023-08-28,350000.0,Success,0.013194392383237124,803.1079545454545
AD_0524,Retargeting Campaign,warm,Serum,DermaGlow Brightening Serum,Static_Catalog,2023-08-27,13339,176,141347.0,142,8,TXN_001290,2023-08-28,187000.0,Success,0.013194392383237124,803.1079545454545
AD_0524,Retargeting Campaign,warm,Serum,DermaGlow Brightening Serum,Static_Catalog,2023-08-27,13339,176,141347.0,142,8,TXN_001287,2023-08-28,198000.0,Success,0.013194392383237124,803.1079545454545
AD_0524,Retargeting Campaign,warm,Serum,DermaGlow Brightening Serum,Static_Catalog,2023-08-27,13339,176,141347.0,142,8,TXN_000038,2023-08-28,536000.0,Success,0.013194392383237124,803.1079545454545
AD_0524,Retargeting Campaign,warm,Serum,DermaGlow Brightening Serum,Static_Catalog,2023-08-27,13339,176,141347.0,142,8,TXN_000040,2023-08-27,448000.0,Success,0.013194392383237124,803.1079545454545
AD_0524,Retargeting Campaign,warm,Serum,DermaGlow Brightening Serum,Static_Catalog,2023-08-27,13339,176,141347.0,142,8,TXN_001288,2023-08-28,394000.0,Success,0.013194392383237124,803.1079545454545
AD_0524,Retargeting Campaign,warm,Serum,DermaGlow Brightening Serum,Static_Catalog,2023-08-27,13339,176,141347.0,142,8,TXN_000034,2023-08-28,188000.0,Success,0.013194392383237124,803.1079545454545
AD_0524,Retargeting Campaign,warm,Serum,DermaGlow Brightening Serum,Static_Catalog,2023-08-27,13339,176,141347.0,142,8,TXN_000037,2023-08-28,195000.0,Success,0.013194392383237124,803.1079545454545
AD_0524,Retargeting Campaign,warm,Serum,DermaGlow Brightening Serum,Static_Catalog,2023-08-27,13339,176,141347.0,142,8,TXN_000036,2023-08-28,208000.0,Success,0.013194392383237124,803.1079545454545
AD_0635,Awareness Campaign,cold,Moisturizer,DermaGlow Hydrating Moisturizer,Static_Catalog,2023-04-25,12801,159,469359.0,138,14,TXN_000247,2023-04-28,501000.0,Success,0.01242090461682681,2951.943396226415
AD_0635,Awareness Campaign,cold,Moisturizer,DermaGlow Hydrating Moisturizer,Static_Catalog,2023-04-25,12801,159,469359.0,138,14,TXN_000255,2023-04-26,357000.0,Success,0.01242090461682681,2951.943396226415
AD_0635,Awareness Campaign,cold,Moisturizer,DermaGlow Hydrating Moisturizer,Static_Catalog,2023-04-25,12801,159,469359.0,138,14,TXN_000253,2023-04-28,354000.0,Success,0.01242090461682681,2951.943396226415
AD_0635,Awareness Campaign,cold,Moisturizer,DermaGlow Hydrating Moisturizer,Static_Catalog,2023-04-25,12801,159,469359.0,138,14,TXN_000252,2023-04-26,151000.0,Success,0.01242090461682681,2951.943396226415
AD_0635,Awareness Campaign,cold,Moisturizer,DermaGlow Hydrating Moisturizer,Static_Catalog,2023-04-25,12801,159,469359.0,138,14,TXN_000248,2023-04-27,301000.0,Success,0.01242090461682681,2951.943396226415
AD_0635,Awareness Campaign,cold,Moisturizer,DermaGlow Hydrating Moisturizer,Static_Catalog,2023-04-25,12801,159,469359.0,138,14,TXN_000251,2023-04-27,170000.0,Success,0.01242090461682681,2951.943396226415
AD_0635,Awareness Campaign,cold,Moisturizer,DermaGlow Hydrating Moisturizer,Static_Catalog,2023-04-25,12801,159,469359.0,138,14,TXN_000261,2023-04-25,86000.0,Success,0.01242090461682681,2951.943396226415
AD_0635,Awareness Campaign,cold,Moisturizer,DermaGlow Hydrating Moisturizer,Static_Catalog,2023-04-25,12801,159,469359.0,138,14,TXN_000249,2023-04-26,225000.0,Success,0.01242090461682681,2951.943396226415
AD_0635,Awareness Campaign,cold,Moisturizer,DermaGlow Hydrating Moisturizer,Static_Catalog,2023-04-25,12801,159,469359.0,138,14,TXN_000250,2023-04-28,484000.0,Success,0.01242090461682681,2951.943396226415
AD_0635,Awareness Campaign,cold,Moisturizer,DermaGlow Hydrating Moisturizer,Static_Catalog,2023-04-25,12801,159,469359.0,138,14,TXN_000254,2023-04-27,262000.0,Success,0.01242090461682681,2951.943396226415
AD_0809,Retargeting Campaign,warm,Cleanser,DermaGlow Gentle Cleanser,Static_Catalog,2023-05-16,10308,137,107642.0,122,8,,,,,0.013290648040357005,785.7080291970802
AD_0306,Awareness Campaign,cold,Moisturizer,DermaGlow Hydrating Moisturizer,Static_Catalog,2023-08-31,19198,218,448264.0,188,34,TXN_000536,2023-09-03,277000.0,Success,0.011355349515574539,2056.256880733945
AD_0306,Awareness Campaign,cold,Moisturizer,DermaGlow Hydrating Moisturizer,Static_Catalog,2023-08-31,19198,218,448264.0,188,34,TXN_000535,2023-09-01,195000.0,Success,0.011355349515574539,2056.256880733945
AD_0306,Awareness Campaign,cold,Moisturizer,DermaGlow Hydrating Moisturizer,Static_Catalog,2023-08-31,19198,218,448264.0,188,34,TXN_000537,2023-09-01,148000.0,Success,0.011355349515574539,2056.256880733945
AD_0306,Awareness Campaign,cold,Moisturizer,DermaGlow Hydrating Moisturizer,Static_Catalog,2023-08-31,19198,218,448264.0,188,34,TXN_000534,2023-09-02,452000.0,Success,0.011355349515574539,2056.256880733945
AD_0629,Retargeting Campaign,warm,Serum,DermaGlow Brightening Serum,Video_Review,2023-03-22,8861,242,406024.0,209,15,TXN_000098,2023-03-25,122000.0,Success,0.02731068728134522,1677.7851239669421
AD_0159,Retargeting Campaign,warm,Serum,DermaGlow Brightening Serum,Static_Catalog,2023-06-24,13954,130,462876.0,108,6,TXN_002330,2023-06-24,239000.0,Success,0.009316325068080836,3560.5846153846155
AD_0159,Retargeting Campaign,warm,Serum,DermaGlow Brightening Serum,Static_Catalog,2023-06-24,13954,130,462876.0,108,6,TXN_002335,2023-06-27,172000.0,Success,0.009316325068080836,3560.5846153846155
AD_0159,Retargeting Campaign,warm,Serum,DermaGlow Brightening Serum,Static_Catalog,2023-06-24,13954,130,462876.0,108,6,TXN_002333,2023-06-26,305000.0,Success,0.009316325068080836,3560.5846153846155
AD_0159,Retargeting Campaign,warm,Serum,DermaGlow Brightening Serum,Static_Catalog,2023-06-24,13954,130,462876.0,108,6,TXN_002332,2023-06-26,137000.0,Success,0.009316325068080836,3560.5846153846155
AD_0552,Awareness Campaign,cold,Moisturizer,DermaGlow Hydrating Moisturizer,Video_Review,2023-04-28,17355,479,1840716.0,427,64,,,,,0.027600115240564677,3842.830897703549
AD_0003,Awareness Campaign,cold,Moisturizer,DermaGlow Hydrating Moisturizer,Static_Catalog,2023-11-10,18096,189,256730.0,158,9,,,,,0.010444297082228117,1358.3597883597884
AD_0729,Awareness Campaign,cold,Sunscreen,DermaGlow UV Shield Sunscreen,Static_Catalog,2023-04-24,7501,113,246245.0,100,19,TXN_001854,2023-04-27,320000.0,Success,0.015064658045593921,2179.1592920353983
AD_0209,Awareness Campaign,cold,Serum,DermaGlow Brightening Serum,Video_Review,2023-09-15,11358,317,194018.0,267,31,TXN_000103,2023-09-18,355000.0,Success,0.027909843282268004,612.0441640378549
AD_0300,Retargeting Campaign,warm,Moisturizer,DermaGlow Hydrating Moisturizer,Static_Catalog,2023-07-09,9987,104,458182.0,91,12,,,,,0.010413537598878543,4405.596153846154
AD_0851,Flash Sale Campaign,cold,Serum,DermaGlow Brightening Serum,Static_Catalog,2023-03-18,8581,79,341605.0,63,3,TXN_001338,2023-03-19,99000.0,Success,0.00920638620207435,4324.113924050633
AD_0437,Retargeting Campaign,warm,Cleanser,DermaGlow Gentle Cleanser,Static_Catalog,2023-04-14,14404,143,298237.0,126,19,TXN_000680,2023-04-15,530000.0,Success,0.009927797833935019,2085.573426573427
AD_0437,Retargeting Campaign,warm,Cleanser,DermaGlow Gentle Cleanser,Static_Catalog,2023-04-14,14404,143,298237.0,126,19,TXN_000679,2023-04-17,417000.0,Success,0.009927797833935019,2085.573426573427
AD_0437,Retargeting Campaign,warm,Cleanser,DermaGlow Gentle Cleanser,Static_Catalog,2023-04-14,14404,143,298237.0,126,19,TXN_000681,2023-04-15,289000.0,Success,0.009927797833935019,2085.573426573427
AD_0437,Retargeting Campaign,warm,Cleanser,DermaGlow Gentle Cleanser,Static_Catalog,2023-04-14,14404,143,298237.0,126,19,TXN_000674,2023-04-16,463000.0,Success,0.009927797833935019,2085.573426573427
AD_0437,Retargeting Campaign,warm,Cleanser,DermaGlow Gentle Cleanser,Static_Catalog,2023-04-14,14404,143,298237.0,126,19,TXN_000677,2023-04-14,119000.0,Success,0.009927797833935019,2085.573426573427
AD_0437,Retargeting Campaign,warm,Cleanser,DermaGlow Gentle Cleanser,Static_Catalog,2023-04-14,14404,143,298237.0,126,19,TXN_000676,2023-04-17,113000.0,Success,0.009927797833935019,2085.573426573427
AD_0437,Retargeting Campaign,warm,Cleanser,DermaGlow Gentle Cleanser,Static_Catalog,2023-04-14,14404,143,298237.0,126,19,TXN_000682,2023-04-17,226000.0,Success,0.009927797833935019,2085.573426573427
AD_0870,Retargeting Campaign,warm,Cleanser,DermaGlow Gentle Cleanser,Video_Review,2023-07-22,13502,410,472428.0,338,45,TXN_001843,2023-07-23,294000.0,Success,0.030365871722707747,1152.2634146341463
AD_0870,Retargeting Campaign,warm,Cleanser,DermaGlow Gentle Cleanser,Video_Review,2023-07-22,13502,410,472428.0,338,45,TXN_001845,2023-07-24,351000.0,Success,0.030365871722707747,1152.2634146341463
AD_0870,Retargeting Campaign,warm,Cleanser,DermaGlow Gentle Cleanser,Video_Review,2023-07-22,13502,410,472428.0,338,45,TXN_001846,2023-07-23,107000.0,Success,0.030365871722707747,1152.2634146341463
AD_0870,Retargeting Campaign,warm,Cleanser,DermaGlow Gentle Cleanser,Video_Review,2023-07-22,13502,410,472428.0,338,45,TXN_001842,2023-07-22,295000.0,Success,0.030365871722707747,1152.2634146341463
AD_0870,Retargeting Campaign,warm,Cleanser,DermaGlow Gentle Cleanser,Video_Review,2023-07-22,13502,410,472428.0,338,45,TXN_001844,2023-07-24,226000.0,Success,0.030365871722707747,1152.2634146341463
AD_0412,Retargeting Campaign,warm,Cleanser,DermaGlow Gentle Cleanser,Video_Review,2023-02-06,14697,439,206133.0,385,53,TXN_001373,2023-02-08,163000.0,Success,0.029870041505069063,469.5512528473804
AD_0412,Retargeting Campaign,warm,Cleanser,DermaGlow Gentle Cleanser,Video_Review,2023-02-06,14697,439,206133.0,385,53,TXN_001372,2023-02-07,412000.0,Success,0.029870041505069063,469.5512528473804
AD_0615,Flash Sale Campaign,cold,Moisturizer,DermaGlow Hydrating Moisturizer,Video_Review,2023-07-20,12953,226,463107.0,192,17,TXN_001641,2023-07-21,204000.0,Success,0.017447695514552615,2049.146017699115
AD_0908,Awareness Campaign,cold,Moisturizer,DermaGlow Hydrating Moisturizer,Static_Catalog,2023-07-18,7745,98,160645.0,84,14,,,,,0.012653324725629439,1639.234693877551
AD_0913,Awareness Campaign,cold,Sunscreen,DermaGlow UV Shield Sunscreen,Video_Review,2023-04-21,19363,535,392772.0,441,75,,,,,0.02763001600991582,734.1532710280374
AD_0997,Awareness Campaign,cold,Sunscreen,DermaGlow UV Shield Sunscreen,Static_Catalog,2023-06-20,16274,231,243115.0,201,30,TXN_001707,2023-06-22,275000.0,Success,0.014194420548113556,1052.4458874458874
AD_0997,Awareness Campaign,cold,Sunscreen,DermaGlow UV Shield Sunscreen,Static_Catalog,2023-06-20,16274,231,243115.0,201,30,TXN_001711,2023-06-21,506000.0,Success,0.014194420548113556,1052.4458874458874
AD_0997,Awareness Campaign,cold,Sunscreen,DermaGlow UV Shield Sunscreen,Static_Catalog,2023-06-20,16274,231,243115.0,201,30,TXN_001712,2023-06-20,432000.0,Success,0.014194420548113556,1052.4458874458874
AD_0997,Awareness Campaign,cold,Sunscreen,DermaGlow UV Shield Sunscreen,Static_Catalog,2023-06-20,16274,231,243115.0,201,30,TXN_001710,2023-06-21,414000.0,Success,0.014194420548113556,1052.4458874458874
AD_0997,Awareness Campaign,cold,Sunscreen,DermaGlow UV Shield Sunscreen,Static_Catalog,2023-06-20,16274,231,243115.0,201,30,TXN_001706,2023-06-22,277000.0,Success,0.014194420548113556,1052.4458874458874
AD_0997,Awareness Campaign,cold,Sunscreen,DermaGlow UV Shield Sunscreen,Static_Catalog,2023-06-20,16274,231,243115.0,201,30,TXN_001708,2023-06-23,210000.0,Success,0.014194420548113556,1052.4458874458874
AD_0963,Retargeting Campaign,warm,Moisturizer,DermaGlow Hydrating Moisturizer,Video_Review,2023-09-15,14370,312,275183.0,250,25,,,,,0.021711899791231733,881.9967948717949
AD_0701,Awareness Campaign,cold,Moisturizer,DermaGlow Hydrating Moisturizer,Video_Review,2023-04-19,8070,158,341766.0,134,15,TXN_002114,2023-04-19,265000.0,Success,0.019578686493184633,2163.0759493670885
AD_0779,Flash Sale Campaign,cold,Moisturizer,DermaGlow Hydrating Moisturizer,Static_Catalog,2023-08-04,13566,176,105796.0,158,20,TXN_001601,2023-08-07,189000.0,Success,0.012973610496830311,601.1136363636364
AD_0779,Flash Sale Campaign,cold,Moisturizer,DermaGlow Hydrating Moisturizer,Static_Catalog,2023-08-04,13566,176,105796.0,158,20,TXN_001603,2023-08-06,119000.0,Success,0.012973610496830311,601.1136363636364
AD_0779,Flash Sale Campaign,cold,Moisturizer,DermaGlow Hydrating Moisturizer,Static_Catalog,2023-08-04,13566,176,105796.0,158,20,TXN_001600,2023-08-06,176000.0,Success,0.012973610496830311,601.1136363636364
AD_0779,Flash Sale Campaign,cold,Moisturizer,DermaGlow Hydrating Moisturizer,Static_Catalog,2023-08-04,13566,176,105796.0,158,20,TXN_001605,2023-08-04,101000.0,Success,0.012973610496830311,601.1136363636364
AD_0779,Flash Sale Campaign,cold,Moisturizer,DermaGlow Hydrating Moisturizer,Static_Catalog,2023-08-04,13566,176,105796.0,158,20,TXN_001602,2023-08-07,266000.0,Success,0.012973610496830311,601.1136363636364
AD_0779,Flash Sale Campaign,cold,Moisturizer,DermaGlow Hydrating Moisturizer,Static_Catalog,2023-08-04,13566,176,105796.0,158,20,TXN_001597,2023-08-05,199000.0,Success,0.012973610496830311,601.1136363636364
AD_0779,Flash Sale Campaign,cold,Moisturizer,DermaGlow Hydrating Moisturizer,Static_Catalog,2023-08-04,13566,176,105796.0,158,20,TXN_001604,2023-08-06,289000.0,Success,0.012973610496830311,601.1136363636364
AD_0779,Flash Sale Campaign,cold,Moisturizer,DermaGlow Hydrating Moisturizer,Static_Catalog,2023-08-04,13566,176,105796.0,158,20,TXN_001598,2023-08-06,412000.0,Success,0.012973610496830311,601.1136363636364
AD_0307,Awareness Campaign,cold,Serum,DermaGlow Brightening Serum,Static_Catalog,2023-07-29,12544,119,356453.0,96,17,TXN_000446,2023-07-30,452000.0,Success,0.009486607142857142,2995.4033613445376
AD_0307,Awareness Campaign,cold,Serum,DermaGlow Brightening Serum,Static_Catalog,2023-07-29,12544,119,356453.0,96,17,TXN_000445,2023-07-31,92000.0,Success,0.009486607142857142,2995.4033613445376
AD_0812,Awareness Campaign,cold,Sunscreen,DermaGlow UV Shield Sunscreen,Static_Catalog,2023-08-11,19537,282,306063.0,235,26,TXN_002100,2023-08-13,129000.0,Success,0.014434150586067462,1085.3297872340424
AD_0812,Awareness Campaign,cold,Sunscreen,DermaGlow UV Shield Sunscreen,Static_Catalog,2023-08-11,19537,282,306063.0,235,26,TXN_002103,2023-08-14,301000.0,Success,0.014434150586067462,1085.3297872340424
AD_0812,Awareness Campaign,cold,Sunscreen,DermaGlow UV Shield Sunscreen,Static_Catalog,2023-08-11,19537,282,306063.0,235,26,TXN_002104,2023-08-13,171000.0,Success,0.014434150586067462,1085.3297872340424
AD_0812,Awareness Campaign,cold,Sunscreen,DermaGlow UV Shield Sunscreen,Static_Catalog,2023-08-11,19537,282,306063.0,235,26,TXN_002105,2023-08-13,411000.0,Success,0.014434150586067462,1085.3297872340424
AD_0812,Awareness Campaign,cold,Sunscreen,DermaGlow UV Shield Sunscreen,Static_Catalog,2023-08-11,19537,282,306063.0,235,26,TXN_002099,2023-08-12,350000.0,Success,0.014434150586067462,1085.3297872340424
AD_0812,Awareness Campaign,cold,Sunscreen,DermaGlow UV Shield Sunscreen,Static_Catalog,2023-08-11,19537,282,306063.0,235,26,TXN_002098,2023-08-12,503000.0,Success,0.014434150586067462,1085.3297872340424
AD_0812,Awareness Campaign,cold,Sunscreen,DermaGlow UV Shield Sunscreen,Static_Catalog,2023-08-11,19537,282,306063.0,235,26,TXN_002106,2023-08-11,330000.0,Success,0.014434150586067462,1085.3297872340424
AD_0812,Awareness Campaign,cold,Sunscreen,DermaGlow UV Shield Sunscreen,Static_Catalog,2023-08-11,19537,282,306063.0,235,26,TXN_002101,2023-08-12,343000.0,Success,0.014434150586067462,1085.3297872340424
AD_0494,Awareness Campaign,cold,Moisturizer,DermaGlow Hydrating Moisturizer,Video_Review,2023-08-28,15551,279,212669.0,247,20,,,,,0.01794096842646775,762.2544802867384
AD_0424,Awareness Campaign,cold,Serum,DermaGlow Brightening Serum,Static_Catalog,2023-05-21,9188,112,264044.0,97,12,TXN_002012,2023-05-23,117000.0,Success,0.012189812799303439,2357.535714285714
AD_0424,Awareness Campaign,cold,Serum,DermaGlow Brightening Serum,Static_Catalog,2023-05-21,9188,112,264044.0,97,12,TXN_002013,2023-05-21,228000.0,Success,0.012189812799303439,2357.535714285714
AD_0424,Awareness Campaign,cold,Serum,DermaGlow Brightening Serum,Static_Catalog,2023-05-21,9188,112,264044.0,97,12,TXN_002011,2023-05-22,239000.0,Success,0.012189812799303439,2357.535714285714
AD_0299,Awareness Campaign,cold,Moisturizer,DermaGlow Hydrating Moisturizer,Video_Review,2023-12-21,12410,300,294387.0,246,31,,,,,0.024174053182917002,981.29
AD_0468,Retargeting Campaign,warm,Cleanser,DermaGlow Gentle Cleanser,Video_Review,2023-12-31,6252,157,244972.0,134,16,TXN_001730,2024-01-02,243000.0,Success,0.02511196417146513,1560.3312101910828
AD_0468,Retargeting Campaign,warm,Cleanser,DermaGlow Gentle Cleanser,Video_Review,2023-12-31,6252,157,244972.0,134,16,TXN_001731,2024-01-02,78000.0,Success,0.02511196417146513,1560.3312101910828
AD_0468,Retargeting Campaign,warm,Cleanser,DermaGlow Gentle Cleanser,Video_Review,2023-12-31,6252,157,244972.0,134,16,TXN_001729,2024-01-01,373000.0,Success,0.02511196417146513,1560.3312101910828
AD_0885,Retargeting Campaign,warm,Cleanser,DermaGlow Gentle Cleanser,Video_Review,2023-12-20,16481,363,277216.0,294,45,,,,,0.022025362538680905,763.6804407713498
AD_0756,Awareness Campaign,cold,Moisturizer,DermaGlow Hydrating Moisturizer,Static_Catalog,2023-02-01,11674,106,262434.0,86,7,TXN_000106,2023-02-02,72000.0,Success,0.009080006852835361,2475.7924528301887
AD_0107,Awareness Campaign,cold,Cleanser,DermaGlow Gentle Cleanser,Video_Review,2023-11-24,18248,477,209945.0,384,23,,,,,0.02613985094256905,440.1362683438155
AD_0859,Awareness Campaign,cold,Serum,DermaGlow Brightening Serum,Video_Review,2023-11-30,11846,316,488464.0,276,25,TXN_000044,2023-12-01,405000.0,Success,0.026675671112611852,1545.7721518987341
AD_0859,Awareness Campaign,cold,Serum,DermaGlow Brightening Serum,Video_Review,2023-11-30,11846,316,488464.0,276,25,TXN_000045,2023-12-02,357000.0,Success,0.026675671112611852,1545.7721518987341
AD_0859,Awareness Campaign,cold,Serum,DermaGlow Brightening Serum,Video_Review,2023-11-30,11846,316,488464.0,276,25,TXN_000042,2023-11-30,318000.0,Success,0.026675671112611852,1545.7721518987341
AD_0859,Awareness Campaign,cold,Serum,DermaGlow Brightening Serum,Video_Review,2023-11-30,11846,316,488464.0,276,25,TXN_000041,2023-12-02,550000.0,Success,0.026675671112611852,1545.7721518987341
AD_0056,Awareness Campaign,cold,Serum,DermaGlow Brightening Serum,Static_Catalog,2023-08-11,14330,211,464778.0,183,35,,,,,0.014724354501046755,2202.739336492891
AD_0121,Retargeting Campaign,warm,Serum,DermaGlow Brightening Serum,Video_Review,2023-10-30,10594,226,330785.0,189,10,TXN_001959,2023-10-30,139000.0,Success,0.021332829903719087,1463.6504424778761
AD_0311,Flash Sale Campaign,cold,Sunscreen,DermaGlow UV Shield Sunscreen,Static_Catalog,2023-06-21,10134,92,115434.0,78,8,TXN_000135,2023-06-21,254000.0,Success,0.009078350108545491,1254.7173913043478
AD_0311,Flash Sale Campaign,cold,Sunscreen,DermaGlow UV Shield Sunscreen,Static_Catalog,2023-06-21,10134,92,115434.0,78,8,TXN_000133,2023-06-21,89000.0,Success,0.009078350108545491,1254.7173913043478
AD_0311,Flash Sale Campaign,cold,Sunscreen,DermaGlow UV Shield Sunscreen,Static_Catalog,2023-06-21,10134,92,115434.0,78,8,TXN_000134,2023-06-22,152000.0,Success,0.009078350108545491,1254.7173913043478
AD_0026,Flash Sale Campaign,cold,Cleanser,DermaGlow Gentle Cleanser,Static_Catalog,2023-05-11,13197,184,307440.0,162,30,TXN_002296,2023-05-14,501000.0,Success,0.013942562703644768,1670.8695652173913
AD_0026,Flash Sale Campaign,cold,Cleanser,DermaGlow Gentle Cleanser,Static_Catalog,2023-05-11,13197,184,307440.0,162,30,TXN_002294,2023-05-13,440000.0,Success,0.013942562703644768,1670.8695652173913
AD_0026,Flash Sale Campaign,cold,Cleanser,DermaGlow Gentle Cleanser,Static_Catalog,2023-05-11,13197,184,307440.0,162,30,TXN_002300,2023-05-11,148000.0,Success,0.013942562703644768,1670.8695652173913
AD_0026,Flash Sale Campaign,cold,Cleanser,DermaGlow Gentle Cleanser,Static_Catalog,2023-05-11,13197,184,307440.0,162,30,TXN_002298,2023-05-13,289000.0,Success,0.013942562703644768,1670.8695652173913
AD_0026,Flash Sale Campaign,cold,Cleanser,DermaGlow Gentle Cleanser,Static_Catalog,2023-05-11,13197,184,307440.0,162,30,TXN_002299,2023-05-14,92000.0,Success,0.013942562703644768,1670.8695652173913
AD_0026,Flash Sale Campaign,cold,Cleanser,DermaGlow Gentle Cleanser,Static_Catalog,2023-05-11,13197,184,307440.0,162,30,TXN_002297,2023-05-11,541000.0,Success,0.013942562703644768,1670.8695652173913
AD_0073,Retargeting Campaign,warm,Cleanser,DermaGlow Gentle Cleanser,Video_Review,2023-02-23,18229,558,273880.0,479,58,TXN_000545,2023-02-23,313000.0,Success,0.030610565582313894,490.82437275985666
AD_0073,Retargeting Campaign,warm,Cleanser,DermaGlow Gentle Cleanser,Video_Review,2023-02-23,18229,558,273880.0,479,58,TXN_000549,2023-02-26,143000.0,Success,0.030610565582313894,490.82437275985666
AD_0073,Retargeting Campaign,warm,Cleanser,DermaGlow Gentle Cleanser,Video_Review,2023-02-23,18229,558,273880.0,479,58,TXN_000552,2023-02-24,246000.0,Success,0.030610565582313894,490.82437275985666
AD_0073,Retargeting Campaign,warm,Cleanser,DermaGlow Gentle Cleanser,Video_Review,2023-02-23,18229,558,273880.0,479,58,TXN_000550,2023-02-24,331000.0,Success,0.030610565582313894,490.82437275985666
AD_0073,Retargeting Campaign,warm,Cleanser,DermaGlow Gentle Cleanser,Video_Review,2023-02-23,18229,558,273880.0,479,58,TXN_000548,2023-02-26,159000.0,Success,0.030610565582313894,490.82437275985666
AD_0073,Retargeting Campaign,warm,Cleanser,DermaGlow Gentle Cleanser,Video_Review,2023-02-23,18229,558,273880.0,479,58,TXN_000546,2023-02-26,168000.0,Success,0.030610565582313894,490.82437275985666
AD_0531,Retargeting Campaign,warm,Moisturizer,DermaGlow Hydrating Moisturizer,Static_Catalog,2023-11-12,12845,121,424703.0,99,15,TXN_001342,2023-11-12,98000.0,Success,0.009420007785130401,3509.9421487603304
AD_0531,Retargeting Campaign,warm,Moisturizer,DermaGlow Hydrating Moisturizer,Static_Catalog,2023-11-12,12845,121,424703.0,99,15,TXN_001341,2023-11-14,287000.0,Success,0.009420007785130401,3509.9421487603304
AD_0531,Retargeting Campaign,warm,Moisturizer,DermaGlow Hydrating Moisturizer,Static_Catalog,2023-11-12,12845,121,424703.0,99,15,TXN_001339,2023-11-14,342000.0,Success,0.009420007785130401,3509.9421487603304
AD_0531,Retargeting Campaign,warm,Moisturizer,DermaGlow Hydrating Moisturizer,Static_Catalog,2023-11-12,12845,121,424703.0,99,15,TXN_001343,2023-11-15,221000.0,Success,0.009420007785130401,3509.9421487603304
AD_0531,Retargeting Campaign,warm,Moisturizer,DermaGlow Hydrating Moisturizer,Static_Catalog,2023-11-12,12845,121,424703.0,99,15,TXN_001344,2023-11-12,201000.0,Success,0.009420007785130401,3509.9421487603304
AD_0531,Retargeting Campaign,warm,Moisturizer,DermaGlow Hydrating Moisturizer,Static_Catalog,2023-11-12,12845,121,424703.0,99,15,TXN_001340,2023-11-15,211000.0,Success,0.009420007785130401,3509.9421487603304
AD_0045,Retargeting Campaign,warm,Cleanser,DermaGlow Gentle Cleanser,Video_Review,2023-02-08,14421,346,388790.0,278,53,TXN_001816,2023-02-10,483000.0,Success,0.023992788294847793,1123.670520231214
AD_0045,Retargeting Campaign,warm,Cleanser,DermaGlow Gentle Cleanser,Video_Review,2023-02-08,14421,346,388790.0,278,53,TXN_001819,2023-02-11,90000.0,Success,0.023992788294847793,1123.670520231214
AD_0045,Retargeting Campaign,warm,Cleanser,DermaGlow Gentle Cleanser,Video_Review,2023-02-08,14421,346,388790.0,278,53,TXN_001818,2023-02-11,114000.0,Success,0.023992788294847793,1123.670520231214
AD_0045,Retargeting Campaign,warm,Cleanser,DermaGlow Gentle Cleanser,Video_Review,2023-02-08,14421,346,388790.0,278,53,TXN_001814,2023-02-11,245000.0,Success,0.023992788294847793,1123.670520231214
AD_0045,Retargeting Campaign,warm,Cleanser,DermaGlow Gentle Cleanser,Video_Review,2023-02-08,14421,346,388790.0,278,53,TXN_001817,2023-02-11,80000.0,Success,0.023992788294847793,1123.670520231214
AD_0276,Awareness Campaign,cold,Sunscreen,DermaGlow UV Shield Sunscreen,Video_Review,2023-04-24,13629,267,350870.0,218,40,TXN_002250,2023-04-27,368000.0,Success,0.019590578912612813,1314.119850187266
AD_0276,Awareness Campaign,cold,Sunscreen,DermaGlow UV Shield Sunscreen,Video_Review,2023-04-24,13629,267,350870.0,218,40,TXN_002251,2023-04-25,500000.0,Success,0.019590578912612813,1314.119850187266
AD_0276,Awareness Campaign,cold,Sunscreen,DermaGlow UV Shield Sunscreen,Video_Review,2023-04-24,13629,267,350870.0,218,40,TXN_002252,2023-04-24,282000.0,Success,0.019590578912612813,1314.119850187266
AD_0276,Awareness Campaign,cold,Sunscreen,DermaGlow UV Shield Sunscreen,Video_Review,2023-04-24,13629,267,350870.0,218,40,TXN_002254,2023-04-25,349000.0,Success,0.019590578912612813,1314.119850187266
AD_0479,Awareness Campaign,cold,Moisturizer,DermaGlow Hydrating Moisturizer,Static_Catalog,2023-03-13,16536,211,152265.0,177,28,,,,,0.01276003870343493,721.6350710900474
AD_0315,Awareness Campaign,cold,Moisturizer,DermaGlow Hydrating Moisturizer,Static_Catalog,2023-11-21,10415,125,220906.0,101,6,,,,,0.01200192030724916,1767.248
AD_0337,Awareness Campaign,cold,Sunscreen,DermaGlow UV Shield Sunscreen,Video_Review,2023-10-02,17576,497,138333.0,420,72,TXN_001693,2023-10-02,185000.0,Success,0.02827719617660446,278.3360160965795
AD_0337,Awareness Campaign,cold,Sunscreen,DermaGlow UV Shield Sunscreen,Video_Review,2023-10-02,17576,497,138333.0,420,72,TXN_001690,2023-10-02,155000.0,Success,0.02827719617660446,278.3360160965795
AD_0337,Awareness Campaign,cold,Sunscreen,DermaGlow UV Shield Sunscreen,Video_Review,2023-10-02,17576,497,138333.0,420,72,TXN_001691,2023-10-04,134000.0,Success,0.02827719617660446,278.3360160965795
AD_0337,Awareness Campaign,cold,Sunscreen,DermaGlow UV Shield Sunscreen,Video_Review,2023-10-02,17576,497,138333.0,420,72,TXN_001692,2023-10-05,105000.0,Success,0.02827719617660446,278.3360160965795
AD_0337,Awareness Campaign,cold,Sunscreen,DermaGlow UV Shield Sunscreen,Video_Review,2023-10-02,17576,497,138333.0,420,72,TXN_001687,2023-10-05,279000.0,Success,0.02827719617660446,278.3360160965795
AD_0337,Awareness Campaign,cold,Sunscreen,DermaGlow UV Shield Sunscreen,Video_Review,2023-10-02,17576,497,138333.0,420,72,TXN_001694,2023-10-05,368000.0,Success,0.02827719617660446,278.3360160965795
AD_0337,Awareness Campaign,cold,Sunscreen,DermaGlow UV Shield Sunscreen,Video_Review,2023-10-02,17576,497,138333.0,420,72,TXN_001686,2023-10-02,365000.0,Success,0.02827719617660446,278.3360160965795
AD_0690,Flash Sale Campaign,cold,Serum,DermaGlow Brightening Serum,Video_Review,2023-01-30,8168,237,246104.0,194,21,,,,,0.029015670910871694,1038.4135021097047
AD_0431,Awareness Campaign,cold,Moisturizer,DermaGlow Hydrating Moisturizer,Static_Catalog,2023-12-01,19508,242,179698.0,195,31,TXN_001607,2023-12-02,88000.0,Success,0.01240516711092885,742.5537190082645
AD_0431,Awareness Campaign,cold,Moisturizer,DermaGlow Hydrating Moisturizer,Static_Catalog,2023-12-01,19508,242,179698.0,195,31,TXN_001609,2023-12-02,530000.0,Success,0.01240516711092885,742.5537190082645
AD_0431,Awareness Campaign,cold,Moisturizer,DermaGlow Hydrating Moisturizer,Static_Catalog,2023-12-01,19508,242,179698.0,195,31,TXN_001608,2023-12-02,376000.0,Success,0.01240516711092885,742.5537190082645
AD_0951,Retargeting Campaign,warm,Moisturizer,DermaGlow Hydrating Moisturizer,Video_Review,2023-10-08,5489,176,413392.0,152,15,TXN_001009,2023-10-09,334000.0,Success,0.03206412825651302,2348.818181818182
AD_0834,Flash Sale Campaign,cold,Serum,DermaGlow Brightening Serum,Video_Review,2023-04-24,12264,336,118807.0,279,27,,,,,0.0273972602739726,353.5922619047619
AD_0589,Awareness Campaign,cold,Cleanser,DermaGlow Gentle Cleanser,Video_Review,2023-05-06,14953,402,294454.0,338,54,TXN_000762,2023-05-08,140000.0,Success,0.026884237276800643,732.4726368159204
AD_0589,Awareness Campaign,cold,Cleanser,DermaGlow Gentle Cleanser,Video_Review,2023-05-06,14953,402,294454.0,338,54,TXN_000764,2023-05-08,376000.0,Success,0.026884237276800643,732.4726368159204
AD_0704,Awareness Campaign,cold,Serum,DermaGlow Brightening Serum,Static_Catalog,2023-06-07,10539,113,418667.0,92,6,,,,,0.010722079893728058,3705.0176991150443
AD_0328,Flash Sale Campaign,cold,Sunscreen,DermaGlow UV Shield Sunscreen,Static_Catalog,2023-11-19,14134,182,190102.0,145,17,TXN_001284,2023-11-22,303000.0,Success,0.012876751096646384,1044.5164835164835
AD_0328,Flash Sale Campaign,cold,Sunscreen,DermaGlow UV Shield Sunscreen,Static_Catalog,2023-11-19,14134,182,190102.0,145,17,TXN_001286,2023-11-19,126000.0,Success,0.012876751096646384,1044.5164835164835
AD_0328,Flash Sale Campaign,cold,Sunscreen,DermaGlow UV Shield Sunscreen,Static_Catalog,2023-11-19,14134,182,190102.0,145,17,TXN_001285,2023-11-21,229000.0,Success,0.012876751096646384,1044.5164835164835
AD_0964,Flash Sale Campaign,cold,Cleanser,DermaGlow Gentle Cleanser,Video_Review,2023-06-25,7666,227,269808.0,201,30,,,,,0.029611270545264804,1188.5814977973569
AD_0604,Flash Sale Campaign,cold,Serum,DermaGlow Brightening Serum,Static_Catalog,2023-01-21,6894,95,343015.0,84,7,,,,,0.013780098636495503,3610.684210526316
AD_0928,Flash Sale Campaign,cold,Serum,DermaGlow Brightening Serum,Video_Review,2023-04-02,5108,98,392759.0,84,5,,,,,0.01918559122944401,4007.7448979591836
AD_0981,Retargeting Campaign,warm,Serum,DermaGlow Brightening Serum,Video_Review,2023-08-14,11503,347,297415.5,286,17,TXN_000959,2023-08-17,394000.0,Success,0.03016604364078936,857.1051873198847
AD_0981,Retargeting Campaign,warm,Serum,DermaGlow Brightening Serum,Video_Review,2023-08-14,11503,347,297415.5,286,17,TXN_000958,2023-08-17,313000.0,Success,0.03016604364078936,857.1051873198847
AD_0981,Retargeting Campaign,warm,Serum,DermaGlow Brightening Serum,Video_Review,2023-08-14,11503,347,297415.5,286,17,TXN_000960,2023-08-15,110000.0,Success,0.03016604364078936,857.1051873198847
AD_0972,Retargeting Campaign,warm,Moisturizer,DermaGlow Hydrating Moisturizer,Static_Catalog,2023-08-15,18530,271,114318.0,224,44,,,,,0.014624932541824068,421.8376383763838
AD_0763,Flash Sale Campaign,cold,Cleanser,DermaGlow Gentle Cleanser,Static_Catalog,2023-10-08,11986,166,432103.0,144,27,,,,,0.013849491072918404,2603.0301204819275
AD_0332,Flash Sale Campaign,cold,Moisturizer,DermaGlow Hydrating Moisturizer,Static_Catalog,2023-02-04,8175,92,121281.0,74,8,,,,,0.011253822629969419,1318.2717391304348
AD_0061,Awareness Campaign,cold,Sunscreen,DermaGlow UV Shield Sunscreen,Video_Review,2023-01-01,5504,127,390160.0,102,13,,,,,0.023074127906976744,3072.1259842519685
AD_0746,Flash Sale Campaign,cold,Moisturizer,DermaGlow Hydrating Moisturizer,Static_Catalog,2023-11-10,18588,175,406709.0,147,23,TXN_000333,2023-11-13,135000.0,Success,0.00941467613514095,2324.0514285714285
AD_0746,Flash Sale Campaign,cold,Moisturizer,DermaGlow Hydrating Moisturizer,Static_Catalog,2023-11-10,18588,175,406709.0,147,23,TXN_000325,2023-11-10,432000.0,Success,0.00941467613514095,2324.0514285714285
AD_0746,Flash Sale Campaign,cold,Moisturizer,DermaGlow Hydrating Moisturizer,Static_Catalog,2023-11-10,18588,175,406709.0,147,23,TXN_000332,2023-11-12,410000.0,Success,0.00941467613514095,2324.0514285714285
AD_0746,Flash Sale Campaign,cold,Moisturizer,DermaGlow Hydrating Moisturizer,Static_Catalog,2023-11-10,18588,175,406709.0,147,23,TXN_000323,2023-11-12,135000.0,Success,0.00941467613514095,2324.0514285714285
AD_0746,Flash Sale Campaign,cold,Moisturizer,DermaGlow Hydrating Moisturizer,Static_Catalog,2023-11-10,18588,175,406709.0,147,23,TXN_000330,2023-11-13,193000.0,Success,0.00941467613514095,2324.0514285714285
AD_0746,Flash Sale Campaign,cold,Moisturizer,DermaGlow Hydrating Moisturizer,Static_Catalog,2023-11-10,18588,175,406709.0,147,23,TXN_000328,2023-11-13,173000.0,Success,0.00941467613514095,2324.0514285714285
AD_0746,Flash Sale Campaign,cold,Moisturizer,DermaGlow Hydrating Moisturizer,Static_Catalog,2023-11-10,18588,175,406709.0,147,23,TXN_000327,2023-11-10,105000.0,Success,0.00941467613514095,2324.0514285714285
AD_0746,Flash Sale Campaign,cold,Moisturizer,DermaGlow Hydrating Moisturizer,Static_Catalog,2023-11-10,18588,175,406709.0,147,23,TXN_000324,2023-11-13,418000.0,Success,0.00941467613514095,2324.0514285714285
AD_0746,Flash Sale Campaign,cold,Moisturizer,DermaGlow Hydrating Moisturizer,Static_Catalog,2023-11-10,18588,175,406709.0,147,23,TXN_000329,2023-11-13,138000.0,Success,0.00941467613514095,2324.0514285714285
AD_0746,Flash Sale Campaign,cold,Moisturizer,DermaGlow Hydrating Moisturizer,Static_Catalog,2023-11-10,18588,175,406709.0,147,23,TXN_000331,2023-11-13,151000.0,Success,0.00941467613514095,2324.0514285714285
AD_0372,Retargeting Campaign,warm,Moisturizer,DermaGlow Hydrating Moisturizer,Static_Catalog,2023-06-22,17195,215,428785.0,186,16,TXN_000837,2023-06-24,196000.0,Success,0.012503634777551615,1994.3488372093022
AD_0372,Retargeting Campaign,warm,Moisturizer,DermaGlow Hydrating Moisturizer,Static_Catalog,2023-06-22,17195,215,428785.0,186,16,TXN_000832,2023-06-23,240000.0,Success,0.012503634777551615,1994.3488372093022
AD_0372,Retargeting Campaign,warm,Moisturizer,DermaGlow Hydrating Moisturizer,Static_Catalog,2023-06-22,17195,215,428785.0,186,16,TXN_000833,2023-06-22,261000.0,Success,0.012503634777551615,1994.3488372093022
AD_0372,Retargeting Campaign,warm,Moisturizer,DermaGlow Hydrating Moisturizer,Static_Catalog,2023-06-22,17195,215,428785.0,186,16,TXN_000838,2023-06-23,188000.0,Success,0.012503634777551615,1994.3488372093022
AD_0372,Retargeting Campaign,warm,Moisturizer,DermaGlow Hydrating Moisturizer,Static_Catalog,2023-06-22,17195,215,428785.0,186,16,TXN_000834,2023-06-25,168000.0,Success,0.012503634777551615,1994.3488372093022
AD_0372,Retargeting Campaign,warm,Moisturizer,DermaGlow Hydrating Moisturizer,Static_Catalog,2023-06-22,17195,215,428785.0,186,16,TXN_000836,2023-06-24,511000.0,Success,0.012503634777551615,1994.3488372093022
AD_0093,Retargeting Campaign,warm,Moisturizer,DermaGlow Hydrating Moisturizer,Static_Catalog,2023-05-19,13988,171,382272.0,143,16,,,,,0.012224764083500143,2235.5087719298244
AD_0723,Flash Sale Campaign,cold,Moisturizer,DermaGlow Hydrating Moisturizer,Static_Catalog,2023-10-07,8933,82,157241.0,67,4,TXN_001410,2023-10-08,121000.0,Success,0.009179446994290831,1917.5731707317073
AD_0491,Awareness Campaign,cold,Serum,DermaGlow Brightening Serum,Video_Review,2023-03-11,12279,255,272502.0,220,41,,,,,0.02076716344979233,1068.6352941176472
AD_0463,Flash Sale Campaign,cold,Sunscreen,DermaGlow UV Shield Sunscreen,Video_Review,2023-10-29,6289,157,253837.0,130,6,,,,,0.0249642232469391,1616.7961783439491
AD_0219,Retargeting Campaign,warm,Sunscreen,DermaGlow UV Shield Sunscreen,Static_Catalog,2023-05-23,15435,152,328590.0,127,16,TXN_002384,2023-05-23,375000.0,Success,0.009847748623258828,2161.7763157894738
AD_0219,Retargeting Campaign,warm,Sunscreen,DermaGlow UV Shield Sunscreen,Static_Catalog,2023-05-23,15435,152,328590.0,127,16,TXN_002381,2023-05-23,139000.0,Success,0.009847748623258828,2161.7763157894738
AD_0219,Retargeting Campaign,warm,Sunscreen,DermaGlow UV Shield Sunscreen,Static_Catalog,2023-05-23,15435,152,328590.0,127,16,TXN_002382,2023-05-23,357000.0,Success,0.009847748623258828,2161.7763157894738
AD_0219,Retargeting Campaign,warm,Sunscreen,DermaGlow UV Shield Sunscreen,Static_Catalog,2023-05-23,15435,152,328590.0,127,16,TXN_002385,2023-05-26,101000.0,Success,0.009847748623258828,2161.7763157894738
AD_0219,Retargeting Campaign,warm,Sunscreen,DermaGlow UV Shield Sunscreen,Static_Catalog,2023-05-23,15435,152,328590.0,127,16,TXN_002386,2023-05-23,446000.0,Success,0.009847748623258828,2161.7763157894738
AD_0219,Retargeting Campaign,warm,Sunscreen,DermaGlow UV Shield Sunscreen,Static_Catalog,2023-05-23,15435,152,328590.0,127,16,TXN_002383,2023-05-26,154000.0,Success,0.009847748623258828,2161.7763157894738
AD_0514,Retargeting Campaign,warm,Sunscreen,DermaGlow UV Shield Sunscreen,Video_Review,2023-01-25,15307,344,208297.0,283,15,,,,,0.022473378192983604,605.5145348837209
AD_0621,Flash Sale Campaign,cold,Moisturizer,DermaGlow Hydrating Moisturizer,Video_Review,2023-11-30,8867,282,329047.0,248,24,TXN_000082,2023-12-02,523000.0,Success,0.03180331566482463,1166.8333333333333
AD_0621,Flash Sale Campaign,cold,Moisturizer,DermaGlow Hydrating Moisturizer,Video_Review,2023-11-30,8867,282,329047.0,248,24,TXN_000081,2023-12-02,416000.0,Success,0.03180331566482463,1166.8333333333333
AD_0426,Retargeting Campaign,warm,Moisturizer,DermaGlow Hydrating Moisturizer,Video_Review,2023-11-05,8645,254,427192.0,220,24,TXN_001442,2023-11-08,121000.0,Success,0.029381145170618853,1681.8582677165355
AD_0333,Retargeting Campaign,warm,Sunscreen,DermaGlow UV Shield Sunscreen,Static_Catalog,2023-03-16,14938,193,161388.0,172,10,TXN_000979,2023-03-19,116000.0,Success,0.012920069621100549,836.2072538860103
AD_0333,Retargeting Campaign,warm,Sunscreen,DermaGlow UV Shield Sunscreen,Static_Catalog,2023-03-16,14938,193,161388.0,172,10,TXN_000987,2023-03-16,265000.0,Success,0.012920069621100549,836.2072538860103
AD_0333,Retargeting Campaign,warm,Sunscreen,DermaGlow UV Shield Sunscreen,Static_Catalog,2023-03-16,14938,193,161388.0,172,10,TXN_000982,2023-03-16,455000.0,Success,0.012920069621100549,836.2072538860103
AD_0333,Retargeting Campaign,warm,Sunscreen,DermaGlow UV Shield Sunscreen,Static_Catalog,2023-03-16,14938,193,161388.0,172,10,TXN_000988,2023-03-19,324000.0,Success,0.012920069621100549,836.2072538860103
AD_0333,Retargeting Campaign,warm,Sunscreen,DermaGlow UV Shield Sunscreen,Static_Catalog,2023-03-16,14938,193,161388.0,172,10,TXN_000983,2023-03-17,187000.0,Success,0.012920069621100549,836.2072538860103
AD_0333,Retargeting Campaign,warm,Sunscreen,DermaGlow UV Shield Sunscreen,Static_Catalog,2023-03-16,14938,193,161388.0,172,10,TXN_000985,2023-03-18,223000.0,Success,0.012920069621100549,836.2072538860103
AD_0333,Retargeting Campaign,warm,Sunscreen,DermaGlow UV Shield Sunscreen,Static_Catalog,2023-03-16,14938,193,161388.0,172,10,TXN_000984,2023-03-18,350000.0,Success,0.012920069621100549,836.2072538860103
AD_0333,Retargeting Campaign,warm,Sunscreen,DermaGlow UV Shield Sunscreen,Static_Catalog,2023-03-16,14938,193,161388.0,172,10,TXN_000981,2023-03-17,316000.0,Success,0.012920069621100549,836.2072538860103
AD_0860,Retargeting Campaign,warm,Cleanser,DermaGlow Gentle Cleanser,Static_Catalog,2023-06-21,7400,85,234484.0,73,7,,,,,0.011486486486486487,2758.635294117647
AD_0990,Flash Sale Campaign,cold,Serum,DermaGlow Brightening Serum,Video_Review,2023-05-16,14192,404,142678.0,350,26,TXN_000747,2023-05-17,138000.0,Success,0.02846674182638106,353.16336633663366
AD_0583,Retargeting Campaign,warm,Sunscreen,DermaGlow UV Shield Sunscreen,Video_Review,2023-03-05,10014,263,297415.5,226,30,,,,,0.026263231475933693,1130.8574144486693
AD_0356,Retargeting Campaign,warm,Sunscreen,DermaGlow UV Shield Sunscreen,Static_Catalog,2023-04-14,15680,237,187265.0,201,32,,,,,0.015114795918367348,790.1476793248945
AD_0483,Retargeting Campaign,warm,Serum,DermaGlow Brightening Serum,Video_Review,2023-10-26,7307,202,326256.0,175,25,,,,,0.027644724237032983,1615.1287128712872
AD_0546,Awareness Campaign,cold,Cleanser,DermaGlow Gentle Cleanser,Video_Review,2023-06-16,11085,359,237900.0,315,47,TXN_001439,2023-06-19,225000.0,Success,0.03238610735227785,662.6740947075209
AD_0546,Awareness Campaign,cold,Cleanser,DermaGlow Gentle Cleanser,Video_Review,2023-06-16,11085,359,237900.0,315,47,TXN_001440,2023-06-19,480000.0,Success,0.03238610735227785,662.6740947075209
AD_0111,Awareness Campaign,cold,Cleanser,DermaGlow Gentle Cleanser,Video_Review,2023-12-30,6205,125,429670.0,102,5,,,,,0.020145044319097503,3437.36
AD_0515,Awareness Campaign,cold,Serum,DermaGlow Brightening Serum,Video_Review,2023-07-28,12695,275,278296.0,231,13,TXN_001256,2023-07-30,367000.0,Success,0.021662071681764473,1011.9854545454546
AD_0515,Awareness Campaign,cold,Serum,DermaGlow Brightening Serum,Video_Review,2023-07-28,12695,275,278296.0,231,13,TXN_001257,2023-07-29,147000.0,Success,0.021662071681764473,1011.9854545454546
AD_0515,Awareness Campaign,cold,Serum,DermaGlow Brightening Serum,Video_Review,2023-07-28,12695,275,278296.0,231,13,TXN_001258,2023-07-31,106000.0,Success,0.021662071681764473,1011.9854545454546
AD_0603,Awareness Campaign,cold,Serum,DermaGlow Brightening Serum,Video_Review,2023-12-03,12037,266,219682.0,217,11,TXN_000789,2023-12-04,456000.0,Success,0.02209852953393703,825.8721804511279
AD_0996,Awareness Campaign,cold,Cleanser,DermaGlow Gentle Cleanser,Video_Review,2023-04-08,8683,214,167507.0,183,11,TXN_000830,2023-04-10,300000.0,Success,0.024645859725901186,782.7429906542056
AD_0996,Awareness Campaign,cold,Cleanser,DermaGlow Gentle Cleanser,Video_Review,2023-04-08,8683,214,167507.0,183,11,TXN_000828,2023-04-08,158000.0,Success,0.024645859725901186,782.7429906542056
AD_0996,Awareness Campaign,cold,Cleanser,DermaGlow Gentle Cleanser,Video_Review,2023-04-08,8683,214,167507.0,183,11,TXN_000827,2023-04-10,449000.0,Success,0.024645859725901186,782.7429906542056
AD_0996,Awareness Campaign,cold,Cleanser,DermaGlow Gentle Cleanser,Video_Review,2023-04-08,8683,214,167507.0,183,11,TXN_000829,2023-04-09,165000.0,Success,0.024645859725901186,782.7429906542056
AD_0508,Retargeting Campaign,warm,Serum,DermaGlow Brightening Serum,Static_Catalog,2023-05-02,13763,153,193078.0,130,14,TXN_001534,2023-05-04,407000.0,Success,0.011116762333793504,1261.9477124183006
AD_0508,Retargeting Campaign,warm,Serum,DermaGlow Brightening Serum,Static_Catalog,2023-05-02,13763,153,193078.0,130,14,TXN_001531,2023-05-03,533000.0,Success,0.011116762333793504,1261.9477124183006
AD_0508,Retargeting Campaign,warm,Serum,DermaGlow Brightening Serum,Static_Catalog,2023-05-02,13763,153,193078.0,130,14,TXN_001535,2023-05-04,210000.0,Success,0.011116762333793504,1261.9477124183006
AD_0335,Retargeting Campaign,warm,Serum,DermaGlow Brightening Serum,Static_Catalog,2023-01-13,9555,139,361570.0,122,23,TXN_000472,2023-01-13,122000.0,Success,0.014547357404500262,2601.223021582734
AD_0335,Retargeting Campaign,warm,Serum,DermaGlow Brightening Serum,Static_Catalog,2023-01-13,9555,139,361570.0,122,23,TXN_000473,2023-01-15,200000.0,Success,0.014547357404500262,2601.223021582734
AD_0335,Retargeting Campaign,warm,Serum,DermaGlow Brightening Serum,Static_Catalog,2023-01-13,9555,139,361570.0,122,23,TXN_000474,2023-01-16,323000.0,Success,0.014547357404500262,2601.223021582734
AD_0849,Awareness Campaign,cold,Cleanser,DermaGlow Gentle Cleanser,Static_Catalog,2023-11-27,14869,215,388102.0,193,14,TXN_001012,2023-11-28,365000.0,Success,0.014459613961934226,1805.125581395349
AD_0849,Awareness Campaign,cold,Cleanser,DermaGlow Gentle Cleanser,Static_Catalog,2023-11-27,14869,215,388102.0,193,14,TXN_001015,2023-11-27,386000.0,Success,0.014459613961934226,1805.125581395349
AD_0849,Awareness Campaign,cold,Cleanser,DermaGlow Gentle Cleanser,Static_Catalog,2023-11-27,14869,215,388102.0,193,14,TXN_001011,2023-11-29,384000.0,Success,0.014459613961934226,1805.125581395349
AD_0849,Awareness Campaign,cold,Cleanser,DermaGlow Gentle Cleanser,Static_Catalog,2023-11-27,14869,215,388102.0,193,14,TXN_001014,2023-11-27,303000.0,Success,0.014459613961934226,1805.125581395349
AD_0849,Awareness Campaign,cold,Cleanser,DermaGlow Gentle Cleanser,Static_Catalog,2023-11-27,14869,215,388102.0,193,14,TXN_001013,2023-11-28,383000.0,Success,0.014459613961934226,1805.125581395349
AD_0295,Flash Sale Campaign,cold,Sunscreen,DermaGlow UV Shield Sunscreen,Static_Catalog,2023-11-28,13317,186,388793.0,151,11,TXN_000742,2023-11-29,89000.0,Success,0.013967109709394007,2090.2849462365593
AD_0295,Flash Sale Campaign,cold,Sunscreen,DermaGlow UV Shield Sunscreen,Static_Catalog,2023-11-28,13317,186,388793.0,151,11,TXN_000739,2023-11-29,399000.0,Success,0.013967109709394007,2090.2849462365593
AD_0295,Flash Sale Campaign,cold,Sunscreen,DermaGlow UV Shield Sunscreen,Static_Catalog,2023-11-28,13317,186,388793.0,151,11,TXN_000740,2023-11-29,306000.0,Success,0.013967109709394007,2090.2849462365593
AD_0295,Flash Sale Campaign,cold,Sunscreen,DermaGlow UV Shield Sunscreen,Static_Catalog,2023-11-28,13317,186,388793.0,151,11,TXN_000741,2023-11-28,321000.0,Success,0.013967109709394007,2090.2849462365593
AD_0287,Flash Sale Campaign,cold,Sunscreen,DermaGlow UV Shield Sunscreen,Static_Catalog,2023-02-15,9659,107,377181.0,89,17,TXN_001643,2023-02-18,198000.0,Success,0.011077751320012423,3525.0560747663553
AD_0287,Flash Sale Campaign,cold,Sunscreen,DermaGlow UV Shield Sunscreen,Static_Catalog,2023-02-15,9659,107,377181.0,89,17,TXN_000268,2023-02-18,173000.0,Success,0.011077751320012423,3525.0560747663553
AD_0939,Retargeting Campaign,warm,Sunscreen,DermaGlow UV Shield Sunscreen,Static_Catalog,2023-04-12,10240,107,444950.0,90,14,TXN_002123,2023-04-15,537000.0,Success,0.01044921875,4158.411214953271
AD_0939,Retargeting Campaign,warm,Sunscreen,DermaGlow UV Shield Sunscreen,Static_Catalog,2023-04-12,10240,107,444950.0,90,14,TXN_002125,2023-04-15,253000.0,Success,0.01044921875,4158.411214953271
AD_0939,Retargeting Campaign,warm,Sunscreen,DermaGlow UV Shield Sunscreen,Static_Catalog,2023-04-12,10240,107,444950.0,90,14,TXN_002122,2023-04-13,513000.0,Success,0.01044921875,4158.411214953271
AD_0939,Retargeting Campaign,warm,Sunscreen,DermaGlow UV Shield Sunscreen,Static_Catalog,2023-04-12,10240,107,444950.0,90,14,TXN_002124,2023-04-15,285000.0,Success,0.01044921875,4158.411214953271
AD_0448,Awareness Campaign,cold,Moisturizer,DermaGlow Hydrating Moisturizer,Video_Review,2023-01-19,7572,176,294387.0,151,28,,,,,0.02324352879027998,1672.653409090909
AD_0693,Flash Sale Campaign,cold,Cleanser,DermaGlow Gentle Cleanser,Static_Catalog,2023-07-01,6812,85,441701.0,76,13,TXN_000125,2023-07-02,472000.0,Success,0.012477980035231944,5196.482352941176
AD_0693,Flash Sale Campaign,cold,Cleanser,DermaGlow Gentle Cleanser,Static_Catalog,2023-07-01,6812,85,441701.0,76,13,TXN_000127,2023-07-01,221000.0,Success,0.012477980035231944,5196.482352941176
AD_0693,Flash Sale Campaign,cold,Cleanser,DermaGlow Gentle Cleanser,Static_Catalog,2023-07-01,6812,85,441701.0,76,13,TXN_000126,2023-07-01,281000.0,Success,0.012477980035231944,5196.482352941176
AD_0653,Flash Sale Campaign,cold,Serum,DermaGlow Brightening Serum,Video_Review,2023-01-23,8032,217,425724.0,179,22,,,,,0.027016932270916335,1961.8617511520738
AD_0969,Flash Sale Campaign,cold,Serum,DermaGlow Brightening Serum,Static_Catalog,2023-01-23,9338,90,184153.0,73,3,,,,,0.009638038123795245,2046.1444444444444
AD_0278,Awareness Campaign,cold,Serum,DermaGlow Brightening Serum,Static_Catalog,2023-04-12,16786,160,247226.0,138,8,TXN_000808,2023-04-12,304000.0,Success,0.009531752651018707,1545.1625
AD_0278,Awareness Campaign,cold,Serum,DermaGlow Brightening Serum,Static_Catalog,2023-04-12,16786,160,247226.0,138,8,TXN_000810,2023-04-14,206000.0,Success,0.009531752651018707,1545.1625
AD_0278,Awareness Campaign,cold,Serum,DermaGlow Brightening Serum,Static_Catalog,2023-04-12,16786,160,247226.0,138,8,TXN_000807,2023-04-14,322000.0,Success,0.009531752651018707,1545.1625
AD_0278,Awareness Campaign,cold,Serum,DermaGlow Brightening Serum,Static_Catalog,2023-04-12,16786,160,247226.0,138,8,TXN_000812,2023-04-13,388000.0,Success,0.009531752651018707,1545.1625
AD_0278,Awareness Campaign,cold,Serum,DermaGlow Brightening Serum,Static_Catalog,2023-04-12,16786,160,247226.0,138,8,TXN_000806,2023-04-15,522000.0,Success,0.009531752651018707,1545.1625
AD_0759,Retargeting Campaign,warm,Moisturizer,DermaGlow Hydrating Moisturizer,Static_Catalog,2023-04-16,5767,89,480286.0,74,10,TXN_001303,2023-04-18,274000.0,Success,0.015432633951794695,5396.471910112359
AD_0138,Awareness Campaign,cold,Sunscreen,DermaGlow UV Shield Sunscreen,Static_Catalog,2023-07-02,13230,141,368784.0,120,17,,,,,0.010657596371882086,2615.4893617021276
AD_0502,Flash Sale Campaign,cold,Sunscreen,DermaGlow UV Shield Sunscreen,Video_Review,2023-12-03,6939,178,140863.0,159,9,,,,,0.025652111255224097,791.3651685393259
AD_0405,Flash Sale Campaign,cold,Moisturizer,DermaGlow Hydrating Moisturizer,Video_Review,2023-09-28,9426,267,190009.0,240,20,,,,,0.028325907065563337,711.6441947565543
AD_0781,Awareness Campaign,cold,Moisturizer,DermaGlow Hydrating Moisturizer,Video_Review,2023-01-20,11133,306,300065.0,268,21,TXN_002096,2023-01-23,262000.0,Success,0.0274858528698464,980.6045751633987
AD_0781,Awareness Campaign,cold,Moisturizer,DermaGlow Hydrating Moisturizer,Video_Review,2023-01-20,11133,306,300065.0,268,21,TXN_002094,2023-01-22,170000.0,Success,0.0274858528698464,980.6045751633987
AD_0781,Awareness Campaign,cold,Moisturizer,DermaGlow Hydrating Moisturizer,Video_Review,2023-01-20,11133,306,300065.0,268,21,TXN_002093,2023-01-21,134000.0,Success,0.0274858528698464,980.6045751633987
AD_0781,Awareness Campaign,cold,Moisturizer,DermaGlow Hydrating Moisturizer,Video_Review,2023-01-20,11133,306,300065.0,268,21,TXN_002095,2023-01-21,527000.0,Success,0.0274858528698464,980.6045751633987
AD_0978,Awareness Campaign,cold,Cleanser,DermaGlow Gentle Cleanser,Video_Review,2023-05-12,12024,260,239045.0,222,42,TXN_001492,2023-05-15,125000.0,Success,0.02162341982701264,919.4038461538462
AD_0581,Retargeting Campaign,warm,Sunscreen,DermaGlow UV Shield Sunscreen,Video_Review,2023-06-17,6366,165,467119.0,142,23,,,,,0.025918944392082942,2831.0242424242424
AD_0238,Awareness Campaign,cold,Serum,DermaGlow Brightening Serum,Static_Catalog,2023-12-18,16765,150,139279.0,134,12,,,,,0.008947211452430659,928.5266666666666
AD_0989,Retargeting Campaign,warm,Moisturizer,DermaGlow Hydrating Moisturizer,Video_Review,2023-02-02,15118,275,419055.0,244,16,,,,,0.018190236803810027,1523.8363636363636
AD_0216,Flash Sale Campaign,cold,Cleanser,DermaGlow Gentle Cleanser,Static_Catalog,2023-01-05,15555,157,313277.0,133,19,TXN_000273,2023-01-08,179000.0,Success,0.010093217614914819,1995.3949044585988
AD_0216,Flash Sale Campaign,cold,Cleanser,DermaGlow Gentle Cleanser,Static_Catalog,2023-01-05,15555,157,313277.0,133,19,TXN_000271,2023-01-05,281000.0,Success,0.010093217614914819,1995.3949044585988
AD_0216,Flash Sale Campaign,cold,Cleanser,DermaGlow Gentle Cleanser,Static_Catalog,2023-01-05,15555,157,313277.0,133,19,TXN_000272,2023-01-06,160000.0,Success,0.010093217614914819,1995.3949044585988
AD_0895,Retargeting Campaign,warm,Serum,DermaGlow Brightening Serum,Video_Review,2023-01-23,15001,331,394472.0,296,37,,,,,0.022065195653623092,1191.7583081570997
AD_0245,Awareness Campaign,cold,Serum,DermaGlow Brightening Serum,Static_Catalog,2023-01-29,11579,165,144638.0,140,10,,,,,0.014249935227567147,876.5939393939394
AD_0553,Retargeting Campaign,warm,Sunscreen,DermaGlow UV Shield Sunscreen,Static_Catalog,2023-08-03,10569,133,458766.0,110,18,,,,,0.01258397199356609,3449.3684210526317
AD_0838,Retargeting Campaign,warm,Sunscreen,DermaGlow UV Shield Sunscreen,Video_Review,2023-07-03,16716,486,147098.0,421,44,,,,,0.02907394113424264,302.6707818930041
AD_0864,Retargeting Campaign,warm,Cleanser,DermaGlow Gentle Cleanser,Static_Catalog,2023-07-23,8241,113,105574.0,95,6,TXN_000417,2023-07-25,276000.0,Success,0.01371192816405776,934.2831858407079
AD_0864,Retargeting Campaign,warm,Cleanser,DermaGlow Gentle Cleanser,Static_Catalog,2023-07-23,8241,113,105574.0,95,6,TXN_000416,2023-07-24,322000.0,Success,0.01371192816405776,934.2831858407079
AD_0864,Retargeting Campaign,warm,Cleanser,DermaGlow Gentle Cleanser,Static_Catalog,2023-07-23,8241,113,105574.0,95,6,TXN_000420,2023-07-23,223000.0,Success,0.01371192816405776,934.2831858407079
AD_0864,Retargeting Campaign,warm,Cleanser,DermaGlow Gentle Cleanser,Static_Catalog,2023-07-23,8241,113,105574.0,95,6,TXN_000418,2023-07-26,314000.0,Success,0.01371192816405776,934.2831858407079
AD_0668,Awareness Campaign,cold,Moisturizer,DermaGlow Hydrating Moisturizer,Static_Catalog,2023-01-18,7004,67,258901.0,55,5,TXN_000574,2023-01-18,149000.0,Success,0.009565962307252998,3864.194029850746
AD_0622,Flash Sale Campaign,cold,Serum,DermaGlow Brightening Serum,Static_Catalog,2023-03-06,10440,105,406606.0,85,9,,,,,0.010057471264367816,3872.4380952380952
AD_0079,Flash Sale Campaign,cold,Sunscreen,DermaGlow UV Shield Sunscreen,Video_Review,2023-06-09,13777,287,307440.0,234,21,,,,,0.02083182115119402,1071.219512195122
AD_0030,Retargeting Campaign,warm,Moisturizer,DermaGlow Hydrating Moisturizer,Video_Review,2023-09-21,7225,164,460032.0,140,17,,,,,0.022698961937716262,2805.0731707317073
AD_0451,Flash Sale Campaign,cold,Sunscreen,DermaGlow UV Shield Sunscreen,Video_Review,2023-05-13,5570,155,440968.0,125,16,,,,,0.027827648114901255,2844.9548387096775
AD_0290,Flash Sale Campaign,cold,Moisturizer,DermaGlow Hydrating Moisturizer,Static_Catalog,2023-10-02,11493,114,134228.0,97,6,,,,,0.009919081179848603,1177.438596491228
AD_0050,Retargeting Campaign,warm,Serum,DermaGlow Brightening Serum,Static_Catalog,2023-04-25,10267,137,400657.0,118,21,,,,,0.013343722606408882,2924.5036496350367
AD_0671,Flash Sale Campaign,cold,Moisturizer,DermaGlow Hydrating Moisturizer,Video_Review,2023-01-05,9892,213,327693.0,176,14,,,,,0.021532551556813585,1538.4647887323943
AD_0799,Flash Sale Campaign,cold,Moisturizer,DermaGlow Hydrating Moisturizer,Video_Review,2023-01-29,8435,149,260014.0,128,19,TXN_001579,2023-02-01,427000.0,Success,0.017664493183165382,1745.0604026845638
AD_0225,Flash Sale Campaign,cold,Sunscreen,DermaGlow UV Shield Sunscreen,Video_Review,2023-09-23,11525,373,277404.0,321,30,TXN_002046,2023-09-25,132000.0,Success,0.0323644251626898,743.710455764075
AD_0225,Flash Sale Campaign,cold,Sunscreen,DermaGlow UV Shield Sunscreen,Video_Review,2023-09-23,11525,373,277404.0,321,30,TXN_002024,2023-09-24,285000.0,Success,0.0323644251626898,743.710455764075
AD_0225,Flash Sale Campaign,cold,Sunscreen,DermaGlow UV Shield Sunscreen,Video_Review,2023-09-23,11525,373,277404.0,321,30,TXN_002023,2023-09-26,444000.0,Success,0.0323644251626898,743.710455764075
AD_0225,Flash Sale Campaign,cold,Sunscreen,DermaGlow UV Shield Sunscreen,Video_Review,2023-09-23,11525,373,277404.0,321,30,TXN_002049,2023-09-24,461000.0,Success,0.0323644251626898,743.710455764075
AD_0225,Flash Sale Campaign,cold,Sunscreen,DermaGlow UV Shield Sunscreen,Video_Review,2023-09-23,11525,373,277404.0,321,30,TXN_002047,2023-09-23,244000.0,Success,0.0323644251626898,743.710455764075
AD_0225,Flash Sale Campaign,cold,Sunscreen,DermaGlow UV Shield Sunscreen,Video_Review,2023-09-23,11525,373,277404.0,321,30,TXN_002025,2023-09-24,203000.0,Success,0.0323644251626898,743.710455764075
AD_0225,Flash Sale Campaign,cold,Sunscreen,DermaGlow UV Shield Sunscreen,Video_Review,2023-09-23,11525,373,277404.0,321,30,TXN_002050,2023-09-25,306000.0,Success,0.0323644251626898,743.710455764075
AD_0225,Flash Sale Campaign,cold,Sunscreen,DermaGlow UV Shield Sunscreen,Video_Review,2023-09-23,11525,373,277404.0,321,30,TXN_002048,2023-09-25,232000.0,Success,0.0323644251626898,743.710455764075
AD_0166,Retargeting Campaign,warm,Sunscreen,DermaGlow UV Shield Sunscreen,Video_Review,2023-08-10,18536,493,134531.0,421,35,,,,,0.026596892533448425,272.88235294117646
AD_0931,Awareness Campaign,cold,Moisturizer,DermaGlow Hydrating Moisturizer,Static_Catalog,2023-12-17,8960,121,226839.0,107,13,TXN_001322,2023-12-19,110000.0,Success,0.013504464285714286,1874.702479338843
AD_0931,Awareness Campaign,cold,Moisturizer,DermaGlow Hydrating Moisturizer,Static_Catalog,2023-12-17,8960,121,226839.0,107,13,TXN_001323,2023-12-20,177000.0,Success,0.013504464285714286,1874.702479338843
AD_0931,Awareness Campaign,cold,Moisturizer,DermaGlow Hydrating Moisturizer,Static_Catalog,2023-12-17,8960,121,226839.0,107,13,TXN_001321,2023-12-20,327000.0,Success,0.013504464285714286,1874.702479338843
AD_0931,Awareness Campaign,cold,Moisturizer,DermaGlow Hydrating Moisturizer,Static_Catalog,2023-12-17,8960,121,226839.0,107,13,TXN_001319,2023-12-19,373000.0,Success,0.013504464285714286,1874.702479338843
AD_0179,Awareness Campaign,cold,Sunscreen,DermaGlow UV Shield Sunscreen,Static_Catalog,2023-04-15,10631,135,389102.0,120,13,,,,,0.01269871131596275,2882.237037037037
AD_0066,Flash Sale Campaign,cold,Serum,DermaGlow Brightening Serum,Video_Review,2023-05-25,13132,390,307440.0,322,22,,,,,0.029698446542796225,788.3076923076923
AD_0142,Awareness Campaign,cold,Moisturizer,DermaGlow Hydrating Moisturizer,Static_Catalog,2023-06-26,8165,86,265873.0,71,6,TXN_000585,2023-06-29,153000.0,Success,0.010532761788120024,3091.546511627907
AD_0986,Flash Sale Campaign,cold,Moisturizer,DermaGlow Hydrating Moisturizer,Video_Review,2023-09-25,15007,275,464709.0,240,15,,,,,0.01832478176850803,1689.850909090909
AD_0352,Awareness Campaign,cold,Sunscreen,DermaGlow UV Shield Sunscreen,Video_Review,2023-08-16,17469,505,464662.0,443,73,TXN_000152,2023-08-19,238000.0,Success,0.028908351937718242,920.1227722772277
AD_0352,Awareness Campaign,cold,Sunscreen,DermaGlow UV Shield Sunscreen,Video_Review,2023-08-16,17469,505,464662.0,443,73,TXN_000153,2023-08-17,387000.0,Success,0.028908351937718242,920.1227722772277
AD_0352,Awareness Campaign,cold,Sunscreen,DermaGlow UV Shield Sunscreen,Video_Review,2023-08-16,17469,505,464662.0,443,73,TXN_000151,2023-08-16,154000.0,Success,0.028908351937718242,920.1227722772277
AD_0862,Flash Sale Campaign,cold,Sunscreen,DermaGlow UV Shield Sunscreen,Static_Catalog,2023-09-06,15325,202,223313.0,176,14,,,,,0.013181076672104405,1105.509900990099
AD_0441,Flash Sale Campaign,cold,Sunscreen,DermaGlow UV Shield Sunscreen,Static_Catalog,2023-12-06,13483,149,391207.0,119,10,TXN_001624,2023-12-06,218000.0,Success,0.011050953051991396,2625.55033557047
AD_0441,Flash Sale Campaign,cold,Sunscreen,DermaGlow UV Shield Sunscreen,Static_Catalog,2023-12-06,13483,149,391207.0,119,10,TXN_001623,2023-12-07,530000.0,Success,0.011050953051991396,2625.55033557047
AD_0441,Flash Sale Campaign,cold,Sunscreen,DermaGlow UV Shield Sunscreen,Static_Catalog,2023-12-06,13483,149,391207.0,119,10,TXN_001625,2023-12-09,234000.0,Success,0.011050953051991396,2625.55033557047
AD_0347,Flash Sale Campaign,cold,Moisturizer,DermaGlow Hydrating Moisturizer,Video_Review,2023-07-29,9424,287,218581.0,254,20,TXN_002418,2023-07-31,401000.0,Success,0.03045415959252971,761.6062717770035
AD_0347,Flash Sale Campaign,cold,Moisturizer,DermaGlow Hydrating Moisturizer,Video_Review,2023-07-29,9424,287,218581.0,254,20,TXN_002419,2023-07-31,122000.0,Success,0.03045415959252971,761.6062717770035
AD_0255,Awareness Campaign,cold,Sunscreen,DermaGlow UV Shield Sunscreen,Static_Catalog,2023-07-11,12469,134,355158.0,110,11,TXN_001617,2023-07-11,304000.0,Success,0.010746651696206592,2650.4328358208954
AD_0255,Awareness Campaign,cold,Sunscreen,DermaGlow UV Shield Sunscreen,Static_Catalog,2023-07-11,12469,134,355158.0,110,11,TXN_001618,2023-07-13,344000.0,Success,0.010746651696206592,2650.4328358208954
AD_0695,Awareness Campaign,cold,Serum,DermaGlow Brightening Serum,Video_Review,2023-07-03,13102,306,288788.0,262,48,TXN_000561,2023-07-03,207000.0,Success,0.023355212944588612,943.7516339869281
AD_0345,Awareness Campaign,cold,Serum,DermaGlow Brightening Serum,Video_Review,2023-01-21,10842,294,487881.0,238,29,TXN_001136,2023-01-23,491000.0,Success,0.027116768123962368,1659.4591836734694
AD_0345,Awareness Campaign,cold,Serum,DermaGlow Brightening Serum,Video_Review,2023-01-21,10842,294,487881.0,238,29,TXN_001137,2023-01-24,310000.0,Success,0.027116768123962368,1659.4591836734694
AD_0222,Awareness Campaign,cold,Cleanser,DermaGlow Gentle Cleanser,Video_Review,2023-09-27,11917,356,214099.0,302,33,TXN_001809,2023-09-28,417000.0,Success,0.029873290257615173,601.4016853932584
AD_0222,Awareness Campaign,cold,Cleanser,DermaGlow Gentle Cleanser,Video_Review,2023-09-27,11917,356,214099.0,302,33,TXN_001808,2023-09-27,270000.0,Success,0.029873290257615173,601.4016853932584
AD_0236,Flash Sale Campaign,cold,Sunscreen,DermaGlow UV Shield Sunscreen,Video_Review,2023-04-19,14650,259,445732.0,220,23,,,,,0.017679180887372015,1720.972972972973
AD_0548,Flash Sale Campaign,cold,Serum,DermaGlow Brightening Serum,Video_Review,2023-10-26,11232,211,186226.0,186,36,TXN_000068,2023-10-28,341000.0,Success,0.018785612535612537,882.5876777251185
AD_0500,Retargeting Campaign,warm,Moisturizer,DermaGlow Hydrating Moisturizer,Video_Review,2023-08-05,12982,319,242867.0,263,38,,,,,0.02457248497920197,761.3385579937304
AD_0596,Awareness Campaign,cold,Cleanser,DermaGlow Gentle Cleanser,Video_Review,2023-05-10,7571,156,294387.0,134,25,,,,,0.020604939902258618,1887.0961538461538
AD_0941,Awareness Campaign,cold,Moisturizer,DermaGlow Hydrating Moisturizer,Static_Catalog,2023-11-23,7760,119,469676.0,96,9,TXN_001042,2023-11-23,116000.0,Success,0.015335051546391752,3946.8571428571427
AD_0941,Awareness Campaign,cold,Moisturizer,DermaGlow Hydrating Moisturizer,Static_Catalog,2023-11-23,7760,119,469676.0,96,9,TXN_001038,2023-11-24,248000.0,Success,0.015335051546391752,3946.8571428571427
AD_0941,Awareness Campaign,cold,Moisturizer,DermaGlow Hydrating Moisturizer,Static_Catalog,2023-11-23,7760,119,469676.0,96,9,TXN_001041,2023-11-24,179000.0,Success,0.015335051546391752,3946.8571428571427
AD_0941,Awareness Campaign,cold,Moisturizer,DermaGlow Hydrating Moisturizer,Static_Catalog,2023-11-23,7760,119,469676.0,96,9,TXN_001043,2023-11-26,362000.0,Success,0.015335051546391752,3946.8571428571427
AD_0941,Awareness Campaign,cold,Moisturizer,DermaGlow Hydrating Moisturizer,Static_Catalog,2023-11-23,7760,119,469676.0,96,9,TXN_001039,2023-11-25,154000.0,Success,0.015335051546391752,3946.8571428571427
AD_0250,Retargeting Campaign,warm,Serum,DermaGlow Brightening Serum,Video_Review,2023-01-20,8778,264,374231.0,224,15,,,,,0.03007518796992481,1417.5416666666667
AD_0471,Retargeting Campaign,warm,Moisturizer,DermaGlow Hydrating Moisturizer,Static_Catalog,2023-07-25,18145,200,434923.0,171,30,TXN_001879,2023-07-26,351000.0,Success,0.011022320198401764,2174.615
AD_0471,Retargeting Campaign,warm,Moisturizer,DermaGlow Hydrating Moisturizer,Static_Catalog,2023-07-25,18145,200,434923.0,171,30,TXN_001880,2023-07-25,182000.0,Success,0.011022320198401764,2174.615
AD_0471,Retargeting Campaign,warm,Moisturizer,DermaGlow Hydrating Moisturizer,Static_Catalog,2023-07-25,18145,200,434923.0,171,30,TXN_001881,2023-07-25,222000.0,Success,0.011022320198401764,2174.615
AD_0471,Retargeting Campaign,warm,Moisturizer,DermaGlow Hydrating Moisturizer,Static_Catalog,2023-07-25,18145,200,434923.0,171,30,TXN_001878,2023-07-26,407000.0,Success,0.011022320198401764,2174.615
AD_0471,Retargeting Campaign,warm,Moisturizer,DermaGlow Hydrating Moisturizer,Static_Catalog,2023-07-25,18145,200,434923.0,171,30,TXN_001883,2023-07-25,102000.0,Success,0.011022320198401764,2174.615
AD_0471,Retargeting Campaign,warm,Moisturizer,DermaGlow Hydrating Moisturizer,Static_Catalog,2023-07-25,18145,200,434923.0,171,30,TXN_001882,2023-07-28,162000.0,Success,0.011022320198401764,2174.615
AD_0382,Flash Sale Campaign,cold,Sunscreen,DermaGlow UV Shield Sunscreen,Static_Catalog,2023-07-04,10450,162,226479.0,141,15,,,,,0.015502392344497608,1398.0185185185185
AD_0072,Awareness Campaign,cold,Cleanser,DermaGlow Gentle Cleanser,Static_Catalog,2023-02-03,14239,121,289089.0,102,17,TXN_000443,2023-02-05,324000.0,Success,0.008497787765994804,2389.1652892561983
AD_0095,Awareness Campaign,cold,Sunscreen,DermaGlow UV Shield Sunscreen,Video_Review,2023-02-07,18869,360,183524.0,317,61,TXN_000223,2023-02-10,348000.0,Success,0.019078912501987386,509.7888888888889
AD_0095,Awareness Campaign,cold,Sunscreen,DermaGlow UV Shield Sunscreen,Video_Review,2023-02-07,18869,360,183524.0,317,61,TXN_000225,2023-02-10,431000.0,Success,0.019078912501987386,509.7888888888889
AD_0095,Awareness Campaign,cold,Sunscreen,DermaGlow UV Shield Sunscreen,Video_Review,2023-02-07,18869,360,183524.0,317,61,TXN_000224,2023-02-07,213000.0,Success,0.019078912501987386,509.7888888888889
AD_0034,Flash Sale Campaign,cold,Serum,DermaGlow Brightening Serum,Static_Catalog,2023-11-19,8863,87,104014.0,78,5,,,,,0.009816089360261763,1195.5632183908046
AD_0260,Retargeting Campaign,warm,Serum,DermaGlow Brightening Serum,Static_Catalog,2023-05-06,10105,151,364983.0,131,21,,,,,0.014943097476496784,2417.1059602649007
AD_0205,Awareness Campaign,cold,Serum,DermaGlow Brightening Serum,Video_Review,2023-09-28,17617,403,131401.0,358,36,,,,,0.022875631492308566,326.0570719602978
AD_0360,Retargeting Campaign,warm,Cleanser,DermaGlow Gentle Cleanser,Static_Catalog,2023-07-07,15350,207,398225.0,179,33,TXN_000576,2023-07-08,229000.0,Success,0.013485342019543973,1923.792270531401
AD_0360,Retargeting Campaign,warm,Cleanser,DermaGlow Gentle Cleanser,Static_Catalog,2023-07-07,15350,207,398225.0,179,33,TXN_000580,2023-07-10,257000.0,Success,0.013485342019543973,1923.792270531401
AD_0360,Retargeting Campaign,warm,Cleanser,DermaGlow Gentle Cleanser,Static_Catalog,2023-07-07,15350,207,398225.0,179,33,TXN_000577,2023-07-10,334000.0,Success,0.013485342019543973,1923.792270531401
AD_0360,Retargeting Campaign,warm,Cleanser,DermaGlow Gentle Cleanser,Static_Catalog,2023-07-07,15350,207,398225.0,179,33,TXN_000579,2023-07-08,463000.0,Success,0.013485342019543973,1923.792270531401
AD_0602,Retargeting Campaign,warm,Moisturizer,DermaGlow Hydrating Moisturizer,Video_Review,2023-06-22,17785,384,424101.0,333,63,TXN_001663,2023-06-25,95000.0,Success,0.021591228563396122,1104.4296875
AD_0602,Retargeting Campaign,warm,Moisturizer,DermaGlow Hydrating Moisturizer,Video_Review,2023-06-22,17785,384,424101.0,333,63,TXN_001664,2023-06-23,304000.0,Success,0.021591228563396122,1104.4296875
AD_0399,Flash Sale Campaign,cold,Sunscreen,DermaGlow UV Shield Sunscreen,Video_Review,2023-08-07,13163,289,211541.0,251,29,TXN_001727,2023-08-07,95000.0,Success,0.02195548127326597,731.9757785467128
AD_0399,Flash Sale Campaign,cold,Sunscreen,DermaGlow UV Shield Sunscreen,Video_Review,2023-08-07,13163,289,211541.0,251,29,TXN_001725,2023-08-07,106000.0,Success,0.02195548127326597,731.9757785467128
AD_0399,Flash Sale Campaign,cold,Sunscreen,DermaGlow UV Shield Sunscreen,Video_Review,2023-08-07,13163,289,211541.0,251,29,TXN_001726,2023-08-10,94000.0,Success,0.02195548127326597,731.9757785467128
AD_0399,Flash Sale Campaign,cold,Sunscreen,DermaGlow UV Shield Sunscreen,Video_Review,2023-08-07,13163,289,211541.0,251,29,TXN_001728,2023-08-07,97000.0,Success,0.02195548127326597,731.9757785467128
AD_0078,Flash Sale Campaign,cold,Sunscreen,DermaGlow UV Shield Sunscreen,Static_Catalog,2023-04-05,13031,169,487971.0,141,26,,,,,0.012969073747218172,2887.402366863905
AD_0085,Awareness Campaign,cold,Sunscreen,DermaGlow UV Shield Sunscreen,Video_Review,2023-01-28,6976,210,5048.0,174,11,,,,,0.030103211009174312,24.038095238095238
AD_0320,Flash Sale Campaign,cold,Cleanser,DermaGlow Gentle Cleanser,Video_Review,2023-10-27,11931,270,199931.0,231,46,,,,,0.02263012320844858,740.4851851851852
AD_0083,Retargeting Campaign,warm,Serum,DermaGlow Brightening Serum,Static_Catalog,2023-01-28,5364,47,246106.0,38,5,TXN_001595,2023-01-29,293000.0,Success,0.008762117822520506,5236.297872340426
AD_0948,Retargeting Campaign,warm,Cleanser,DermaGlow Gentle Cleanser,Video_Review,2023-11-21,9335,253,414281.0,213,38,TXN_002019,2023-11-24,430000.0,Success,0.027102303160149974,1637.4743083003953
AD_0948,Retargeting Campaign,warm,Cleanser,DermaGlow Gentle Cleanser,Video_Review,2023-11-21,9335,253,414281.0,213,38,TXN_002021,2023-11-22,111000.0,Success,0.027102303160149974,1637.4743083003953
AD_0948,Retargeting Campaign,warm,Cleanser,DermaGlow Gentle Cleanser,Video_Review,2023-11-21,9335,253,414281.0,213,38,TXN_002018,2023-11-21,397000.0,Success,0.027102303160149974,1637.4743083003953
AD_0948,Retargeting Campaign,warm,Cleanser,DermaGlow Gentle Cleanser,Video_Review,2023-11-21,9335,253,414281.0,213,38,TXN_002020,2023-11-24,305000.0,Success,0.027102303160149974,1637.4743083003953
AD_0948,Retargeting Campaign,warm,Cleanser,DermaGlow Gentle Cleanser,Video_Review,2023-11-21,9335,253,414281.0,213,38,TXN_002022,2023-11-24,131000.0,Success,0.027102303160149974,1637.4743083003953
AD_0708,Retargeting Campaign,warm,Serum,DermaGlow Brightening Serum,Static_Catalog,2023-02-14,15061,169,341422.0,135,23,,,,,0.011221034459863223,2020.2485207100592
AD_0539,Retargeting Campaign,warm,Serum,DermaGlow Brightening Serum,Static_Catalog,2023-12-03,7364,80,335295.0,70,13,,,,,0.010863661053775122,4191.1875
AD_0544,Retargeting Campaign,warm,Serum,DermaGlow Brightening Serum,Static_Catalog,2023-04-09,6986,99,257753.0,83,8,TXN_001724,2023-04-12,341000.0,Success,0.014171199541941026,2603.5656565656564
AD_0544,Retargeting Campaign,warm,Serum,DermaGlow Brightening Serum,Static_Catalog,2023-04-09,6986,99,257753.0,83,8,TXN_001723,2023-04-09,175000.0,Success,0.014171199541941026,2603.5656565656564
AD_0826,Awareness Campaign,cold,Serum,DermaGlow Brightening Serum,Static_Catalog,2023-10-18,12534,162,329171.0,130,11,TXN_000908,2023-10-21,214000.0,Success,0.01292484442316898,2031.9197530864199
AD_0826,Awareness Campaign,cold,Serum,DermaGlow Brightening Serum,Static_Catalog,2023-10-18,12534,162,329171.0,130,11,TXN_000907,2023-10-21,299000.0,Success,0.01292484442316898,2031.9197530864199
AD_0826,Awareness Campaign,cold,Serum,DermaGlow Brightening Serum,Static_Catalog,2023-10-18,12534,162,329171.0,130,11,TXN_000906,2023-10-21,241000.0,Success,0.01292484442316898,2031.9197530864199
AD_0826,Awareness Campaign,cold,Serum,DermaGlow Brightening Serum,Static_Catalog,2023-10-18,12534,162,329171.0,130,11,TXN_000905,2023-10-21,274000.0,Success,0.01292484442316898,2031.9197530864199
AD_0826,Awareness Campaign,cold,Serum,DermaGlow Brightening Serum,Static_Catalog,2023-10-18,12534,162,329171.0,130,11,TXN_000909,2023-10-20,491000.0,Success,0.01292484442316898,2031.9197530864199
AD_0429,Awareness Campaign,cold,Sunscreen,DermaGlow UV Shield Sunscreen,Video_Review,2023-05-19,11637,316,123185.0,281,22,TXN_001365,2023-05-19,306000.0,Success,0.027154764973790498,389.8259493670886
AD_0429,Awareness Campaign,cold,Sunscreen,DermaGlow UV Shield Sunscreen,Video_Review,2023-05-19,11637,316,123185.0,281,22,TXN_001366,2023-05-22,269000.0,Success,0.027154764973790498,389.8259493670886
AD_0429,Awareness Campaign,cold,Sunscreen,DermaGlow UV Shield Sunscreen,Video_Review,2023-05-19,11637,316,123185.0,281,22,TXN_001368,2023-05-19,142000.0,Success,0.027154764973790498,389.8259493670886
AD_0310,Retargeting Campaign,warm,Sunscreen,DermaGlow UV Shield Sunscreen,Static_Catalog,2023-04-09,7120,75,292121.0,64,5,,,,,0.010533707865168539,3894.9466666666667
AD_0006,Retargeting Campaign,warm,Cleanser,DermaGlow Gentle Cleanser,Static_Catalog,2023-09-21,10152,104,300551.0,91,10,TXN_002278,2023-09-24,417000.0,Success,0.01024428684003152,2889.9134615384614
AD_0006,Retargeting Campaign,warm,Cleanser,DermaGlow Gentle Cleanser,Static_Catalog,2023-09-21,10152,104,300551.0,91,10,TXN_002277,2023-09-23,219000.0,Success,0.01024428684003152,2889.9134615384614
AD_0789,Retargeting Campaign,warm,Sunscreen,DermaGlow UV Shield Sunscreen,Video_Review,2023-12-25,9513,236,156096.0,208,22,,,,,0.024808157258488384,661.4237288135594
AD_0105,Awareness Campaign,cold,Cleanser,DermaGlow Gentle Cleanser,Video_Review,2023-09-11,17789,371,155318.0,313,60,,,,,0.020855584912024286,418.6469002695418
AD_0098,Retargeting Campaign,warm,Serum,DermaGlow Brightening Serum,Static_Catalog,2023-03-30,9136,121,7567.0,102,10,TXN_001791,2023-04-02,567000.0,Success,0.01324430823117338,62.53719008264463
AD_0098,Retargeting Campaign,warm,Serum,DermaGlow Brightening Serum,Static_Catalog,2023-03-30,9136,121,7567.0,102,10,TXN_001787,2023-03-30,226000.0,Success,0.01324430823117338,62.53719008264463
AD_0098,Retargeting Campaign,warm,Serum,DermaGlow Brightening Serum,Static_Catalog,2023-03-30,9136,121,7567.0,102,10,TXN_001790,2023-03-31,226000.0,Success,0.01324430823117338,62.53719008264463
AD_0098,Retargeting Campaign,warm,Serum,DermaGlow Brightening Serum,Static_Catalog,2023-03-30,9136,121,7567.0,102,10,TXN_001786,2023-04-01,296000.0,Success,0.01324430823117338,62.53719008264463
AD_0297,Awareness Campaign,cold,Sunscreen,DermaGlow UV Shield Sunscreen,Static_Catalog,2023-07-13,9394,129,294387.0,106,11,TXN_002228,2023-07-15,359000.0,Success,0.013732169469874388,2282.0697674418607
AD_0297,Awareness Campaign,cold,Sunscreen,DermaGlow UV Shield Sunscreen,Static_Catalog,2023-07-13,9394,129,294387.0,106,11,TXN_002229,2023-07-13,436000.0,Success,0.013732169469874388,2282.0697674418607
AD_0297,Awareness Campaign,cold,Sunscreen,DermaGlow UV Shield Sunscreen,Static_Catalog,2023-07-13,9394,129,294387.0,106,11,TXN_002230,2023-07-16,299000.0,Success,0.013732169469874388,2282.0697674418607
AD_0409,Flash Sale Campaign,cold,Sunscreen,DermaGlow UV Shield Sunscreen,Video_Review,2023-06-23,7869,225,110103.0,202,18,TXN_000204,2023-06-25,323000.0,Success,0.0285932138772398,489.3466666666667
AD_0409,Flash Sale Campaign,cold,Sunscreen,DermaGlow UV Shield Sunscreen,Video_Review,2023-06-23,7869,225,110103.0,202,18,TXN_000203,2023-06-24,317000.0,Success,0.0285932138772398,489.3466666666667
AD_0446,Awareness Campaign,cold,Sunscreen,DermaGlow UV Shield Sunscreen,Static_Catalog,2023-10-31,7165,61,468753.0,53,5,,,,,0.00851360781577111,7684.475409836065
AD_0904,Flash Sale Campaign,cold,Cleanser,DermaGlow Gentle Cleanser,Video_Review,2023-03-18,5244,121,435417.0,103,13,,,,,0.023073989321128908,3598.4876033057853
AD_0282,Retargeting Campaign,warm,Moisturizer,DermaGlow Hydrating Moisturizer,Video_Review,2023-12-04,14096,338,443701.0,295,50,,,,,0.02397843359818388,1312.724852071006
AD_0267,Flash Sale Campaign,cold,Serum,DermaGlow Brightening Serum,Video_Review,2023-11-23,9336,236,197852.0,194,21,TXN_001464,2023-11-26,171000.0,Success,0.025278491859468722,838.3559322033898
AD_0267,Flash Sale Campaign,cold,Serum,DermaGlow Brightening Serum,Video_Review,2023-11-23,9336,236,197852.0,194,21,TXN_001463,2023-11-25,156000.0,Success,0.025278491859468722,838.3559322033898
AD_0740,Flash Sale Campaign,cold,Moisturizer,DermaGlow Hydrating Moisturizer,Video_Review,2023-04-26,19392,387,366285.0,339,28,,,,,0.019956683168316832,946.4728682170543
AD_0887,Retargeting Campaign,warm,Cleanser,DermaGlow Gentle Cleanser,Video_Review,2023-11-13,13942,415,213096.0,349,34,TXN_001656,2023-11-14,469000.0,Success,0.029766174150050208,513.4843373493976
AD_0887,Retargeting Campaign,warm,Cleanser,DermaGlow Gentle Cleanser,Video_Review,2023-11-13,13942,415,213096.0,349,34,TXN_001658,2023-11-13,314000.0,Success,0.029766174150050208,513.4843373493976
AD_0887,Retargeting Campaign,warm,Cleanser,DermaGlow Gentle Cleanser,Video_Review,2023-11-13,13942,415,213096.0,349,34,TXN_001657,2023-11-14,463000.0,Success,0.029766174150050208,513.4843373493976
AD_0887,Retargeting Campaign,warm,Cleanser,DermaGlow Gentle Cleanser,Video_Review,2023-11-13,13942,415,213096.0,349,34,TXN_001655,2023-11-13,217000.0,Success,0.029766174150050208,513.4843373493976
AD_0535,Retargeting Campaign,warm,Sunscreen,DermaGlow UV Shield Sunscreen,Static_Catalog,2023-06-08,14452,205,132083.0,175,21,TXN_000378,2023-06-08,416000.0,Success,0.014184887904788265,644.3073170731707
AD_0535,Retargeting Campaign,warm,Sunscreen,DermaGlow UV Shield Sunscreen,Static_Catalog,2023-06-08,14452,205,132083.0,175,21,TXN_000377,2023-06-10,215000.0,Success,0.014184887904788265,644.3073170731707
AD_0535,Retargeting Campaign,warm,Sunscreen,DermaGlow UV Shield Sunscreen,Static_Catalog,2023-06-08,14452,205,132083.0,175,21,TXN_000376,2023-06-09,472000.0,Success,0.014184887904788265,644.3073170731707
AD_0535,Retargeting Campaign,warm,Sunscreen,DermaGlow UV Shield Sunscreen,Static_Catalog,2023-06-08,14452,205,132083.0,175,21,TXN_000373,2023-06-11,189000.0,Success,0.014184887904788265,644.3073170731707
AD_0535,Retargeting Campaign,warm,Sunscreen,DermaGlow UV Shield Sunscreen,Static_Catalog,2023-06-08,14452,205,132083.0,175,21,TXN_000379,2023-06-09,343000.0,Success,0.014184887904788265,644.3073170731707
AD_0535,Retargeting Campaign,warm,Sunscreen,DermaGlow UV Shield Sunscreen,Static_Catalog,2023-06-08,14452,205,132083.0,175,21,TXN_000380,2023-06-09,392000.0,Success,0.014184887904788265,644.3073170731707
AD_0433,Flash Sale Campaign,cold,Serum,DermaGlow Brightening Serum,Static_Catalog,2023-09-13,7670,108,275607.0,92,5,,,,,0.014080834419817471,2551.9166666666665
AD_0912,Retargeting Campaign,warm,Moisturizer,DermaGlow Hydrating Moisturizer,Video_Review,2023-04-21,11890,277,317220.0,242,24,,,,,0.023296888141295206,1145.1985559566788
AD_0657,Awareness Campaign,cold,Serum,DermaGlow Brightening Serum,Static_Catalog,2023-09-19,17546,208,324126.0,171,19,TXN_001763,2023-09-19,429000.0,Success,0.011854553744443178,1558.298076923077
AD_0657,Awareness Campaign,cold,Serum,DermaGlow Brightening Serum,Static_Catalog,2023-09-19,17546,208,324126.0,171,19,TXN_001766,2023-09-21,497000.0,Success,0.011854553744443178,1558.298076923077
AD_0657,Awareness Campaign,cold,Serum,DermaGlow Brightening Serum,Static_Catalog,2023-09-19,17546,208,324126.0,171,19,TXN_001765,2023-09-21,149000.0,Success,0.011854553744443178,1558.298076923077
AD_0657,Awareness Campaign,cold,Serum,DermaGlow Brightening Serum,Static_Catalog,2023-09-19,17546,208,324126.0,171,19,TXN_001762,2023-09-22,236000.0,Success,0.011854553744443178,1558.298076923077
AD_0657,Awareness Campaign,cold,Serum,DermaGlow Brightening Serum,Static_Catalog,2023-09-19,17546,208,324126.0,171,19,TXN_001767,2023-09-22,453000.0,Success,0.011854553744443178,1558.298076923077
AD_0119,Flash Sale Campaign,cold,Cleanser,DermaGlow Gentle Cleanser,Static_Catalog,2023-03-19,7538,115,416915.0,99,7,,,,,0.015256036083841868,3625.3478260869565
AD_0406,Flash Sale Campaign,cold,Moisturizer,DermaGlow Hydrating Moisturizer,Video_Review,2023-06-19,18943,517,143764.0,458,73,TXN_000917,2023-06-22,247000.0,Success,0.02729240352636858,278.073500967118
AD_0406,Flash Sale Campaign,cold,Moisturizer,DermaGlow Hydrating Moisturizer,Video_Review,2023-06-19,18943,517,143764.0,458,73,TXN_000916,2023-06-21,158000.0,Success,0.02729240352636858,278.073500967118
AD_0406,Flash Sale Campaign,cold,Moisturizer,DermaGlow Hydrating Moisturizer,Video_Review,2023-06-19,18943,517,143764.0,458,73,TXN_000922,2023-06-21,128000.0,Success,0.02729240352636858,278.073500967118
AD_0406,Flash Sale Campaign,cold,Moisturizer,DermaGlow Hydrating Moisturizer,Video_Review,2023-06-19,18943,517,143764.0,458,73,TXN_000920,2023-06-21,168000.0,Success,0.02729240352636858,278.073500967118
AD_0406,Flash Sale Campaign,cold,Moisturizer,DermaGlow Hydrating Moisturizer,Video_Review,2023-06-19,18943,517,143764.0,458,73,TXN_000919,2023-06-19,427000.0,Success,0.02729240352636858,278.073500967118
AD_0406,Flash Sale Campaign,cold,Moisturizer,DermaGlow Hydrating Moisturizer,Video_Review,2023-06-19,18943,517,143764.0,458,73,TXN_000921,2023-06-21,375000.0,Success,0.02729240352636858,278.073500967118
AD_0251,Flash Sale Campaign,cold,Moisturizer,DermaGlow Hydrating Moisturizer,Static_Catalog,2023-01-20,8013,101,298436.0,87,4,,,,,0.012604517658804442,2954.8118811881186
AD_0378,Awareness Campaign,cold,Cleanser,DermaGlow Gentle Cleanser,Static_Catalog,2023-01-24,10075,95,222808.0,80,4,TXN_001024,2023-01-25,125000.0,Success,0.009429280397022333,2345.3473684210526
AD_0378,Awareness Campaign,cold,Cleanser,DermaGlow Gentle Cleanser,Static_Catalog,2023-01-24,10075,95,222808.0,80,4,TXN_001025,2023-01-27,433000.0,Success,0.009429280397022333,2345.3473684210526
AD_0616,Retargeting Campaign,warm,Sunscreen,DermaGlow UV Shield Sunscreen,Video_Review,2023-09-08,17566,552,100215.0,458,39,,,,,0.03142434247979051,181.54891304347825
AD_0010,Awareness Campaign,cold,Cleanser,DermaGlow Gentle Cleanser,Static_Catalog,2023-03-04,11736,158,161858.0,138,8,,,,,0.013462849352419905,1024.4177215189873
AD_0358,Retargeting Campaign,warm,Moisturizer,DermaGlow Hydrating Moisturizer,Video_Review,2023-02-28,18462,362,213688.0,317,43,TXN_000539,2023-02-28,376000.0,Success,0.0196078431372549,590.2983425414365
AD_0358,Retargeting Campaign,warm,Moisturizer,DermaGlow Hydrating Moisturizer,Video_Review,2023-02-28,18462,362,213688.0,317,43,TXN_000542,2023-03-02,289000.0,Success,0.0196078431372549,590.2983425414365
AD_0358,Retargeting Campaign,warm,Moisturizer,DermaGlow Hydrating Moisturizer,Video_Review,2023-02-28,18462,362,213688.0,317,43,TXN_000540,2023-03-03,179000.0,Success,0.0196078431372549,590.2983425414365
AD_0358,Retargeting Campaign,warm,Moisturizer,DermaGlow Hydrating Moisturizer,Video_Review,2023-02-28,18462,362,213688.0,317,43,TXN_000538,2023-02-28,238000.0,Success,0.0196078431372549,590.2983425414365
AD_0197,Flash Sale Campaign,cold,Sunscreen,DermaGlow UV Shield Sunscreen,Video_Review,2023-11-12,6440,135,455824.0,113,5,,,,,0.02096273291925466,3376.474074074074
AD_0632,Awareness Campaign,cold,Cleanser,DermaGlow Gentle Cleanser,Video_Review,2023-10-21,6357,156,210114.0,134,10,TXN_001524,2023-10-23,395000.0,Success,0.024539877300613498,1346.8846153846155
AD_0632,Awareness Campaign,cold,Cleanser,DermaGlow Gentle Cleanser,Video_Review,2023-10-21,6357,156,210114.0,134,10,TXN_001525,2023-10-23,121000.0,Success,0.024539877300613498,1346.8846153846155
AD_0082,Awareness Campaign,cold,Moisturizer,DermaGlow Hydrating Moisturizer,Static_Catalog,2023-10-19,19912,252,318803.0,206,21,,,,,0.012655685014061873,1265.0912698412699
AD_0527,Flash Sale Campaign,cold,Moisturizer,DermaGlow Hydrating Moisturizer,Static_Catalog,2023-11-18,6161,70,462811.0,60,7,,,,,0.011361791916896609,6611.585714285714
AD_0831,Retargeting Campaign,warm,Sunscreen,DermaGlow UV Shield Sunscreen,Static_Catalog,2023-05-21,10976,143,491214.0,120,17,TXN_002314,2023-05-24,301000.0,Success,0.013028425655976677,3435.062937062937
AD_0831,Retargeting Campaign,warm,Sunscreen,DermaGlow UV Shield Sunscreen,Static_Catalog,2023-05-21,10976,143,491214.0,120,17,TXN_002313,2023-05-23,405000.0,Success,0.013028425655976677,3435.062937062937
AD_0906,Flash Sale Campaign,cold,Moisturizer,DermaGlow Hydrating Moisturizer,Static_Catalog,2023-03-25,12631,143,479056.0,124,23,TXN_001073,2023-03-25,426000.0,Success,0.011321352228643812,3350.041958041958
AD_0240,Retargeting Campaign,warm,Moisturizer,DermaGlow Hydrating Moisturizer,Static_Catalog,2023-05-20,5769,73,208212.0,65,8,TXN_001345,2023-05-22,511000.0,Success,0.01265383948691281,2852.219178082192
AD_0240,Retargeting Campaign,warm,Moisturizer,DermaGlow Hydrating Moisturizer,Static_Catalog,2023-05-20,5769,73,208212.0,65,8,TXN_001347,2023-05-22,422000.0,Success,0.01265383948691281,2852.219178082192
AD_0324,Awareness Campaign,cold,Cleanser,DermaGlow Gentle Cleanser,Static_Catalog,2023-02-15,7882,92,230351.0,74,12,,,,,0.011672164425272774,2503.8152173913045
AD_0212,Retargeting Campaign,warm,Cleanser,DermaGlow Gentle Cleanser,Video_Review,2023-01-27,18015,553,435938.0,471,46,TXN_001305,2023-01-30,457000.0,Success,0.030696641687482654,788.3146473779385
AD_0212,Retargeting Campaign,warm,Cleanser,DermaGlow Gentle Cleanser,Video_Review,2023-01-27,18015,553,435938.0,471,46,TXN_001308,2023-01-28,110000.0,Success,0.030696641687482654,788.3146473779385
AD_0212,Retargeting Campaign,warm,Cleanser,DermaGlow Gentle Cleanser,Video_Review,2023-01-27,18015,553,435938.0,471,46,TXN_001306,2023-01-27,354000.0,Success,0.030696641687482654,788.3146473779385
AD_0212,Retargeting Campaign,warm,Cleanser,DermaGlow Gentle Cleanser,Video_Review,2023-01-27,18015,553,435938.0,471,46,TXN_001307,2023-01-29,423000.0,Success,0.030696641687482654,788.3146473779385
AD_0847,Flash Sale Campaign,cold,Moisturizer,DermaGlow Hydrating Moisturizer,Video_Review,2023-05-07,7374,137,477721.0,121,6,,,,,0.018578790344453484,3487.014598540146
AD_0549,Flash Sale Campaign,cold,Sunscreen,DermaGlow UV Shield Sunscreen,Video_Review,2023-09-24,7657,191,307440.0,158,22,TXN_001485,2023-09-26,399000.0,Success,0.02494449523312002,1609.6335078534032
AD_0549,Flash Sale Campaign,cold,Sunscreen,DermaGlow UV Shield Sunscreen,Video_Review,2023-09-24,7657,191,307440.0,158,22,TXN_001486,2023-09-26,152000.0,Success,0.02494449523312002,1609.6335078534032
AD_0498,Retargeting Campaign,warm,Serum,DermaGlow Brightening Serum,Video_Review,2023-05-25,11591,286,479653.0,244,18,,,,,0.024674316279872315,1677.1083916083917
AD_0228,Flash Sale Campaign,cold,Moisturizer,DermaGlow Hydrating Moisturizer,Static_Catalog,2023-07-10,9044,99,388859.0,83,6,,,,,0.010946483856700575,3927.868686868687
AD_0892,Awareness Campaign,cold,Serum,DermaGlow Brightening Serum,Video_Review,2023-06-27,12273,309,354829.0,253,28,TXN_000731,2023-06-27,173000.0,Success,0.02517721828403813,1148.3139158576053
AD_0892,Awareness Campaign,cold,Serum,DermaGlow Brightening Serum,Video_Review,2023-06-27,12273,309,354829.0,253,28,TXN_000732,2023-06-28,198000.0,Success,0.02517721828403813,1148.3139158576053
AD_0815,Flash Sale Campaign,cold,Sunscreen,DermaGlow UV Shield Sunscreen,Video_Review,2023-10-11,19270,623,145807.0,505,89,TXN_001584,2023-10-12,215000.0,Success,0.032330046704722365,234.04012841091492
AD_0815,Flash Sale Campaign,cold,Sunscreen,DermaGlow UV Shield Sunscreen,Video_Review,2023-10-11,19270,623,145807.0,505,89,TXN_001583,2023-10-14,393000.0,Success,0.032330046704722365,234.04012841091492
AD_0815,Flash Sale Campaign,cold,Sunscreen,DermaGlow UV Shield Sunscreen,Video_Review,2023-10-11,19270,623,145807.0,505,89,TXN_001585,2023-10-14,312000.0,Success,0.032330046704722365,234.04012841091492
AD_0815,Flash Sale Campaign,cold,Sunscreen,DermaGlow UV Shield Sunscreen,Video_Review,2023-10-11,19270,623,145807.0,505,89,TXN_001581,2023-10-13,308000.0,Success,0.032330046704722365,234.04012841091492
AD_0815,Flash Sale Campaign,cold,Sunscreen,DermaGlow UV Shield Sunscreen,Video_Review,2023-10-11,19270,623,145807.0,505,89,TXN_001582,2023-10-13,353000.0,Success,0.032330046704722365,234.04012841091492
AD_0829,Flash Sale Campaign,cold,Moisturizer,DermaGlow Hydrating Moisturizer,Static_Catalog,2023-10-11,8678,83,346222.0,66,12,TXN_000621,2023-10-12,437000.0,Success,0.009564415764000921,4171.349397590361
AD_0178,Retargeting Campaign,warm,Moisturizer,DermaGlow Hydrating Moisturizer,Video_Review,2023-01-24,19803,564,201757.0,506,28,,,,,0.028480533252537493,357.7251773049645
AD_0975,Flash Sale Campaign,cold,Moisturizer,DermaGlow Hydrating Moisturizer,Static_Catalog,2023-02-15,15663,133,494718.0,106,6,TXN_001797,2023-02-17,503000.0,Success,0.00849134903913682,3719.684210526316
AD_0434,Awareness Campaign,cold,Serum,DermaGlow Brightening Serum,Static_Catalog,2023-12-23,7854,104,439443.0,84,12,,,,,0.01324166030048383,4225.413461538462
AD_0944,Flash Sale Campaign,cold,Serum,DermaGlow Brightening Serum,Static_Catalog,2023-07-25,12830,163,478522.0,143,8,TXN_001557,2023-07-25,464000.0,Success,0.012704598597038192,2935.717791411043
AD_0944,Flash Sale Campaign,cold,Serum,DermaGlow Brightening Serum,Static_Catalog,2023-07-25,12830,163,478522.0,143,8,TXN_001556,2023-07-28,360000.0,Success,0.012704598597038192,2935.717791411043
AD_0517,Flash Sale Campaign,cold,Cleanser,DermaGlow Gentle Cleanser,Static_Catalog,2023-03-17,12877,158,498138.0,134,18,TXN_001104,2023-03-19,113000.0,Success,0.012269938650306749,3152.772151898734
AD_0517,Flash Sale Campaign,cold,Cleanser,DermaGlow Gentle Cleanser,Static_Catalog,2023-03-17,12877,158,498138.0,134,18,TXN_001101,2023-03-20,88000.0,Success,0.012269938650306749,3152.772151898734
AD_0517,Flash Sale Campaign,cold,Cleanser,DermaGlow Gentle Cleanser,Static_Catalog,2023-03-17,12877,158,498138.0,134,18,TXN_001107,2023-03-17,177000.0,Success,0.012269938650306749,3152.772151898734
AD_0517,Flash Sale Campaign,cold,Cleanser,DermaGlow Gentle Cleanser,Static_Catalog,2023-03-17,12877,158,498138.0,134,18,TXN_001106,2023-03-19,381000.0,Success,0.012269938650306749,3152.772151898734
AD_0517,Flash Sale Campaign,cold,Cleanser,DermaGlow Gentle Cleanser,Static_Catalog,2023-03-17,12877,158,498138.0,134,18,TXN_001105,2023-03-19,333000.0,Success,0.012269938650306749,3152.772151898734
AD_0517,Flash Sale Campaign,cold,Cleanser,DermaGlow Gentle Cleanser,Static_Catalog,2023-03-17,12877,158,498138.0,134,18,TXN_001102,2023-03-19,327000.0,Success,0.012269938650306749,3152.772151898734
AD_0517,Flash Sale Campaign,cold,Cleanser,DermaGlow Gentle Cleanser,Static_Catalog,2023-03-17,12877,158,498138.0,134,18,TXN_001109,2023-03-18,75000.0,Success,0.012269938650306749,3152.772151898734
AD_0351,Retargeting Campaign,warm,Moisturizer,DermaGlow Hydrating Moisturizer,Static_Catalog,2023-05-18,15578,176,331440.0,156,14,TXN_000974,2023-05-21,479000.0,Success,0.011297984336885352,1883.1818181818182
AD_0351,Retargeting Campaign,warm,Moisturizer,DermaGlow Hydrating Moisturizer,Static_Catalog,2023-05-18,15578,176,331440.0,156,14,TXN_000970,2023-05-21,205000.0,Success,0.011297984336885352,1883.1818181818182
AD_0351,Retargeting Campaign,warm,Moisturizer,DermaGlow Hydrating Moisturizer,Static_Catalog,2023-05-18,15578,176,331440.0,156,14,TXN_000977,2023-05-18,144000.0,Success,0.011297984336885352,1883.1818181818182
AD_0351,Retargeting Campaign,warm,Moisturizer,DermaGlow Hydrating Moisturizer,Static_Catalog,2023-05-18,15578,176,331440.0,156,14,TXN_000975,2023-05-20,355000.0,Success,0.011297984336885352,1883.1818181818182
AD_0351,Retargeting Campaign,warm,Moisturizer,DermaGlow Hydrating Moisturizer,Static_Catalog,2023-05-18,15578,176,331440.0,156,14,TXN_000969,2023-05-20,193000.0,Success,0.011297984336885352,1883.1818181818182
AD_0351,Retargeting Campaign,warm,Moisturizer,DermaGlow Hydrating Moisturizer,Static_Catalog,2023-05-18,15578,176,331440.0,156,14,TXN_000971,2023-05-19,323000.0,Success,0.011297984336885352,1883.1818181818182
AD_0351,Retargeting Campaign,warm,Moisturizer,DermaGlow Hydrating Moisturizer,Static_Catalog,2023-05-18,15578,176,331440.0,156,14,TXN_000972,2023-05-21,231000.0,Success,0.011297984336885352,1883.1818181818182
AD_0351,Retargeting Campaign,warm,Moisturizer,DermaGlow Hydrating Moisturizer,Static_Catalog,2023-05-18,15578,176,331440.0,156,14,TXN_000973,2023-05-18,353000.0,Success,0.011297984336885352,1883.1818181818182
AD_0519,Awareness Campaign,cold,Cleanser,DermaGlow Gentle Cleanser,Video_Review,2023-03-31,9843,179,456427.0,148,13,TXN_000752,2023-04-01,137000.0,Success,0.018185512546987706,2549.8715083798884
AD_0008,Flash Sale Campaign,cold,Cleanser,DermaGlow Gentle Cleanser,Static_Catalog,2023-08-03,14869,159,123247.0,139,18,,,,,0.010693388929988567,775.1383647798742
AD_0156,Flash Sale Campaign,cold,Serum,DermaGlow Brightening Serum,Static_Catalog,2023-12-10,6007,55,278589.0,44,5,TXN_000195,2023-12-10,494000.0,Success,0.009155984684534709,5065.254545454545
AD_0945,Flash Sale Campaign,cold,Sunscreen,DermaGlow UV Shield Sunscreen,Video_Review,2023-10-09,11611,351,245152.0,310,58,TXN_001620,2023-10-12,517000.0,Success,0.030229954353630177,698.4387464387464
AD_0945,Flash Sale Campaign,cold,Sunscreen,DermaGlow UV Shield Sunscreen,Video_Review,2023-10-09,11611,351,245152.0,310,58,TXN_001621,2023-10-09,366000.0,Success,0.030229954353630177,698.4387464387464
AD_0007,Retargeting Campaign,warm,Serum,DermaGlow Brightening Serum,Static_Catalog,2023-11-06,13873,161,137065.0,143,19,TXN_002400,2023-11-06,502000.0,Success,0.011605276436243062,851.335403726708
AD_0007,Retargeting Campaign,warm,Serum,DermaGlow Brightening Serum,Static_Catalog,2023-11-06,13873,161,137065.0,143,19,TXN_002402,2023-11-06,372000.0,Success,0.011605276436243062,851.335403726708
AD_0007,Retargeting Campaign,warm,Serum,DermaGlow Brightening Serum,Static_Catalog,2023-11-06,13873,161,137065.0,143,19,TXN_002401,2023-11-07,171000.0,Success,0.011605276436243062,851.335403726708
AD_0330,Flash Sale Campaign,cold,Cleanser,DermaGlow Gentle Cleanser,Static_Catalog,2023-02-26,12537,166,488583.0,137,7,,,,,0.013240807210656456,2943.2710843373493
AD_0543,Flash Sale Campaign,cold,Moisturizer,DermaGlow Hydrating Moisturizer,Static_Catalog,2023-09-04,19895,192,24310.0,172,19,TXN_002481,2023-09-06,132000.0,Success,0.009650665996481528,126.61458333333333
AD_0543,Flash Sale Campaign,cold,Moisturizer,DermaGlow Hydrating Moisturizer,Static_Catalog,2023-09-04,19895,192,24310.0,172,19,TXN_002482,2023-09-06,407000.0,Success,0.009650665996481528,126.61458333333333
AD_0543,Flash Sale Campaign,cold,Moisturizer,DermaGlow Hydrating Moisturizer,Static_Catalog,2023-09-04,19895,192,24310.0,172,19,TXN_002485,2023-09-04,390000.0,Success,0.009650665996481528,126.61458333333333
AD_0543,Flash Sale Campaign,cold,Moisturizer,DermaGlow Hydrating Moisturizer,Static_Catalog,2023-09-04,19895,192,24310.0,172,19,TXN_002486,2023-09-07,321000.0,Success,0.009650665996481528,126.61458333333333
AD_0543,Flash Sale Campaign,cold,Moisturizer,DermaGlow Hydrating Moisturizer,Static_Catalog,2023-09-04,19895,192,24310.0,172,19,TXN_002480,2023-09-04,231000.0,Success,0.009650665996481528,126.61458333333333
AD_0543,Flash Sale Campaign,cold,Moisturizer,DermaGlow Hydrating Moisturizer,Static_Catalog,2023-09-04,19895,192,24310.0,172,19,TXN_002483,2023-09-07,241000.0,Success,0.009650665996481528,126.61458333333333
AD_0543,Flash Sale Campaign,cold,Moisturizer,DermaGlow Hydrating Moisturizer,Static_Catalog,2023-09-04,19895,192,24310.0,172,19,TXN_002479,2023-09-06,495000.0,Success,0.009650665996481528,126.61458333333333
AD_0440,Awareness Campaign,cold,Serum,DermaGlow Brightening Serum,Static_Catalog,2023-09-26,18142,186,345172.0,163,27,TXN_001756,2023-09-28,230000.0,Success,0.010252452871789218,1855.763440860215
AD_0440,Awareness Campaign,cold,Serum,DermaGlow Brightening Serum,Static_Catalog,2023-09-26,18142,186,345172.0,163,27,TXN_001754,2023-09-27,204000.0,Success,0.010252452871789218,1855.763440860215
AD_0440,Awareness Campaign,cold,Serum,DermaGlow Brightening Serum,Static_Catalog,2023-09-26,18142,186,345172.0,163,27,TXN_001755,2023-09-29,71000.0,Success,0.010252452871789218,1855.763440860215
AD_0440,Awareness Campaign,cold,Serum,DermaGlow Brightening Serum,Static_Catalog,2023-09-26,18142,186,345172.0,163,27,TXN_001759,2023-09-26,179000.0,Success,0.010252452871789218,1855.763440860215
AD_0440,Awareness Campaign,cold,Serum,DermaGlow Brightening Serum,Static_Catalog,2023-09-26,18142,186,345172.0,163,27,TXN_001758,2023-09-28,293000.0,Success,0.010252452871789218,1855.763440860215
AD_0810,Retargeting Campaign,warm,Serum,DermaGlow Brightening Serum,Static_Catalog,2023-04-13,16497,156,250534.0,135,10,TXN_000630,2023-04-15,133000.0,Success,0.009456264775413711,1605.9871794871794
AD_0810,Retargeting Campaign,warm,Serum,DermaGlow Brightening Serum,Static_Catalog,2023-04-13,16497,156,250534.0,135,10,TXN_000631,2023-04-14,280000.0,Success,0.009456264775413711,1605.9871794871794
AD_0810,Retargeting Campaign,warm,Serum,DermaGlow Brightening Serum,Static_Catalog,2023-04-13,16497,156,250534.0,135,10,TXN_000629,2023-04-13,200000.0,Success,0.009456264775413711,1605.9871794871794
AD_0810,Retargeting Campaign,warm,Serum,DermaGlow Brightening Serum,Static_Catalog,2023-04-13,16497,156,250534.0,135,10,TXN_000626,2023-04-15,353000.0,Success,0.009456264775413711,1605.9871794871794
AD_0810,Retargeting Campaign,warm,Serum,DermaGlow Brightening Serum,Static_Catalog,2023-04-13,16497,156,250534.0,135,10,TXN_000628,2023-04-16,438000.0,Success,0.009456264775413711,1605.9871794871794
AD_0901,Awareness Campaign,cold,Cleanser,DermaGlow Gentle Cleanser,Video_Review,2023-10-03,10758,249,338515.0,208,38,TXN_001391,2023-10-04,188000.0,Success,0.023145566090351368,1359.4979919678715
AD_0371,Awareness Campaign,cold,Sunscreen,DermaGlow UV Shield Sunscreen,Video_Review,2023-11-19,5628,101,468226.0,90,12,,,,,0.017945984363894812,4635.9009900990095
AD_0605,Retargeting Campaign,warm,Sunscreen,DermaGlow UV Shield Sunscreen,Video_Review,2023-04-19,7190,134,292898.0,109,6,TXN_002319,2023-04-19,357000.0,Success,0.018636995827538246,2185.805970149254
AD_0974,Awareness Campaign,cold,Serum,DermaGlow Brightening Serum,Video_Review,2023-02-24,8446,190,242108.0,158,15,TXN_002283,2023-02-25,461000.0,Success,0.02249585602652143,1274.2526315789473
AD_0974,Awareness Campaign,cold,Serum,DermaGlow Brightening Serum,Video_Review,2023-02-24,8446,190,242108.0,158,15,TXN_002284,2023-02-25,270000.0,Success,0.02249585602652143,1274.2526315789473
AD_0974,Awareness Campaign,cold,Serum,DermaGlow Brightening Serum,Video_Review,2023-02-24,8446,190,242108.0,158,15,TXN_002287,2023-02-26,102000.0,Success,0.02249585602652143,1274.2526315789473
AD_0974,Awareness Campaign,cold,Serum,DermaGlow Brightening Serum,Video_Review,2023-02-24,8446,190,242108.0,158,15,TXN_002285,2023-02-27,245000.0,Success,0.02249585602652143,1274.2526315789473
AD_0974,Awareness Campaign,cold,Serum,DermaGlow Brightening Serum,Video_Review,2023-02-24,8446,190,242108.0,158,15,TXN_002282,2023-02-27,174000.0,Success,0.02249585602652143,1274.2526315789473
AD_0594,Flash Sale Campaign,cold,Serum,DermaGlow Brightening Serum,Video_Review,2023-01-13,14788,418,362210.0,336,28,TXN_001884,2023-01-16,238000.0,Success,0.02826616175277252,866.5311004784689
AD_0594,Flash Sale Campaign,cold,Serum,DermaGlow Brightening Serum,Video_Review,2023-01-13,14788,418,362210.0,336,28,TXN_001889,2023-01-16,217000.0,Success,0.02826616175277252,866.5311004784689
AD_0594,Flash Sale Campaign,cold,Serum,DermaGlow Brightening Serum,Video_Review,2023-01-13,14788,418,362210.0,336,28,TXN_001888,2023-01-14,193000.0,Success,0.02826616175277252,866.5311004784689
AD_0594,Flash Sale Campaign,cold,Serum,DermaGlow Brightening Serum,Video_Review,2023-01-13,14788,418,362210.0,336,28,TXN_001885,2023-01-13,245000.0,Success,0.02826616175277252,866.5311004784689
AD_0877,Retargeting Campaign,warm,Serum,DermaGlow Brightening Serum,Static_Catalog,2023-06-10,5238,61,494321.0,48,5,TXN_002388,2023-06-11,311000.0,Success,0.011645666284841543,8103.622950819672
AD_0555,Awareness Campaign,cold,Moisturizer,DermaGlow Hydrating Moisturizer,Video_Review,2023-04-20,7946,139,477338.0,120,13,TXN_001164,2023-04-20,258000.0,Success,0.017493078278379058,3434.0863309352517
AD_0754,Retargeting Campaign,warm,Moisturizer,DermaGlow Hydrating Moisturizer,Static_Catalog,2023-07-29,14747,210,455288.0,184,11,,,,,0.014240184444293754,2168.038095238095
AD_0874,Awareness Campaign,cold,Serum,DermaGlow Brightening Serum,Static_Catalog,2023-04-20,13728,141,244338.0,122,22,TXN_000403,2023-04-21,181000.0,Success,0.01027097902097902,1732.8936170212767
AD_0533,Flash Sale Campaign,cold,Sunscreen,DermaGlow UV Shield Sunscreen,Video_Review,2023-12-02,10593,279,367687.0,226,12,TXN_001986,2023-12-05,399000.0,Success,0.026338147833474938,1317.8745519713261
AD_0533,Flash Sale Campaign,cold,Sunscreen,DermaGlow UV Shield Sunscreen,Video_Review,2023-12-02,10593,279,367687.0,226,12,TXN_001988,2023-12-04,144000.0,Success,0.026338147833474938,1317.8745519713261
AD_0533,Flash Sale Campaign,cold,Sunscreen,DermaGlow UV Shield Sunscreen,Video_Review,2023-12-02,10593,279,367687.0,226,12,TXN_001987,2023-12-04,379000.0,Success,0.026338147833474938,1317.8745519713261
AD_0867,Retargeting Campaign,warm,Sunscreen,DermaGlow UV Shield Sunscreen,Video_Review,2023-02-19,10006,304,371731.0,255,29,TXN_002473,2023-02-19,431000.0,Success,0.030381770937437536,1222.7993421052631
AD_0867,Retargeting Campaign,warm,Sunscreen,DermaGlow UV Shield Sunscreen,Video_Review,2023-02-19,10006,304,371731.0,255,29,TXN_002476,2023-02-21,261000.0,Success,0.030381770937437536,1222.7993421052631
AD_0229,Awareness Campaign,cold,Serum,DermaGlow Brightening Serum,Video_Review,2023-07-02,12898,306,334213.0,252,41,TXN_001799,2023-07-04,139000.0,Success,0.023724608466428904,1092.1993464052287
AD_0229,Awareness Campaign,cold,Serum,DermaGlow Brightening Serum,Video_Review,2023-07-02,12898,306,334213.0,252,41,TXN_001800,2023-07-02,423000.0,Success,0.023724608466428904,1092.1993464052287
AD_0391,Retargeting Campaign,warm,Sunscreen,DermaGlow UV Shield Sunscreen,Video_Review,2023-07-23,6481,192,221950.0,159,14,TXN_000415,2023-07-25,287000.0,Success,0.029625057861441137,1155.9895833333333
AD_0760,Flash Sale Campaign,cold,Sunscreen,DermaGlow UV Shield Sunscreen,Static_Catalog,2023-02-24,16730,197,171805.0,174,17,,,,,0.01177525403466826,872.1065989847716
AD_0213,Flash Sale Campaign,cold,Serum,DermaGlow Brightening Serum,Static_Catalog,2023-05-10,9817,108,356353.0,91,9,,,,,0.011001324233472548,3299.564814814815
AD_0080,Awareness Campaign,cold,Serum,DermaGlow Brightening Serum,Video_Review,2023-11-22,13376,305,324301.0,255,32,,,,,0.022802033492822966,1063.2819672131147
AD_0149,Awareness Campaign,cold,Moisturizer,DermaGlow Hydrating Moisturizer,Video_Review,2023-08-14,19808,444,404664.0,379,23,,,,,0.02241518578352181,911.4054054054054
AD_0303,Retargeting Campaign,warm,Moisturizer,DermaGlow Hydrating Moisturizer,Video_Review,2023-06-17,11132,237,303196.0,196,34,,,,,0.0212899748472871,1279.308016877637
AD_0449,Retargeting Campaign,warm,Serum,DermaGlow Brightening Serum,Video_Review,2023-01-28,6338,155,384308.0,139,20,TXN_002394,2023-01-31,380000.0,Success,0.024455664247396654,2479.4064516129033
AD_0362,Retargeting Campaign,warm,Moisturizer,DermaGlow Hydrating Moisturizer,Static_Catalog,2023-10-21,11589,135,393577.0,110,13,TXN_001378,2023-10-24,82000.0,Success,0.011648977478643541,2915.385185185185
AD_0362,Retargeting Campaign,warm,Moisturizer,DermaGlow Hydrating Moisturizer,Static_Catalog,2023-10-21,11589,135,393577.0,110,13,TXN_001379,2023-10-24,351000.0,Success,0.011648977478643541,2915.385185185185
AD_0362,Retargeting Campaign,warm,Moisturizer,DermaGlow Hydrating Moisturizer,Static_Catalog,2023-10-21,11589,135,393577.0,110,13,TXN_001377,2023-10-23,192000.0,Success,0.011648977478643541,2915.385185185185
AD_0362,Retargeting Campaign,warm,Moisturizer,DermaGlow Hydrating Moisturizer,Static_Catalog,2023-10-21,11589,135,393577.0,110,13,TXN_001375,2023-10-22,307000.0,Success,0.011648977478643541,2915.385185185185
AD_0362,Retargeting Campaign,warm,Moisturizer,DermaGlow Hydrating Moisturizer,Static_Catalog,2023-10-21,11589,135,393577.0,110,13,TXN_001376,2023-10-24,356000.0,Success,0.011648977478643541,2915.385185185185
AD_0362,Retargeting Campaign,warm,Moisturizer,DermaGlow Hydrating Moisturizer,Static_Catalog,2023-10-21,11589,135,393577.0,110,13,TXN_001374,2023-10-24,83000.0,Success,0.011648977478643541,2915.385185185185
AD_0532,Awareness Campaign,cold,Moisturizer,DermaGlow Hydrating Moisturizer,Static_Catalog,2023-12-27,9350,82,330636.0,70,12,,,,,0.008770053475935829,4032.1463414634145
AD_0530,Flash Sale Campaign,cold,Serum,DermaGlow Brightening Serum,Video_Review,2023-10-23,14498,437,280418.0,379,52,,,,,0.030142088563939854,641.6887871853547
AD_0044,Awareness Campaign,cold,Serum,DermaGlow Brightening Serum,Static_Catalog,2023-03-10,9141,133,291475.0,108,5,,,,,0.014549830434306969,2191.5413533834585
AD_0674,Flash Sale Campaign,cold,Sunscreen,DermaGlow UV Shield Sunscreen,Static_Catalog,2023-07-08,9711,121,156116.0,100,5,,,,,0.012460096797446195,1290.2148760330579
AD_0134,Flash Sale Campaign,cold,Moisturizer,DermaGlow Hydrating Moisturizer,Video_Review,2023-08-03,14119,426,246968.0,379,55,TXN_000667,2023-08-04,92000.0,Success,0.03017210850626815,579.7370892018779
AD_0134,Flash Sale Campaign,cold,Moisturizer,DermaGlow Hydrating Moisturizer,Video_Review,2023-08-03,14119,426,246968.0,379,55,TXN_000668,2023-08-06,274000.0,Success,0.03017210850626815,579.7370892018779
AD_0576,Retargeting Campaign,warm,Moisturizer,DermaGlow Hydrating Moisturizer,Static_Catalog,2023-11-19,14733,201,341071.0,163,20,TXN_000026,2023-11-20,425000.0,Success,0.01364284259824883,1696.870646766169
AD_0576,Retargeting Campaign,warm,Moisturizer,DermaGlow Hydrating Moisturizer,Static_Catalog,2023-11-19,14733,201,341071.0,163,20,TXN_000027,2023-11-22,560000.0,Success,0.01364284259824883,1696.870646766169
AD_0312,Awareness Campaign,cold,Serum,DermaGlow Brightening Serum,Static_Catalog,2023-06-16,14835,170,168803.0,136,22,TXN_001558,2023-06-16,460000.0,Success,0.011459386585776879,992.9588235294118
AD_0312,Awareness Campaign,cold,Serum,DermaGlow Brightening Serum,Static_Catalog,2023-06-16,14835,170,168803.0,136,22,TXN_001559,2023-06-17,150000.0,Success,0.011459386585776879,992.9588235294118
AD_0568,Awareness Campaign,cold,Serum,DermaGlow Brightening Serum,Video_Review,2023-05-30,9774,286,266964.0,243,20,,,,,0.029261305504399426,933.4405594405595
AD_0821,Flash Sale Campaign,cold,Cleanser,DermaGlow Gentle Cleanser,Static_Catalog,2023-10-22,9656,92,322343.0,77,8,TXN_000451,2023-10-25,105000.0,Success,0.009527754763877383,3503.728260869565
AD_0821,Flash Sale Campaign,cold,Cleanser,DermaGlow Gentle Cleanser,Static_Catalog,2023-10-22,9656,92,322343.0,77,8,TXN_000452,2023-10-23,331000.0,Success,0.009527754763877383,3503.728260869565
AD_0821,Flash Sale Campaign,cold,Cleanser,DermaGlow Gentle Cleanser,Static_Catalog,2023-10-22,9656,92,322343.0,77,8,TXN_000450,2023-10-22,339000.0,Success,0.009527754763877383,3503.728260869565
AD_0001,Flash Sale Campaign,cold,Cleanser,DermaGlow Gentle Cleanser,Video_Review,2023-09-28,18964,501,237337.0,408,23,TXN_000014,2023-09-28,145000.0,Success,0.0264184771145328,473.72654690618765
AD_0001,Flash Sale Campaign,cold,Cleanser,DermaGlow Gentle Cleanser,Video_Review,2023-09-28,18964,501,237337.0,408,23,TXN_000016,2023-09-30,365000.0,Success,0.0264184771145328,473.72654690618765
AD_0001,Flash Sale Campaign,cold,Cleanser,DermaGlow Gentle Cleanser,Video_Review,2023-09-28,18964,501,237337.0,408,23,TXN_000015,2023-09-29,424000.0,Success,0.0264184771145328,473.72654690618765
AD_0001,Flash Sale Campaign,cold,Cleanser,DermaGlow Gentle Cleanser,Video_Review,2023-09-28,18964,501,237337.0,408,23,TXN_000013,2023-09-30,382000.0,Success,0.0264184771145328,473.72654690618765
AD_0001,Flash Sale Campaign,cold,Cleanser,DermaGlow Gentle Cleanser,Video_Review,2023-09-28,18964,501,237337.0,408,23,TXN_000017,2023-09-28,134000.0,Success,0.0264184771145328,473.72654690618765
AD_0478,Awareness Campaign,cold,Cleanser,DermaGlow Gentle Cleanser,Video_Review,2023-07-01,14259,254,375553.0,208,20,,,,,0.017813310891366858,1478.5551181102362
AD_0317,Retargeting Campaign,warm,Moisturizer,DermaGlow Hydrating Moisturizer,Video_Review,2023-06-19,18350,443,302747.0,378,23,TXN_001538,2023-06-22,236000.0,Success,0.024141689373297002,683.4018058690745
AD_0317,Retargeting Campaign,warm,Moisturizer,DermaGlow Hydrating Moisturizer,Video_Review,2023-06-19,18350,443,302747.0,378,23,TXN_001539,2023-06-21,142000.0,Success,0.024141689373297002,683.4018058690745
AD_0317,Retargeting Campaign,warm,Moisturizer,DermaGlow Hydrating Moisturizer,Video_Review,2023-06-19,18350,443,302747.0,378,23,TXN_001537,2023-06-20,245000.0,Success,0.024141689373297002,683.4018058690745
AD_0738,Awareness Campaign,cold,Sunscreen,DermaGlow UV Shield Sunscreen,Static_Catalog,2023-06-02,7066,89,354265.0,76,12,,,,,0.012595527879988678,3980.505617977528
AD_0573,Awareness Campaign,cold,Moisturizer,DermaGlow Hydrating Moisturizer,Static_Catalog,2023-01-12,16915,157,130063.0,136,10,,,,,0.009281702630801063,828.4267515923567
AD_0381,Retargeting Campaign,warm,Sunscreen,DermaGlow UV Shield Sunscreen,Video_Review,2023-08-27,11028,262,419793.0,233,40,TXN_001955,2023-08-30,242000.0,Success,0.023757707653246283,1602.2633587786258
AD_0833,Awareness Campaign,cold,Serum,DermaGlow Brightening Serum,Static_Catalog,2023-08-26,11895,137,294387.0,121,18,TXN_002376,2023-08-26,356000.0,Success,0.011517444304329551,2148.810218978102
AD_0833,Awareness Campaign,cold,Serum,DermaGlow Brightening Serum,Static_Catalog,2023-08-26,11895,137,294387.0,121,18,TXN_001111,2023-08-29,420000.0,Success,0.011517444304329551,2148.810218978102
AD_0833,Awareness Campaign,cold,Serum,DermaGlow Brightening Serum,Static_Catalog,2023-08-26,11895,137,294387.0,121,18,TXN_001110,2023-08-26,495000.0,Success,0.011517444304329551,2148.810218978102
AD_0833,Awareness Campaign,cold,Serum,DermaGlow Brightening Serum,Static_Catalog,2023-08-26,11895,137,294387.0,121,18,TXN_002373,2023-08-27,360000.0,Success,0.011517444304329551,2148.810218978102
AD_0833,Awareness Campaign,cold,Serum,DermaGlow Brightening Serum,Static_Catalog,2023-08-26,11895,137,294387.0,121,18,TXN_001112,2023-08-28,363000.0,Success,0.011517444304329551,2148.810218978102
AD_0833,Awareness Campaign,cold,Serum,DermaGlow Brightening Serum,Static_Catalog,2023-08-26,11895,137,294387.0,121,18,TXN_002372,2023-08-28,234000.0,Success,0.011517444304329551,2148.810218978102
AD_0833,Awareness Campaign,cold,Serum,DermaGlow Brightening Serum,Static_Catalog,2023-08-26,11895,137,294387.0,121,18,TXN_002374,2023-08-27,149000.0,Success,0.011517444304329551,2148.810218978102
AD_0973,Awareness Campaign,cold,Serum,DermaGlow Brightening Serum,Video_Review,2023-06-23,17573,468,467482.0,391,41,,,,,0.02663176463893473,998.8931623931624
AD_0962,Awareness Campaign,cold,Moisturizer,DermaGlow Hydrating Moisturizer,Video_Review,2023-07-14,19940,525,266866.0,442,33,,,,,0.026328986960882646,508.31619047619046
AD_0173,Retargeting Campaign,warm,Cleanser,DermaGlow Gentle Cleanser,Static_Catalog,2023-11-24,10389,145,423694.0,127,7,TXN_000840,2023-11-25,427000.0,Success,0.013957069977861199,2922.0275862068966
AD_0173,Retargeting Campaign,warm,Cleanser,DermaGlow Gentle Cleanser,Static_Catalog,2023-11-24,10389,145,423694.0,127,7,TXN_000842,2023-11-26,252000.0,Success,0.013957069977861199,2922.0275862068966
AD_0173,Retargeting Campaign,warm,Cleanser,DermaGlow Gentle Cleanser,Static_Catalog,2023-11-24,10389,145,423694.0,127,7,TXN_000839,2023-11-24,345000.0,Success,0.013957069977861199,2922.0275862068966
AD_0173,Retargeting Campaign,warm,Cleanser,DermaGlow Gentle Cleanser,Static_Catalog,2023-11-24,10389,145,423694.0,127,7,TXN_000841,2023-11-26,339000.0,Success,0.013957069977861199,2922.0275862068966
AD_0173,Retargeting Campaign,warm,Cleanser,DermaGlow Gentle Cleanser,Static_Catalog,2023-11-24,10389,145,423694.0,127,7,TXN_000844,2023-11-25,177000.0,Success,0.013957069977861199,2922.0275862068966
AD_0173,Retargeting Campaign,warm,Cleanser,DermaGlow Gentle Cleanser,Static_Catalog,2023-11-24,10389,145,423694.0,127,7,TXN_000845,2023-11-27,223000.0,Success,0.013957069977861199,2922.0275862068966
AD_0173,Retargeting Campaign,warm,Cleanser,DermaGlow Gentle Cleanser,Static_Catalog,2023-11-24,10389,145,423694.0,127,7,TXN_000843,2023-11-24,142000.0,Success,0.013957069977861199,2922.0275862068966
AD_0126,Awareness Campaign,cold,Serum,DermaGlow Brightening Serum,Static_Catalog,2023-03-17,15041,141,151226.0,125,22,TXN_000011,2023-03-18,258000.0,Success,0.009374376703676617,1072.5248226950355
AD_0667,Flash Sale Campaign,cold,Serum,DermaGlow Brightening Serum,Video_Review,2023-12-16,14494,311,449903.0,258,48,,,,,0.021457154684697118,1446.6334405144694
AD_0702,Retargeting Campaign,warm,Cleanser,DermaGlow Gentle Cleanser,Video_Review,2023-08-08,7678,234,129777.0,207,28,,,,,0.03047668663714509,554.6025641025641
AD_0835,Awareness Campaign,cold,Moisturizer,DermaGlow Hydrating Moisturizer,Video_Review,2023-04-10,10883,223,383126.0,187,14,TXN_000641,2023-04-10,298000.0,Success,0.020490673527519987,1718.053811659193
AD_0835,Awareness Campaign,cold,Moisturizer,DermaGlow Hydrating Moisturizer,Video_Review,2023-04-10,10883,223,383126.0,187,14,TXN_000642,2023-04-12,466000.0,Success,0.020490673527519987,1718.053811659193
AD_0940,Retargeting Campaign,warm,Sunscreen,DermaGlow UV Shield Sunscreen,Static_Catalog,2023-01-23,7295,106,182600.0,91,12,,,,,0.014530500342700479,1722.6415094339623
AD_0091,Retargeting Campaign,warm,Cleanser,DermaGlow Gentle Cleanser,Static_Catalog,2023-03-03,7846,96,344761.0,79,13,,,,,0.012235534030079022,3591.2604166666665
AD_0979,Flash Sale Campaign,cold,Serum,DermaGlow Brightening Serum,Static_Catalog,2023-06-10,5527,86,332695.0,69,9,TXN_001412,2023-06-10,352000.0,Success,0.015559978288402389,3868.546511627907
AD_0182,Retargeting Campaign,warm,Moisturizer,DermaGlow Hydrating Moisturizer,Video_Review,2023-11-14,19668,475,301207.0,407,60,TXN_000297,2023-11-15,85000.0,Success,0.024150905023388246,634.12
AD_0182,Retargeting Campaign,warm,Moisturizer,DermaGlow Hydrating Moisturizer,Video_Review,2023-11-14,19668,475,301207.0,407,60,TXN_000298,2023-11-15,205000.0,Success,0.024150905023388246,634.12
AD_0364,Retargeting Campaign,warm,Sunscreen,DermaGlow UV Shield Sunscreen,Video_Review,2023-06-05,18944,387,159234.0,328,36,TXN_000625,2023-06-08,486000.0,Success,0.020428631756756757,411.4573643410853
AD_0364,Retargeting Campaign,warm,Sunscreen,DermaGlow UV Shield Sunscreen,Video_Review,2023-06-05,18944,387,159234.0,328,36,TXN_000624,2023-06-05,356000.0,Success,0.020428631756756757,411.4573643410853
AD_0275,Awareness Campaign,cold,Sunscreen,DermaGlow UV Shield Sunscreen,Video_Review,2023-08-26,11971,334,308139.0,272,38,TXN_001997,2023-08-27,438000.0,Success,0.027900760170411827,922.5718562874251
AD_0275,Awareness Campaign,cold,Sunscreen,DermaGlow UV Shield Sunscreen,Video_Review,2023-08-26,11971,334,308139.0,272,38,TXN_001996,2023-08-27,200000.0,Success,0.027900760170411827,922.5718562874251
AD_0965,Awareness Campaign,cold,Moisturizer,DermaGlow Hydrating Moisturizer,Static_Catalog,2023-12-03,9118,107,229789.0,89,7,,,,,0.011735029611756964,2147.5607476635514
AD_0070,Flash Sale Campaign,cold,Serum,DermaGlow Brightening Serum,Static_Catalog,2023-07-16,10989,164,385718.0,143,27,TXN_001671,2023-07-18,360000.0,Success,0.014924014924014925,2351.939024390244
AD_0132,Flash Sale Campaign,cold,Serum,DermaGlow Brightening Serum,Video_Review,2023-04-18,10549,185,385195.0,154,9,TXN_002218,2023-04-18,207000.0,Success,0.017537207318229216,2082.135135135135
AD_0301,Retargeting Campaign,warm,Serum,DermaGlow Brightening Serum,Video_Review,2023-11-06,8800,261,170448.0,224,15,TXN_000766,2023-11-08,137000.0,Success,0.02965909090909091,653.0574712643678
AD_0606,Flash Sale Campaign,cold,Moisturizer,DermaGlow Hydrating Moisturizer,Video_Review,2023-08-18,10158,203,170474.0,176,25,,,,,0.01998424886788738,839.7733990147783
AD_0327,Flash Sale Campaign,cold,Moisturizer,DermaGlow Hydrating Moisturizer,Video_Review,2023-02-17,8863,268,370160.0,231,21,TXN_001337,2023-02-17,410000.0,Success,0.03023806837413968,1381.1940298507463
AD_0327,Flash Sale Campaign,cold,Moisturizer,DermaGlow Hydrating Moisturizer,Video_Review,2023-02-17,8863,268,370160.0,231,21,TXN_001336,2023-02-17,406000.0,Success,0.03023806837413968,1381.1940298507463
AD_0145,Flash Sale Campaign,cold,Cleanser,DermaGlow Gentle Cleanser,Static_Catalog,2023-12-15,16076,231,439273.0,185,19,TXN_001069,2023-12-16,357000.0,Success,0.014369246081114706,1901.6147186147186
AD_0145,Flash Sale Campaign,cold,Cleanser,DermaGlow Gentle Cleanser,Static_Catalog,2023-12-15,16076,231,439273.0,185,19,TXN_001064,2023-12-15,175000.0,Success,0.014369246081114706,1901.6147186147186
AD_0145,Flash Sale Campaign,cold,Cleanser,DermaGlow Gentle Cleanser,Static_Catalog,2023-12-15,16076,231,439273.0,185,19,TXN_001066,2023-12-18,245000.0,Success,0.014369246081114706,1901.6147186147186
AD_0899,Flash Sale Campaign,cold,Serum,DermaGlow Brightening Serum,Static_Catalog,2023-11-06,10175,85,191549.0,72,10,TXN_001460,2023-11-06,97000.0,Success,0.008353808353808353,2253.5176470588235
AD_0899,Flash Sale Campaign,cold,Serum,DermaGlow Brightening Serum,Static_Catalog,2023-11-06,10175,85,191549.0,72,10,TXN_001462,2023-11-09,376000.0,Success,0.008353808353808353,2253.5176470588235
AD_0899,Flash Sale Campaign,cold,Serum,DermaGlow Brightening Serum,Static_Catalog,2023-11-06,10175,85,191549.0,72,10,TXN_001459,2023-11-08,297000.0,Success,0.008353808353808353,2253.5176470588235
AD_0899,Flash Sale Campaign,cold,Serum,DermaGlow Brightening Serum,Static_Catalog,2023-11-06,10175,85,191549.0,72,10,TXN_001461,2023-11-09,375000.0,Success,0.008353808353808353,2253.5176470588235
AD_0669,Retargeting Campaign,warm,Cleanser,DermaGlow Gentle Cleanser,Video_Review,2023-07-05,10659,331,215819.0,296,31,,,,,0.031053569753260155,652.0211480362537
AD_0136,Retargeting Campaign,warm,Sunscreen,DermaGlow UV Shield Sunscreen,Static_Catalog,2023-12-01,11232,109,304615.0,97,18,TXN_000912,2023-12-03,143000.0,Success,0.009704415954415955,2794.6330275229357
AD_0136,Retargeting Campaign,warm,Sunscreen,DermaGlow UV Shield Sunscreen,Static_Catalog,2023-12-01,11232,109,304615.0,97,18,TXN_000911,2023-12-01,216000.0,Success,0.009704415954415955,2794.6330275229357
AD_0136,Retargeting Campaign,warm,Sunscreen,DermaGlow UV Shield Sunscreen,Static_Catalog,2023-12-01,11232,109,304615.0,97,18,TXN_000913,2023-12-02,131000.0,Success,0.009704415954415955,2794.6330275229357
AD_0136,Retargeting Campaign,warm,Sunscreen,DermaGlow UV Shield Sunscreen,Static_Catalog,2023-12-01,11232,109,304615.0,97,18,TXN_002118,2023-12-02,541000.0,Success,0.009704415954415955,2794.6330275229357
AD_0452,Awareness Campaign,cold,Cleanser,DermaGlow Gentle Cleanser,Video_Review,2023-09-17,5615,157,161169.0,136,23,,,,,0.027960819234194124,1026.5541401273886
AD_0165,Flash Sale Campaign,cold,Serum,DermaGlow Brightening Serum,Static_Catalog,2023-07-18,7959,83,498871.0,74,10,TXN_001075,2023-07-20,169000.0,Success,0.010428445784646313,6010.493975903614
AD_0029,Flash Sale Campaign,cold,Sunscreen,DermaGlow UV Shield Sunscreen,Video_Review,2023-05-08,11555,290,381974.0,239,33,,,,,0.025097360450021637,1317.151724137931
AD_0588,Flash Sale Campaign,cold,Moisturizer,DermaGlow Hydrating Moisturizer,Video_Review,2023-08-13,11079,285,172572.0,231,20,,,,,0.025724343352288112,605.5157894736842
AD_0194,Retargeting Campaign,warm,Cleanser,DermaGlow Gentle Cleanser,Static_Catalog,2023-03-04,12848,199,258280.0,161,15,,,,,0.01548879202988792,1297.889447236181
AD_0430,Retargeting Campaign,warm,Serum,DermaGlow Brightening Serum,Static_Catalog,2023-08-27,8406,74,111064.0,66,7,TXN_002353,2023-08-29,430000.0,Success,0.008803235783963836,1500.8648648648648
AD_0430,Retargeting Campaign,warm,Serum,DermaGlow Brightening Serum,Static_Catalog,2023-08-27,8406,74,111064.0,66,7,TXN_002352,2023-08-27,95000.0,Success,0.008803235783963836,1500.8648648648648
AD_0430,Retargeting Campaign,warm,Serum,DermaGlow Brightening Serum,Static_Catalog,2023-08-27,8406,74,111064.0,66,7,TXN_002354,2023-08-27,294000.0,Success,0.008803235783963836,1500.8648648648648
AD_0666,Flash Sale Campaign,cold,Cleanser,DermaGlow Gentle Cleanser,Video_Review,2023-05-19,10235,258,333996.0,224,20,,,,,0.0252076209086468,1294.5581395348838
AD_0987,Retargeting Campaign,warm,Moisturizer,DermaGlow Hydrating Moisturizer,Static_Catalog,2023-03-21,10773,107,275963.0,93,17,TXN_000862,2023-03-23,275000.0,Success,0.00993223800241344,2579.0934579439254
AD_0987,Retargeting Campaign,warm,Moisturizer,DermaGlow Hydrating Moisturizer,Static_Catalog,2023-03-21,10773,107,275963.0,93,17,TXN_000860,2023-03-23,107000.0,Success,0.00993223800241344,2579.0934579439254
AD_0987,Retargeting Campaign,warm,Moisturizer,DermaGlow Hydrating Moisturizer,Static_Catalog,2023-03-21,10773,107,275963.0,93,17,TXN_000863,2023-03-21,277000.0,Success,0.00993223800241344,2579.0934579439254
AD_0987,Retargeting Campaign,warm,Moisturizer,DermaGlow Hydrating Moisturizer,Static_Catalog,2023-03-21,10773,107,275963.0,93,17,TXN_000864,2023-03-21,393000.0,Success,0.00993223800241344,2579.0934579439254
AD_0987,Retargeting Campaign,warm,Moisturizer,DermaGlow Hydrating Moisturizer,Static_Catalog,2023-03-21,10773,107,275963.0,93,17,TXN_000861,2023-03-23,435000.0,Success,0.00993223800241344,2579.0934579439254
AD_0170,Awareness Campaign,cold,Serum,DermaGlow Brightening Serum,Static_Catalog,2023-08-30,7001,85,474504.0,70,3,TXN_000933,2023-08-30,207000.0,Success,0.012141122696757605,5582.4
AD_0170,Awareness Campaign,cold,Serum,DermaGlow Brightening Serum,Static_Catalog,2023-08-30,7001,85,474504.0,70,3,TXN_000930,2023-08-31,191000.0,Success,0.012141122696757605,5582.4
AD_0170,Awareness Campaign,cold,Serum,DermaGlow Brightening Serum,Static_Catalog,2023-08-30,7001,85,474504.0,70,3,TXN_000932,2023-09-02,448000.0,Success,0.012141122696757605,5582.4
AD_0170,Awareness Campaign,cold,Serum,DermaGlow Brightening Serum,Static_Catalog,2023-08-30,7001,85,474504.0,70,3,TXN_000931,2023-08-30,421000.0,Success,0.012141122696757605,5582.4
AD_0170,Awareness Campaign,cold,Serum,DermaGlow Brightening Serum,Static_Catalog,2023-08-30,7001,85,474504.0,70,3,TXN_000934,2023-09-02,526000.0,Success,0.012141122696757605,5582.4
AD_0526,Flash Sale Campaign,cold,Sunscreen,DermaGlow UV Shield Sunscreen,Static_Catalog,2023-05-27,14374,188,307288.0,159,23,TXN_000421,2023-05-30,155000.0,Success,0.013079170724919995,1634.5106382978724
AD_0526,Flash Sale Campaign,cold,Sunscreen,DermaGlow UV Shield Sunscreen,Static_Catalog,2023-05-27,14374,188,307288.0,159,23,TXN_000423,2023-05-30,74000.0,Success,0.013079170724919995,1634.5106382978724
AD_0526,Flash Sale Campaign,cold,Sunscreen,DermaGlow UV Shield Sunscreen,Static_Catalog,2023-05-27,14374,188,307288.0,159,23,TXN_000424,2023-05-30,197000.0,Success,0.013079170724919995,1634.5106382978724
AD_0526,Flash Sale Campaign,cold,Sunscreen,DermaGlow UV Shield Sunscreen,Static_Catalog,2023-05-27,14374,188,307288.0,159,23,TXN_000422,2023-05-27,432000.0,Success,0.013079170724919995,1634.5106382978724
AD_0526,Flash Sale Campaign,cold,Sunscreen,DermaGlow UV Shield Sunscreen,Static_Catalog,2023-05-27,14374,188,307288.0,159,23,TXN_000425,2023-05-28,96000.0,Success,0.013079170724919995,1634.5106382978724
AD_0141,Awareness Campaign,cold,Serum,DermaGlow Brightening Serum,Video_Review,2023-08-24,10511,226,464809.0,182,18,,,,,0.02150128436875654,2056.6769911504425
AD_0174,Retargeting Campaign,warm,Serum,DermaGlow Brightening Serum,Static_Catalog,2023-01-03,14867,203,473706.0,177,24,,,,,0.013654402367659918,2333.5270935960593
AD_0765,Flash Sale Campaign,cold,Moisturizer,DermaGlow Hydrating Moisturizer,Video_Review,2023-01-16,18801,379,252647.0,312,44,TXN_002379,2023-01-19,504000.0,Success,0.0201585022073294,666.6147757255936
AD_0520,Retargeting Campaign,warm,Serum,DermaGlow Brightening Serum,Video_Review,2023-06-29,18556,527,297415.5,442,57,TXN_000394,2023-06-29,248000.0,Success,0.028400517352877776,564.3557874762809
AD_0520,Retargeting Campaign,warm,Serum,DermaGlow Brightening Serum,Video_Review,2023-06-29,18556,527,297415.5,442,57,TXN_000396,2023-06-29,293000.0,Success,0.028400517352877776,564.3557874762809
AD_0520,Retargeting Campaign,warm,Serum,DermaGlow Brightening Serum,Video_Review,2023-06-29,18556,527,297415.5,442,57,TXN_000397,2023-06-29,463000.0,Success,0.028400517352877776,564.3557874762809
AD_0520,Retargeting Campaign,warm,Serum,DermaGlow Brightening Serum,Video_Review,2023-06-29,18556,527,297415.5,442,57,TXN_000393,2023-07-02,241000.0,Success,0.028400517352877776,564.3557874762809
AD_0520,Retargeting Campaign,warm,Serum,DermaGlow Brightening Serum,Video_Review,2023-06-29,18556,527,297415.5,442,57,TXN_000398,2023-06-30,369000.0,Success,0.028400517352877776,564.3557874762809
AD_0520,Retargeting Campaign,warm,Serum,DermaGlow Brightening Serum,Video_Review,2023-06-29,18556,527,297415.5,442,57,TXN_000392,2023-07-01,147000.0,Success,0.028400517352877776,564.3557874762809
AD_0679,Awareness Campaign,cold,Sunscreen,DermaGlow UV Shield Sunscreen,Static_Catalog,2023-04-08,5572,80,205386.0,71,5,TXN_000820,2023-04-09,123000.0,Success,0.014357501794687724,2567.325
AD_0679,Awareness Campaign,cold,Sunscreen,DermaGlow UV Shield Sunscreen,Static_Catalog,2023-04-08,5572,80,205386.0,71,5,TXN_000818,2023-04-11,99000.0,Success,0.014357501794687724,2567.325
AD_0679,Awareness Campaign,cold,Sunscreen,DermaGlow UV Shield Sunscreen,Static_Catalog,2023-04-08,5572,80,205386.0,71,5,TXN_000817,2023-04-08,432000.0,Success,0.014357501794687724,2567.325
AD_0074,Flash Sale Campaign,cold,Sunscreen,DermaGlow UV Shield Sunscreen,Video_Review,2023-12-07,17314,358,181317.0,308,60,,,,,0.020676908859882177,506.47206703910615
AD_0714,Retargeting Campaign,warm,Cleanser,DermaGlow Gentle Cleanser,Static_Catalog,2023-06-20,9581,101,223714.0,83,9,TXN_001309,2023-06-22,326000.0,Success,0.010541697108861287,2214.990099009901
AD_0714,Retargeting Campaign,warm,Cleanser,DermaGlow Gentle Cleanser,Static_Catalog,2023-06-20,9581,101,223714.0,83,9,TXN_001311,2023-06-23,252000.0,Success,0.010541697108861287,2214.990099009901
AD_0676,Awareness Campaign,cold,Serum,DermaGlow Brightening Serum,Static_Catalog,2023-08-14,9665,115,420057.0,96,18,TXN_001848,2023-08-16,406000.0,Success,0.01189860320744956,3652.669565217391
AD_0676,Awareness Campaign,cold,Serum,DermaGlow Brightening Serum,Static_Catalog,2023-08-14,9665,115,420057.0,96,18,TXN_001847,2023-08-14,131000.0,Success,0.01189860320744956,3652.669565217391
AD_0239,Awareness Campaign,cold,Moisturizer,DermaGlow Hydrating Moisturizer,Static_Catalog,2023-02-18,11979,167,223257.0,141,25,,,,,0.013941063527840388,1336.868263473054
AD_0146,Awareness Campaign,cold,Moisturizer,DermaGlow Hydrating Moisturizer,Static_Catalog,2023-09-16,6796,87,166262.0,77,14,TXN_001951,2023-09-19,503000.0,Success,0.012801648028251914,1911.057471264368
AD_0824,Awareness Campaign,cold,Sunscreen,DermaGlow UV Shield Sunscreen,Static_Catalog,2023-01-10,15424,174,6902.0,154,13,,,,,0.011281120331950207,39.666666666666664
AD_0235,Awareness Campaign,cold,Sunscreen,DermaGlow UV Shield Sunscreen,Video_Review,2023-12-09,12083,304,323332.0,244,13,,,,,0.025159314739716956,1063.592105263158
AD_0221,Awareness Campaign,cold,Sunscreen,DermaGlow UV Shield Sunscreen,Static_Catalog,2023-12-13,14373,221,498872.0,189,23,TXN_000696,2023-12-13,195000.0,Success,0.015376052320322827,2257.339366515837
AD_0221,Awareness Campaign,cold,Sunscreen,DermaGlow UV Shield Sunscreen,Static_Catalog,2023-12-13,14373,221,498872.0,189,23,TXN_000694,2023-12-16,115000.0,Success,0.015376052320322827,2257.339366515837
AD_0221,Awareness Campaign,cold,Sunscreen,DermaGlow UV Shield Sunscreen,Static_Catalog,2023-12-13,14373,221,498872.0,189,23,TXN_000695,2023-12-15,483000.0,Success,0.015376052320322827,2257.339366515837
AD_0221,Awareness Campaign,cold,Sunscreen,DermaGlow UV Shield Sunscreen,Static_Catalog,2023-12-13,14373,221,498872.0,189,23,TXN_000693,2023-12-15,198000.0,Success,0.015376052320322827,2257.339366515837
AD_0221,Awareness Campaign,cold,Sunscreen,DermaGlow UV Shield Sunscreen,Static_Catalog,2023-12-13,14373,221,498872.0,189,23,TXN_000699,2023-12-15,308000.0,Success,0.015376052320322827,2257.339366515837
AD_0215,Flash Sale Campaign,cold,Cleanser,DermaGlow Gentle Cleanser,Static_Catalog,2023-05-25,10719,151,331055.0,126,8,TXN_001079,2023-05-25,285000.0,Success,0.014087134993936,2192.417218543046
AD_0215,Flash Sale Campaign,cold,Cleanser,DermaGlow Gentle Cleanser,Static_Catalog,2023-05-25,10719,151,331055.0,126,8,TXN_001076,2023-05-25,252000.0,Success,0.014087134993936,2192.417218543046
AD_0215,Flash Sale Campaign,cold,Cleanser,DermaGlow Gentle Cleanser,Static_Catalog,2023-05-25,10719,151,331055.0,126,8,TXN_001078,2023-05-26,387000.0,Success,0.014087134993936,2192.417218543046
AD_0689,Awareness Campaign,cold,Moisturizer,DermaGlow Hydrating Moisturizer,Video_Review,2023-01-10,8467,237,386100.0,191,30,,,,,0.02799102397543404,1629.113924050633
AD_0133,Flash Sale Campaign,cold,Moisturizer,DermaGlow Hydrating Moisturizer,Video_Review,2023-01-17,19086,483,251563.0,412,74,TXN_001389,2023-01-18,303000.0,Success,0.025306507387613957,520.8343685300207
AD_0403,Awareness Campaign,cold,Moisturizer,DermaGlow Hydrating Moisturizer,Video_Review,2023-03-09,14304,346,364064.0,284,45,TXN_001901,2023-03-12,286000.0,Success,0.02418903803131991,1052.208092485549
AD_0403,Awareness Campaign,cold,Moisturizer,DermaGlow Hydrating Moisturizer,Video_Review,2023-03-09,14304,346,364064.0,284,45,TXN_001900,2023-03-12,382000.0,Success,0.02418903803131991,1052.208092485549
AD_0458,Flash Sale Campaign,cold,Moisturizer,DermaGlow Hydrating Moisturizer,Static_Catalog,2023-10-03,12750,143,135903.0,127,12,TXN_001201,2023-10-05,109000.0,Success,0.011215686274509805,950.3706293706293
AD_0458,Flash Sale Campaign,cold,Moisturizer,DermaGlow Hydrating Moisturizer,Static_Catalog,2023-10-03,12750,143,135903.0,127,12,TXN_001199,2023-10-03,369000.0,Success,0.011215686274509805,950.3706293706293
AD_0458,Flash Sale Campaign,cold,Moisturizer,DermaGlow Hydrating Moisturizer,Static_Catalog,2023-10-03,12750,143,135903.0,127,12,TXN_001203,2023-10-04,236000.0,Success,0.011215686274509805,950.3706293706293
AD_0685,Retargeting Campaign,warm,Cleanser,DermaGlow Gentle Cleanser,Static_Catalog,2023-07-14,13997,204,491670.0,171,11,,,,,0.014574551689647781,2410.1470588235293
AD_0423,Flash Sale Campaign,cold,Moisturizer,DermaGlow Hydrating Moisturizer,Video_Review,2023-06-24,8552,219,180201.0,184,29,TXN_000454,2023-06-27,511000.0,Success,0.02560804490177736,822.8356164383562
AD_0423,Flash Sale Campaign,cold,Moisturizer,DermaGlow Hydrating Moisturizer,Video_Review,2023-06-24,8552,219,180201.0,184,29,TXN_000453,2023-06-26,78000.0,Success,0.02560804490177736,822.8356164383562
AD_0423,Flash Sale Campaign,cold,Moisturizer,DermaGlow Hydrating Moisturizer,Video_Review,2023-06-24,8552,219,180201.0,184,29,TXN_000456,2023-06-27,77000.0,Success,0.02560804490177736,822.8356164383562
AD_0186,Flash Sale Campaign,cold,Moisturizer,DermaGlow Hydrating Moisturizer,Static_Catalog,2023-06-14,16847,239,216891.0,211,28,TXN_000529,2023-06-17,446000.0,Success,0.014186502047842347,907.4937238493724
AD_0186,Flash Sale Campaign,cold,Moisturizer,DermaGlow Hydrating Moisturizer,Static_Catalog,2023-06-14,16847,239,216891.0,211,28,TXN_000528,2023-06-17,491000.0,Success,0.014186502047842347,907.4937238493724
AD_0186,Flash Sale Campaign,cold,Moisturizer,DermaGlow Hydrating Moisturizer,Static_Catalog,2023-06-14,16847,239,216891.0,211,28,TXN_000527,2023-06-14,98000.0,Success,0.014186502047842347,907.4937238493724
AD_0186,Flash Sale Campaign,cold,Moisturizer,DermaGlow Hydrating Moisturizer,Static_Catalog,2023-06-14,16847,239,216891.0,211,28,TXN_000532,2023-06-16,317000.0,Success,0.014186502047842347,907.4937238493724
AD_0186,Flash Sale Campaign,cold,Moisturizer,DermaGlow Hydrating Moisturizer,Static_Catalog,2023-06-14,16847,239,216891.0,211,28,TXN_000524,2023-06-14,78000.0,Success,0.014186502047842347,907.4937238493724
AD_0186,Flash Sale Campaign,cold,Moisturizer,DermaGlow Hydrating Moisturizer,Static_Catalog,2023-06-14,16847,239,216891.0,211,28,TXN_000525,2023-06-14,166000.0,Success,0.014186502047842347,907.4937238493724
AD_0042,Retargeting Campaign,warm,Serum,DermaGlow Brightening Serum,Video_Review,2023-08-27,12805,242,120056.0,209,19,,,,,0.018898867629832096,496.099173553719
AD_0639,Retargeting Campaign,warm,Cleanser,DermaGlow Gentle Cleanser,Video_Review,2023-11-20,11212,292,191229.0,239,38,,,,,0.026043524794862646,654.8938356164383
AD_0109,Awareness Campaign,cold,Sunscreen,DermaGlow UV Shield Sunscreen,Static_Catalog,2023-02-24,9708,108,157545.0,95,4,,,,,0.011124845488257108,1458.75
AD_0617,Flash Sale Campaign,cold,Sunscreen,DermaGlow UV Shield Sunscreen,Video_Review,2023-02-01,17345,332,391043.0,296,19,,,,,0.019140962813490918,1177.8403614457832
AD_0057,Awareness Campaign,cold,Serum,DermaGlow Brightening Serum,Static_Catalog,2023-09-10,10293,138,139081.0,115,21,TXN_001805,2023-09-10,135000.0,Success,0.013407169921305742,1007.8333333333334
AD_0057,Awareness Campaign,cold,Serum,DermaGlow Brightening Serum,Static_Catalog,2023-09-10,10293,138,139081.0,115,21,TXN_001804,2023-09-11,161000.0,Success,0.013407169921305742,1007.8333333333334
AD_0057,Awareness Campaign,cold,Serum,DermaGlow Brightening Serum,Static_Catalog,2023-09-10,10293,138,139081.0,115,21,TXN_001807,2023-09-13,75000.0,Success,0.013407169921305742,1007.8333333333334
AD_0450,Awareness Campaign,cold,Serum,DermaGlow Brightening Serum,Static_Catalog,2023-06-15,11383,132,119610.0,114,12,,,,,0.011596240007028025,906.1363636363636
AD_0774,Flash Sale Campaign,cold,Cleanser,DermaGlow Gentle Cleanser,Static_Catalog,2023-05-23,9024,77,244575.0,67,6,,,,,0.008532801418439716,3176.2987012987014
AD_0590,Flash Sale Campaign,cold,Moisturizer,DermaGlow Hydrating Moisturizer,Video_Review,2023-02-11,6871,140,232534.0,117,13,,,,,0.02037549119487702,1660.9571428571428
AD_0896,Awareness Campaign,cold,Sunscreen,DermaGlow UV Shield Sunscreen,Video_Review,2023-07-01,9922,238,489057.0,194,23,,,,,0.023987099375125984,2054.861344537815
AD_0436,Awareness Campaign,cold,Cleanser,DermaGlow Gentle Cleanser,Static_Catalog,2023-10-19,12876,166,184811.0,140,22,,,,,0.012892202547374962,1113.3192771084337
AD_0025,Awareness Campaign,cold,Serum,DermaGlow Brightening Serum,Video_Review,2023-10-31,11548,358,292506.0,293,26,TXN_000171,2023-11-01,103000.0,Success,0.031001039140976794,817.0558659217877
AD_0025,Awareness Campaign,cold,Serum,DermaGlow Brightening Serum,Video_Review,2023-10-31,11548,358,292506.0,293,26,TXN_000172,2023-11-01,137000.0,Success,0.031001039140976794,817.0558659217877
AD_0811,Retargeting Campaign,warm,Sunscreen,DermaGlow UV Shield Sunscreen,Static_Catalog,2023-02-22,18907,168,412683.0,140,19,,,,,0.008885597926693817,2456.4464285714284
AD_0495,Flash Sale Campaign,cold,Serum,DermaGlow Brightening Serum,Video_Review,2023-08-08,9504,170,393561.0,143,14,,,,,0.017887205387205386,2315.064705882353
AD_0827,Flash Sale Campaign,cold,Cleanser,DermaGlow Gentle Cleanser,Video_Review,2023-02-27,15587,275,121498.0,235,44,,,,,0.017642907551164433,441.8109090909091
AD_0982,Flash Sale Campaign,cold,Moisturizer,DermaGlow Hydrating Moisturizer,Video_Review,2023-07-22,14663,410,389151.0,342,37,,,,,0.02796153583850508,949.1487804878049
AD_0929,Awareness Campaign,cold,Cleanser,DermaGlow Gentle Cleanser,Static_Catalog,2023-02-26,7922,109,496017.0,92,13,,,,,0.013759151729361272,4550.614678899083
AD_0966,Flash Sale Campaign,cold,Serum,DermaGlow Brightening Serum,Static_Catalog,2023-07-02,7982,91,243670.0,76,9,TXN_000928,2023-07-05,317000.0,Success,0.011400651465798045,2677.6923076923076
AD_0966,Flash Sale Campaign,cold,Serum,DermaGlow Brightening Serum,Static_Catalog,2023-07-02,7982,91,243670.0,76,9,TXN_000927,2023-07-02,158000.0,Success,0.011400651465798045,2677.6923076923076
AD_0966,Flash Sale Campaign,cold,Serum,DermaGlow Brightening Serum,Static_Catalog,2023-07-02,7982,91,243670.0,76,9,TXN_000926,2023-07-04,448000.0,Success,0.011400651465798045,2677.6923076923076
AD_0966,Flash Sale Campaign,cold,Serum,DermaGlow Brightening Serum,Static_Catalog,2023-07-02,7982,91,243670.0,76,9,TXN_000929,2023-07-03,457000.0,Success,0.011400651465798045,2677.6923076923076
AD_0339,Awareness Campaign,cold,Sunscreen,DermaGlow UV Shield Sunscreen,Video_Review,2023-09-21,18894,375,246721.0,305,44,,,,,0.01984757065735154,657.9226666666667
AD_0052,Retargeting Campaign,warm,Moisturizer,DermaGlow Hydrating Moisturizer,Video_Review,2023-04-06,14357,372,406955.0,313,50,,,,,0.02591070557915999,1093.965053763441
AD_0384,Awareness Campaign,cold,Moisturizer,DermaGlow Hydrating Moisturizer,Video_Review,2023-01-10,9832,260,319571.0,224,15,,,,,0.02644426362896664,1229.1192307692309
AD_0540,Retargeting Campaign,warm,Sunscreen,DermaGlow UV Shield Sunscreen,Static_Catalog,2023-04-08,8866,100,346375.0,82,7,TXN_000335,2023-04-09,286000.0,Success,0.011279043537108053,3463.75
AD_0540,Retargeting Campaign,warm,Sunscreen,DermaGlow UV Shield Sunscreen,Static_Catalog,2023-04-08,8866,100,346375.0,82,7,TXN_000337,2023-04-10,239000.0,Success,0.011279043537108053,3463.75
AD_0992,Flash Sale Campaign,cold,Serum,DermaGlow Brightening Serum,Video_Review,2023-11-15,10231,239,10783.0,192,27,TXN_000669,2023-11-15,521000.0,Success,0.023360375329879775,45.11715481171548
AD_0992,Flash Sale Campaign,cold,Serum,DermaGlow Brightening Serum,Video_Review,2023-11-15,10231,239,10783.0,192,27,TXN_000671,2023-11-18,128000.0,Success,0.023360375329879775,45.11715481171548
AD_0992,Flash Sale Campaign,cold,Serum,DermaGlow Brightening Serum,Video_Review,2023-11-15,10231,239,10783.0,192,27,TXN_000672,2023-11-18,85000.0,Success,0.023360375329879775,45.11715481171548
AD_0661,Retargeting Campaign,warm,Serum,DermaGlow Brightening Serum,Static_Catalog,2023-02-20,15084,182,316916.0,150,17,,,,,0.012065765049058605,1741.2967032967033
AD_0265,Awareness Campaign,cold,Serum,DermaGlow Brightening Serum,Static_Catalog,2023-05-22,9361,144,390372.0,124,9,TXN_001278,2023-05-23,81000.0,Success,0.015382971904711036,2710.9166666666665
AD_0265,Awareness Campaign,cold,Serum,DermaGlow Brightening Serum,Static_Catalog,2023-05-22,9361,144,390372.0,124,9,TXN_001277,2023-05-24,359000.0,Success,0.015382971904711036,2710.9166666666665
AD_0955,Retargeting Campaign,warm,Cleanser,DermaGlow Gentle Cleanser,Video_Review,2023-03-30,14773,438,243573.0,359,57,TXN_000343,2023-03-31,302000.0,Success,0.02964868340892168,556.1027397260274
AD_0955,Retargeting Campaign,warm,Cleanser,DermaGlow Gentle Cleanser,Video_Review,2023-03-30,14773,438,243573.0,359,57,TXN_000341,2023-03-30,465000.0,Success,0.02964868340892168,556.1027397260274
AD_0955,Retargeting Campaign,warm,Cleanser,DermaGlow Gentle Cleanser,Video_Review,2023-03-30,14773,438,243573.0,359,57,TXN_000345,2023-04-02,134000.0,Success,0.02964868340892168,556.1027397260274
AD_0955,Retargeting Campaign,warm,Cleanser,DermaGlow Gentle Cleanser,Video_Review,2023-03-30,14773,438,243573.0,359,57,TXN_000346,2023-04-02,161000.0,Success,0.02964868340892168,556.1027397260274
AD_0955,Retargeting Campaign,warm,Cleanser,DermaGlow Gentle Cleanser,Video_Review,2023-03-30,14773,438,243573.0,359,57,TXN_000348,2023-04-02,168000.0,Success,0.02964868340892168,556.1027397260274
AD_0742,Flash Sale Campaign,cold,Serum,DermaGlow Brightening Serum,Video_Review,2023-09-28,17944,517,161554.0,460,87,,,,,0.028811859117253678,312.48355899419727
AD_0713,Awareness Campaign,cold,Sunscreen,DermaGlow UV Shield Sunscreen,Static_Catalog,2023-09-30,10360,91,216712.0,81,13,,,,,0.008783783783783784,2381.4505494505493
AD_0445,Flash Sale Campaign,cold,Moisturizer,DermaGlow Hydrating Moisturizer,Video_Review,2023-06-12,18663,441,425488.0,395,72,TXN_002370,2023-06-14,371000.0,Success,0.02362964153673043,964.8253968253969
AD_0445,Flash Sale Campaign,cold,Moisturizer,DermaGlow Hydrating Moisturizer,Video_Review,2023-06-12,18663,441,425488.0,395,72,TXN_002368,2023-06-15,420000.0,Success,0.02362964153673043,964.8253968253969
AD_0396,Awareness Campaign,cold,Cleanser,DermaGlow Gentle Cleanser,Static_Catalog,2023-01-29,7761,116,125991.0,93,11,,,,,0.01494652750934158,1086.1293103448277
AD_0542,Awareness Campaign,cold,Sunscreen,DermaGlow UV Shield Sunscreen,Static_Catalog,2023-10-18,7325,104,140542.0,87,12,,,,,0.014197952218430034,1351.3653846153845
AD_0496,Flash Sale Campaign,cold,Sunscreen,DermaGlow UV Shield Sunscreen,Static_Catalog,2023-12-11,12558,125,322820.0,107,9,TXN_001171,2023-12-13,217000.0,Success,0.009953814301640388,2582.56
AD_0496,Flash Sale Campaign,cold,Sunscreen,DermaGlow UV Shield Sunscreen,Static_Catalog,2023-12-11,12558,125,322820.0,107,9,TXN_001172,2023-12-13,198000.0,Success,0.009953814301640388,2582.56
AD_0496,Flash Sale Campaign,cold,Sunscreen,DermaGlow UV Shield Sunscreen,Static_Catalog,2023-12-11,12558,125,322820.0,107,9,TXN_001170,2023-12-13,292000.0,Success,0.009953814301640388,2582.56
AD_0496,Flash Sale Campaign,cold,Sunscreen,DermaGlow UV Shield Sunscreen,Static_Catalog,2023-12-11,12558,125,322820.0,107,9,TXN_001173,2023-12-14,408000.0,Success,0.009953814301640388,2582.56
AD_0019,Retargeting Campaign,warm,Sunscreen,DermaGlow UV Shield Sunscreen,Static_Catalog,2023-04-23,5698,72,212859.0,57,5,TXN_000850,2023-04-26,319000.0,Success,0.012636012636012635,2956.375
AD_0747,Awareness Campaign,cold,Moisturizer,DermaGlow Hydrating Moisturizer,Static_Catalog,2023-06-13,17931,256,294387.0,207,21,,,,,0.014276950532597178,1149.94921875
AD_0523,Flash Sale Campaign,cold,Serum,DermaGlow Brightening Serum,Static_Catalog,2023-08-09,7691,114,297539.0,92,6,,,,,0.014822519828370823,2609.9912280701756
AD_0595,Awareness Campaign,cold,Serum,DermaGlow Brightening Serum,Video_Review,2023-09-24,12465,378,350231.0,318,32,TXN_000966,2023-09-25,402000.0,Success,0.03032490974729242,926.5370370370371
AD_0595,Awareness Campaign,cold,Serum,DermaGlow Brightening Serum,Video_Review,2023-09-24,12465,378,350231.0,318,32,TXN_000963,2023-09-27,361000.0,Success,0.03032490974729242,926.5370370370371
AD_0595,Awareness Campaign,cold,Serum,DermaGlow Brightening Serum,Video_Review,2023-09-24,12465,378,350231.0,318,32,TXN_000965,2023-09-27,102000.0,Success,0.03032490974729242,926.5370370370371
AD_0595,Awareness Campaign,cold,Serum,DermaGlow Brightening Serum,Video_Review,2023-09-24,12465,378,350231.0,318,32,TXN_000964,2023-09-26,152000.0,Success,0.03032490974729242,926.5370370370371
AD_0480,Flash Sale Campaign,cold,Sunscreen,DermaGlow UV Shield Sunscreen,Video_Review,2023-08-09,15615,490,276469.0,395,20,,,,,0.0313800832532821,564.2224489795918
AD_0368,Retargeting Campaign,warm,Cleanser,DermaGlow Gentle Cleanser,Video_Review,2023-03-15,15155,475,267849.0,418,23,TXN_000592,2023-03-17,382000.0,Success,0.03134279115803365,563.8926315789473
AD_0368,Retargeting Campaign,warm,Cleanser,DermaGlow Gentle Cleanser,Video_Review,2023-03-15,15155,475,267849.0,418,23,TXN_000591,2023-03-15,394000.0,Success,0.03134279115803365,563.8926315789473
AD_0368,Retargeting Campaign,warm,Cleanser,DermaGlow Gentle Cleanser,Video_Review,2023-03-15,15155,475,267849.0,418,23,TXN_000594,2023-03-17,257000.0,Success,0.03134279115803365,563.8926315789473
AD_0368,Retargeting Campaign,warm,Cleanser,DermaGlow Gentle Cleanser,Video_Review,2023-03-15,15155,475,267849.0,418,23,TXN_000593,2023-03-17,171000.0,Success,0.03134279115803365,563.8926315789473
AD_0368,Retargeting Campaign,warm,Cleanser,DermaGlow Gentle Cleanser,Video_Review,2023-03-15,15155,475,267849.0,418,23,TXN_000595,2023-03-15,284000.0,Success,0.03134279115803365,563.8926315789473
AD_0084,Flash Sale Campaign,cold,Sunscreen,DermaGlow UV Shield Sunscreen,Static_Catalog,2023-12-29,15172,222,188869.0,189,16,TXN_001911,2024-01-01,77000.0,Success,0.014632217242288427,850.7612612612612
AD_0084,Flash Sale Campaign,cold,Sunscreen,DermaGlow UV Shield Sunscreen,Static_Catalog,2023-12-29,15172,222,188869.0,189,16,TXN_001913,2024-01-01,210000.0,Success,0.014632217242288427,850.7612612612612
AD_0084,Flash Sale Campaign,cold,Sunscreen,DermaGlow UV Shield Sunscreen,Static_Catalog,2023-12-29,15172,222,188869.0,189,16,TXN_001903,2023-12-31,94000.0,Success,0.014632217242288427,850.7612612612612
AD_0084,Flash Sale Campaign,cold,Sunscreen,DermaGlow UV Shield Sunscreen,Static_Catalog,2023-12-29,15172,222,188869.0,189,16,TXN_001905,2023-12-29,293000.0,Success,0.014632217242288427,850.7612612612612
AD_0084,Flash Sale Campaign,cold,Sunscreen,DermaGlow UV Shield Sunscreen,Static_Catalog,2023-12-29,15172,222,188869.0,189,16,TXN_001914,2024-01-01,156000.0,Success,0.014632217242288427,850.7612612612612
AD_0084,Flash Sale Campaign,cold,Sunscreen,DermaGlow UV Shield Sunscreen,Static_Catalog,2023-12-29,15172,222,188869.0,189,16,TXN_001906,2023-12-29,350000.0,Success,0.014632217242288427,850.7612612612612
AD_0084,Flash Sale Campaign,cold,Sunscreen,DermaGlow UV Shield Sunscreen,Static_Catalog,2023-12-29,15172,222,188869.0,189,16,TXN_001908,2024-01-01,154000.0,Success,0.014632217242288427,850.7612612612612
AD_0084,Flash Sale Campaign,cold,Sunscreen,DermaGlow UV Shield Sunscreen,Static_Catalog,2023-12-29,15172,222,188869.0,189,16,TXN_001912,2024-01-01,357000.0,Success,0.014632217242288427,850.7612612612612
AD_0084,Flash Sale Campaign,cold,Sunscreen,DermaGlow UV Shield Sunscreen,Static_Catalog,2023-12-29,15172,222,188869.0,189,16,TXN_001907,2023-12-29,345000.0,Success,0.014632217242288427,850.7612612612612
AD_0062,Awareness Campaign,cold,Serum,DermaGlow Brightening Serum,Static_Catalog,2023-02-13,13316,115,228148.0,92,17,,,,,0.00863622709522379,1983.895652173913
AD_0484,Retargeting Campaign,warm,Sunscreen,DermaGlow UV Shield Sunscreen,Static_Catalog,2023-09-09,13039,138,301499.0,114,11,,,,,0.01058363371424189,2184.7753623188405
AD_0273,Awareness Campaign,cold,Serum,DermaGlow Brightening Serum,Static_Catalog,2023-08-15,17006,243,310097.0,196,22,,,,,0.014289074444313772,1276.119341563786
AD_0286,Awareness Campaign,cold,Sunscreen,DermaGlow UV Shield Sunscreen,Video_Review,2023-12-21,14374,307,488832.0,272,13,TXN_001244,2023-12-23,455000.0,Success,0.02135800751356616,1592.28664495114
AD_0361,Awareness Campaign,cold,Sunscreen,DermaGlow UV Shield Sunscreen,Static_Catalog,2023-02-23,17661,215,29102.0,179,34,TXN_002360,2023-02-23,270000.0,Success,0.012173716097616217,135.35813953488372
AD_0361,Awareness Campaign,cold,Sunscreen,DermaGlow UV Shield Sunscreen,Static_Catalog,2023-02-23,17661,215,29102.0,179,34,TXN_002356,2023-02-24,409000.0,Success,0.012173716097616217,135.35813953488372
AD_0361,Awareness Campaign,cold,Sunscreen,DermaGlow UV Shield Sunscreen,Static_Catalog,2023-02-23,17661,215,29102.0,179,34,TXN_002357,2023-02-26,448000.0,Success,0.012173716097616217,135.35813953488372
AD_0361,Awareness Campaign,cold,Sunscreen,DermaGlow UV Shield Sunscreen,Static_Catalog,2023-02-23,17661,215,29102.0,179,34,TXN_002358,2023-02-25,258000.0,Success,0.012173716097616217,135.35813953488372
AD_0361,Awareness Campaign,cold,Sunscreen,DermaGlow UV Shield Sunscreen,Static_Catalog,2023-02-23,17661,215,29102.0,179,34,TXN_002362,2023-02-24,353000.0,Success,0.012173716097616217,135.35813953488372
AD_0361,Awareness Campaign,cold,Sunscreen,DermaGlow UV Shield Sunscreen,Static_Catalog,2023-02-23,17661,215,29102.0,179,34,TXN_002363,2023-02-24,112000.0,Success,0.012173716097616217,135.35813953488372
AD_0361,Awareness Campaign,cold,Sunscreen,DermaGlow UV Shield Sunscreen,Static_Catalog,2023-02-23,17661,215,29102.0,179,34,TXN_002355,2023-02-23,195000.0,Success,0.012173716097616217,135.35813953488372
AD_0361,Awareness Campaign,cold,Sunscreen,DermaGlow UV Shield Sunscreen,Static_Catalog,2023-02-23,17661,215,29102.0,179,34,TXN_002361,2023-02-23,95000.0,Success,0.012173716097616217,135.35813953488372
AD_0361,Awareness Campaign,cold,Sunscreen,DermaGlow UV Shield Sunscreen,Static_Catalog,2023-02-23,17661,215,29102.0,179,34,TXN_002364,2023-02-25,365000.0,Success,0.012173716097616217,135.35813953488372
AD_0355,Awareness Campaign,cold,Sunscreen,DermaGlow UV Shield Sunscreen,Static_Catalog,2023-04-21,9207,136,389750.0,119,14,TXN_000436,2023-04-22,179000.0,Success,0.014771369610079287,2865.8088235294117
AD_0355,Awareness Campaign,cold,Sunscreen,DermaGlow UV Shield Sunscreen,Static_Catalog,2023-04-21,9207,136,389750.0,119,14,TXN_000431,2023-04-22,131000.0,Success,0.014771369610079287,2865.8088235294117
AD_0355,Awareness Campaign,cold,Sunscreen,DermaGlow UV Shield Sunscreen,Static_Catalog,2023-04-21,9207,136,389750.0,119,14,TXN_000433,2023-04-24,467000.0,Success,0.014771369610079287,2865.8088235294117
AD_0355,Awareness Campaign,cold,Sunscreen,DermaGlow UV Shield Sunscreen,Static_Catalog,2023-04-21,9207,136,389750.0,119,14,TXN_000430,2023-04-22,118000.0,Success,0.014771369610079287,2865.8088235294117
AD_0355,Awareness Campaign,cold,Sunscreen,DermaGlow UV Shield Sunscreen,Static_Catalog,2023-04-21,9207,136,389750.0,119,14,TXN_000432,2023-04-21,207000.0,Success,0.014771369610079287,2865.8088235294117
AD_0355,Awareness Campaign,cold,Sunscreen,DermaGlow UV Shield Sunscreen,Static_Catalog,2023-04-21,9207,136,389750.0,119,14,TXN_000435,2023-04-21,263000.0,Success,0.014771369610079287,2865.8088235294117
AD_0612,Flash Sale Campaign,cold,Sunscreen,DermaGlow UV Shield Sunscreen,Static_Catalog,2023-09-10,7061,109,131105.0,87,13,TXN_001312,2023-09-13,408000.0,Success,0.015436906953689279,1202.7981651376147
AD_0612,Flash Sale Campaign,cold,Sunscreen,DermaGlow UV Shield Sunscreen,Static_Catalog,2023-09-10,7061,109,131105.0,87,13,TXN_001314,2023-09-11,99000.0,Success,0.015436906953689279,1202.7981651376147
AD_0612,Flash Sale Campaign,cold,Sunscreen,DermaGlow UV Shield Sunscreen,Static_Catalog,2023-09-10,7061,109,131105.0,87,13,TXN_001318,2023-09-13,502000.0,Success,0.015436906953689279,1202.7981651376147
AD_0612,Flash Sale Campaign,cold,Sunscreen,DermaGlow UV Shield Sunscreen,Static_Catalog,2023-09-10,7061,109,131105.0,87,13,TXN_001316,2023-09-11,71000.0,Success,0.015436906953689279,1202.7981651376147
AD_0612,Flash Sale Campaign,cold,Sunscreen,DermaGlow UV Shield Sunscreen,Static_Catalog,2023-09-10,7061,109,131105.0,87,13,TXN_001315,2023-09-12,183000.0,Success,0.015436906953689279,1202.7981651376147
AD_0279,Awareness Campaign,cold,Cleanser,DermaGlow Gentle Cleanser,Static_Catalog,2023-06-03,11788,181,308347.0,160,27,TXN_001081,2023-06-03,228000.0,Success,0.015354597896165592,1703.5745856353592
AD_0279,Awareness Campaign,cold,Cleanser,DermaGlow Gentle Cleanser,Static_Catalog,2023-06-03,11788,181,308347.0,160,27,TXN_001080,2023-06-03,247000.0,Success,0.015354597896165592,1703.5745856353592
AD_0013,Awareness Campaign,cold,Sunscreen,DermaGlow UV Shield Sunscreen,Video_Review,2023-12-12,8484,174,150015.0,150,14,TXN_001527,2023-12-13,175000.0,Success,0.02050919377652051,862.1551724137931
AD_0183,Flash Sale Campaign,cold,Serum,DermaGlow Brightening Serum,Video_Review,2023-12-11,9113,276,244832.0,242,16,TXN_001232,2023-12-12,322000.0,Success,0.030286404038187206,887.072463768116
AD_0183,Flash Sale Campaign,cold,Serum,DermaGlow Brightening Serum,Video_Review,2023-12-11,9113,276,244832.0,242,16,TXN_001230,2023-12-11,428000.0,Success,0.030286404038187206,887.072463768116
AD_0183,Flash Sale Campaign,cold,Serum,DermaGlow Brightening Serum,Video_Review,2023-12-11,9113,276,244832.0,242,16,TXN_001229,2023-12-11,280000.0,Success,0.030286404038187206,887.072463768116
AD_0183,Flash Sale Campaign,cold,Serum,DermaGlow Brightening Serum,Video_Review,2023-12-11,9113,276,244832.0,242,16,TXN_001231,2023-12-14,519000.0,Success,0.030286404038187206,887.072463768116
AD_0183,Flash Sale Campaign,cold,Serum,DermaGlow Brightening Serum,Video_Review,2023-12-11,9113,276,244832.0,242,16,TXN_001228,2023-12-13,204000.0,Success,0.030286404038187206,887.072463768116
AD_0369,Retargeting Campaign,warm,Cleanser,DermaGlow Gentle Cleanser,Static_Catalog,2023-11-18,14135,128,443194.0,102,12,,,,,0.00905553590378493,3462.453125
AD_0528,Retargeting Campaign,warm,Sunscreen,DermaGlow UV Shield Sunscreen,Video_Review,2023-04-17,12002,310,283622.0,248,42,TXN_001117,2023-04-20,103000.0,Success,0.025829028495250792,914.9096774193548
AD_0528,Retargeting Campaign,warm,Sunscreen,DermaGlow UV Shield Sunscreen,Video_Review,2023-04-17,12002,310,283622.0,248,42,TXN_001121,2023-04-18,85000.0,Success,0.025829028495250792,914.9096774193548
AD_0528,Retargeting Campaign,warm,Sunscreen,DermaGlow UV Shield Sunscreen,Video_Review,2023-04-17,12002,310,283622.0,248,42,TXN_001119,2023-04-20,287000.0,Success,0.025829028495250792,914.9096774193548
AD_0528,Retargeting Campaign,warm,Sunscreen,DermaGlow UV Shield Sunscreen,Video_Review,2023-04-17,12002,310,283622.0,248,42,TXN_001120,2023-04-17,115000.0,Success,0.025829028495250792,914.9096774193548
AD_0644,Awareness Campaign,cold,Cleanser,DermaGlow Gentle Cleanser,Video_Review,2023-05-11,19854,595,316775.0,523,99,TXN_001646,2023-05-11,521000.0,Success,0.02996877203586179,532.3949579831933
AD_0644,Awareness Campaign,cold,Cleanser,DermaGlow Gentle Cleanser,Video_Review,2023-05-11,19854,595,316775.0,523,99,TXN_001648,2023-05-12,255000.0,Success,0.02996877203586179,532.3949579831933
AD_0644,Awareness Campaign,cold,Cleanser,DermaGlow Gentle Cleanser,Video_Review,2023-05-11,19854,595,316775.0,523,99,TXN_001645,2023-05-12,559000.0,Success,0.02996877203586179,532.3949579831933
AD_0644,Awareness Campaign,cold,Cleanser,DermaGlow Gentle Cleanser,Video_Review,2023-05-11,19854,595,316775.0,523,99,TXN_001647,2023-05-11,101000.0,Success,0.02996877203586179,532.3949579831933
AD_0644,Awareness Campaign,cold,Cleanser,DermaGlow Gentle Cleanser,Video_Review,2023-05-11,19854,595,316775.0,523,99,TXN_001650,2023-05-11,132000.0,Success,0.02996877203586179,532.3949579831933
AD_0644,Awareness Campaign,cold,Cleanser,DermaGlow Gentle Cleanser,Video_Review,2023-05-11,19854,595,316775.0,523,99,TXN_001649,2023-05-13,306000.0,Success,0.02996877203586179,532.3949579831933
AD_0644,Awareness Campaign,cold,Cleanser,DermaGlow Gentle Cleanser,Video_Review,2023-05-11,19854,595,316775.0,523,99,TXN_001644,2023-05-14,381000.0,Success,0.02996877203586179,532.3949579831933
AD_0224,Flash Sale Campaign,cold,Serum,DermaGlow Brightening Serum,Static_Catalog,2023-05-26,9494,123,307440.0,105,10,,,,,0.01295555087423636,2499.512195121951
AD_0600,Awareness Campaign,cold,Cleanser,DermaGlow Gentle Cleanser,Video_Review,2023-08-05,11326,222,105586.0,198,21,TXN_002227,2023-08-05,120000.0,Success,0.019600918241214904,475.6126126126126
AD_0766,Awareness Campaign,cold,Moisturizer,DermaGlow Hydrating Moisturizer,Static_Catalog,2023-05-13,10738,124,241041.0,99,18,,,,,0.011547774259638667,1943.8790322580646
AD_0707,Retargeting Campaign,warm,Moisturizer,DermaGlow Hydrating Moisturizer,Static_Catalog,2023-11-23,8502,123,233114.0,99,15,TXN_000340,2023-11-26,347000.0,Success,0.014467184191954835,1895.2357723577236
AD_0707,Retargeting Campaign,warm,Moisturizer,DermaGlow Hydrating Moisturizer,Static_Catalog,2023-11-23,8502,123,233114.0,99,15,TXN_000338,2023-11-26,352000.0,Success,0.014467184191954835,1895.2357723577236
AD_0571,Flash Sale Campaign,cold,Cleanser,DermaGlow Gentle Cleanser,Video_Review,2023-07-14,10899,232,165524.0,186,12,TXN_001196,2023-07-16,295000.0,Success,0.021286356546472155,713.4655172413793
AD_0487,Awareness Campaign,cold,Serum,DermaGlow Brightening Serum,Static_Catalog,2023-12-26,15002,157,318306.0,137,7,TXN_002466,2023-12-28,461000.0,Success,0.010465271297160378,2027.4267515923566
AD_0487,Awareness Campaign,cold,Serum,DermaGlow Brightening Serum,Static_Catalog,2023-12-26,15002,157,318306.0,137,7,TXN_002467,2023-12-27,175000.0,Success,0.010465271297160378,2027.4267515923566
AD_0487,Awareness Campaign,cold,Serum,DermaGlow Brightening Serum,Static_Catalog,2023-12-26,15002,157,318306.0,137,7,TXN_002463,2023-12-26,284000.0,Success,0.010465271297160378,2027.4267515923566
AD_0487,Awareness Campaign,cold,Serum,DermaGlow Brightening Serum,Static_Catalog,2023-12-26,15002,157,318306.0,137,7,TXN_002460,2023-12-27,158000.0,Success,0.010465271297160378,2027.4267515923566
AD_0487,Awareness Campaign,cold,Serum,DermaGlow Brightening Serum,Static_Catalog,2023-12-26,15002,157,318306.0,137,7,TXN_002464,2023-12-29,356000.0,Success,0.010465271297160378,2027.4267515923566
AD_0487,Awareness Campaign,cold,Serum,DermaGlow Brightening Serum,Static_Catalog,2023-12-26,15002,157,318306.0,137,7,TXN_002462,2023-12-26,335000.0,Success,0.010465271297160378,2027.4267515923566
AD_0487,Awareness Campaign,cold,Serum,DermaGlow Brightening Serum,Static_Catalog,2023-12-26,15002,157,318306.0,137,7,TXN_002469,2023-12-29,232000.0,Success,0.010465271297160378,2027.4267515923566
AD_0487,Awareness Campaign,cold,Serum,DermaGlow Brightening Serum,Static_Catalog,2023-12-26,15002,157,318306.0,137,7,TXN_002461,2023-12-26,116000.0,Success,0.010465271297160378,2027.4267515923566
AD_0487,Awareness Campaign,cold,Serum,DermaGlow Brightening Serum,Static_Catalog,2023-12-26,15002,157,318306.0,137,7,TXN_002459,2023-12-29,353000.0,Success,0.010465271297160378,2027.4267515923566
AD_0466,Awareness Campaign,cold,Moisturizer,DermaGlow Hydrating Moisturizer,Static_Catalog,2023-02-09,18994,231,281068.0,201,24,TXN_001860,2023-02-12,259000.0,Success,0.012161735284826787,1216.7445887445888
AD_0466,Awareness Campaign,cold,Moisturizer,DermaGlow Hydrating Moisturizer,Static_Catalog,2023-02-09,18994,231,281068.0,201,24,TXN_001859,2023-02-11,339000.0,Success,0.012161735284826787,1216.7445887445888
AD_0466,Awareness Campaign,cold,Moisturizer,DermaGlow Hydrating Moisturizer,Static_Catalog,2023-02-09,18994,231,281068.0,201,24,TXN_001858,2023-02-12,200000.0,Success,0.012161735284826787,1216.7445887445888
AD_0466,Awareness Campaign,cold,Moisturizer,DermaGlow Hydrating Moisturizer,Static_Catalog,2023-02-09,18994,231,281068.0,201,24,TXN_001857,2023-02-12,114000.0,Success,0.012161735284826787,1216.7445887445888
AD_0933,Flash Sale Campaign,cold,Serum,DermaGlow Brightening Serum,Video_Review,2023-09-01,19755,561,289977.0,497,62,TXN_001875,2023-09-01,282000.0,Success,0.028397873955960516,516.8930481283422
AD_0933,Flash Sale Campaign,cold,Serum,DermaGlow Brightening Serum,Video_Review,2023-09-01,19755,561,289977.0,497,62,TXN_001874,2023-09-03,291000.0,Success,0.028397873955960516,516.8930481283422
AD_0933,Flash Sale Campaign,cold,Serum,DermaGlow Brightening Serum,Video_Review,2023-09-01,19755,561,289977.0,497,62,TXN_001872,2023-09-04,149000.0,Success,0.028397873955960516,516.8930481283422
AD_0637,Flash Sale Campaign,cold,Moisturizer,DermaGlow Hydrating Moisturizer,Video_Review,2023-10-05,7992,242,389304.0,208,17,,,,,0.03028028028028028,1608.6942148760331
AD_0177,Flash Sale Campaign,cold,Cleanser,DermaGlow Gentle Cleanser,Static_Catalog,2023-08-31,13236,151,473966.0,124,14,TXN_000049,2023-09-01,199000.0,Success,0.011408280447265036,3138.8476821192053
AD_0177,Flash Sale Campaign,cold,Cleanser,DermaGlow Gentle Cleanser,Static_Catalog,2023-08-31,13236,151,473966.0,124,14,TXN_000054,2023-08-31,350000.0,Success,0.011408280447265036,3138.8476821192053
AD_0177,Flash Sale Campaign,cold,Cleanser,DermaGlow Gentle Cleanser,Static_Catalog,2023-08-31,13236,151,473966.0,124,14,TXN_000048,2023-08-31,261000.0,Success,0.011408280447265036,3138.8476821192053
AD_0177,Flash Sale Campaign,cold,Cleanser,DermaGlow Gentle Cleanser,Static_Catalog,2023-08-31,13236,151,473966.0,124,14,TXN_000053,2023-08-31,449000.0,Success,0.011408280447265036,3138.8476821192053
AD_0177,Flash Sale Campaign,cold,Cleanser,DermaGlow Gentle Cleanser,Static_Catalog,2023-08-31,13236,151,473966.0,124,14,TXN_000051,2023-09-01,101000.0,Success,0.011408280447265036,3138.8476821192053
AD_0696,Awareness Campaign,cold,Moisturizer,DermaGlow Hydrating Moisturizer,Static_Catalog,2023-10-02,15070,188,480457.0,168,21,,,,,0.01247511612475116,2555.622340425532
AD_0656,Flash Sale Campaign,cold,Cleanser,DermaGlow Gentle Cleanser,Static_Catalog,2023-12-20,19501,289,291313.0,252,47,,,,,0.014819752833188041,1008.0034602076124
AD_0614,Flash Sale Campaign,cold,Moisturizer,DermaGlow Hydrating Moisturizer,Static_Catalog,2023-05-10,13054,139,307440.0,125,14,,,,,0.010648077217711046,2211.798561151079
AD_0457,Flash Sale Campaign,cold,Moisturizer,DermaGlow Hydrating Moisturizer,Video_Review,2023-06-28,8257,230,152446.0,206,24,,,,,0.027855153203342618,662.8086956521739
AD_0545,Retargeting Campaign,warm,Moisturizer,DermaGlow Hydrating Moisturizer,Static_Catalog,2023-11-22,12231,114,409378.0,99,14,,,,,0.009320578857002697,3591.035087719298
AD_0394,Awareness Campaign,cold,Serum,DermaGlow Brightening Serum,Static_Catalog,2023-02-28,7049,81,181938.0,70,4,,,,,0.011490991630018443,2246.1481481481483
AD_0164,Retargeting Campaign,warm,Sunscreen,DermaGlow UV Shield Sunscreen,Static_Catalog,2023-07-27,12179,118,498992.0,95,6,TXN_000180,2023-07-28,435000.0,Success,0.009688808604975778,4228.745762711865
AD_0249,Retargeting Campaign,warm,Moisturizer,DermaGlow Hydrating Moisturizer,Static_Catalog,2023-01-13,9979,84,119033.0,74,12,TXN_002091,2023-01-14,277000.0,Success,0.008417677121956109,1417.0595238095239
AD_0249,Retargeting Campaign,warm,Moisturizer,DermaGlow Hydrating Moisturizer,Static_Catalog,2023-01-13,9979,84,119033.0,74,12,TXN_002087,2023-01-14,540000.0,Success,0.008417677121956109,1417.0595238095239
AD_0249,Retargeting Campaign,warm,Moisturizer,DermaGlow Hydrating Moisturizer,Static_Catalog,2023-01-13,9979,84,119033.0,74,12,TXN_002092,2023-01-13,183000.0,Success,0.008417677121956109,1417.0595238095239
AD_0249,Retargeting Campaign,warm,Moisturizer,DermaGlow Hydrating Moisturizer,Static_Catalog,2023-01-13,9979,84,119033.0,74,12,TXN_002088,2023-01-15,131000.0,Success,0.008417677121956109,1417.0595238095239
AD_0249,Retargeting Campaign,warm,Moisturizer,DermaGlow Hydrating Moisturizer,Static_Catalog,2023-01-13,9979,84,119033.0,74,12,TXN_002090,2023-01-13,196000.0,Success,0.008417677121956109,1417.0595238095239
AD_0663,Retargeting Campaign,warm,Cleanser,DermaGlow Gentle Cleanser,Static_Catalog,2023-10-09,9838,85,297415.5,71,7,TXN_001265,2023-10-09,490000.0,Success,0.00863996747306363,3499.005882352941
AD_0663,Retargeting Campaign,warm,Cleanser,DermaGlow Gentle Cleanser,Static_Catalog,2023-10-09,9838,85,297415.5,71,7,TXN_001267,2023-10-09,211000.0,Success,0.00863996747306363,3499.005882352941
AD_0663,Retargeting Campaign,warm,Cleanser,DermaGlow Gentle Cleanser,Static_Catalog,2023-10-09,9838,85,297415.5,71,7,TXN_001264,2023-10-12,240000.0,Success,0.00863996747306363,3499.005882352941
AD_0663,Retargeting Campaign,warm,Cleanser,DermaGlow Gentle Cleanser,Static_Catalog,2023-10-09,9838,85,297415.5,71,7,TXN_001263,2023-10-12,218000.0,Success,0.00863996747306363,3499.005882352941
AD_0663,Retargeting Campaign,warm,Cleanser,DermaGlow Gentle Cleanser,Static_Catalog,2023-10-09,9838,85,297415.5,71,7,TXN_001266,2023-10-09,164000.0,Success,0.00863996747306363,3499.005882352941
AD_0663,Retargeting Campaign,warm,Cleanser,DermaGlow Gentle Cleanser,Static_Catalog,2023-10-09,9838,85,297415.5,71,7,TXN_001268,2023-10-11,358000.0,Success,0.00863996747306363,3499.005882352941
AD_0921,Flash Sale Campaign,cold,Sunscreen,DermaGlow UV Shield Sunscreen,Video_Review,2023-12-05,19161,379,364546.0,322,16,TXN_000094,2023-12-06,208000.0,Success,0.01977976097280935,961.8627968337731
AD_0921,Flash Sale Campaign,cold,Sunscreen,DermaGlow UV Shield Sunscreen,Video_Review,2023-12-05,19161,379,364546.0,322,16,TXN_000092,2023-12-07,88000.0,Success,0.01977976097280935,961.8627968337731
AD_0921,Flash Sale Campaign,cold,Sunscreen,DermaGlow UV Shield Sunscreen,Video_Review,2023-12-05,19161,379,364546.0,322,16,TXN_000093,2023-12-07,213000.0,Success,0.01977976097280935,961.8627968337731
AD_0921,Flash Sale Campaign,cold,Sunscreen,DermaGlow UV Shield Sunscreen,Video_Review,2023-12-05,19161,379,364546.0,322,16,TXN_000095,2023-12-07,408000.0,Success,0.01977976097280935,961.8627968337731
AD_0921,Flash Sale Campaign,cold,Sunscreen,DermaGlow UV Shield Sunscreen,Video_Review,2023-12-05,19161,379,364546.0,322,16,TXN_000091,2023-12-05,176000.0,Success,0.01977976097280935,961.8627968337731
AD_0921,Flash Sale Campaign,cold,Sunscreen,DermaGlow UV Shield Sunscreen,Video_Review,2023-12-05,19161,379,364546.0,322,16,TXN_000090,2023-12-07,139000.0,Success,0.01977976097280935,961.8627968337731
AD_0921,Flash Sale Campaign,cold,Sunscreen,DermaGlow UV Shield Sunscreen,Video_Review,2023-12-05,19161,379,364546.0,322,16,TXN_000096,2023-12-05,283000.0,Success,0.01977976097280935,961.8627968337731
AD_0998,Awareness Campaign,cold,Moisturizer,DermaGlow Hydrating Moisturizer,Video_Review,2023-09-11,9775,294,368356.0,249,25,TXN_000846,2023-09-12,442000.0,Success,0.030076726342710997,1252.9115646258504
AD_0998,Awareness Campaign,cold,Moisturizer,DermaGlow Hydrating Moisturizer,Video_Review,2023-09-11,9775,294,368356.0,249,25,TXN_000847,2023-09-14,73000.0,Success,0.030076726342710997,1252.9115646258504
AD_0376,Retargeting Campaign,warm,Cleanser,DermaGlow Gentle Cleanser,Video_Review,2023-08-30,11316,241,273423.0,200,35,TXN_002248,2023-09-02,130000.0,Success,0.021297278190173206,1134.5352697095436
AD_0376,Retargeting Campaign,warm,Cleanser,DermaGlow Gentle Cleanser,Video_Review,2023-08-30,11316,241,273423.0,200,35,TXN_002247,2023-09-01,262000.0,Success,0.021297278190173206,1134.5352697095436
AD_0413,Awareness Campaign,cold,Cleanser,DermaGlow Gentle Cleanser,Static_Catalog,2023-09-13,11970,142,393851.0,115,18,TXN_000322,2023-09-16,288000.0,Success,0.011862990810359231,2773.5985915492956
AD_0413,Awareness Campaign,cold,Cleanser,DermaGlow Gentle Cleanser,Static_Catalog,2023-09-13,11970,142,393851.0,115,18,TXN_000321,2023-09-16,115000.0,Success,0.011862990810359231,2773.5985915492956
AD_0075,Retargeting Campaign,warm,Serum,DermaGlow Brightening Serum,Static_Catalog,2023-10-13,17674,263,456600.0,223,37,TXN_001059,2023-10-15,253000.0,Success,0.014880615593527215,1736.1216730038022
AD_0075,Retargeting Campaign,warm,Serum,DermaGlow Brightening Serum,Static_Catalog,2023-10-13,17674,263,456600.0,223,37,TXN_001062,2023-10-16,382000.0,Success,0.014880615593527215,1736.1216730038022
AD_0075,Retargeting Campaign,warm,Serum,DermaGlow Brightening Serum,Static_Catalog,2023-10-13,17674,263,456600.0,223,37,TXN_001057,2023-10-13,114000.0,Success,0.014880615593527215,1736.1216730038022
AD_0075,Retargeting Campaign,warm,Serum,DermaGlow Brightening Serum,Static_Catalog,2023-10-13,17674,263,456600.0,223,37,TXN_001056,2023-10-13,431000.0,Success,0.014880615593527215,1736.1216730038022
AD_0075,Retargeting Campaign,warm,Serum,DermaGlow Brightening Serum,Static_Catalog,2023-10-13,17674,263,456600.0,223,37,TXN_001058,2023-10-13,125000.0,Success,0.014880615593527215,1736.1216730038022
AD_0917,Flash Sale Campaign,cold,Cleanser,DermaGlow Gentle Cleanser,Static_Catalog,2023-04-04,19516,285,229560.0,250,27,,,,,0.014603402336544374,805.4736842105264
AD_0114,Flash Sale Campaign,cold,Sunscreen,DermaGlow UV Shield Sunscreen,Video_Review,2023-07-30,7717,157,317516.0,131,22,TXN_000704,2023-08-01,345000.0,Success,0.02034469353375664,2022.3949044585988
AD_0501,Retargeting Campaign,warm,Serum,DermaGlow Brightening Serum,Static_Catalog,2023-09-30,14677,130,297415.5,107,13,,,,,0.008857395925597875,2287.8115384615385
AD_0586,Awareness Campaign,cold,Moisturizer,DermaGlow Hydrating Moisturizer,Video_Review,2023-12-09,11772,216,304827.0,183,17,,,,,0.01834862385321101,1411.236111111111
AD_0115,Flash Sale Campaign,cold,Serum,DermaGlow Brightening Serum,Video_Review,2023-03-19,11645,280,126737.0,237,39,TXN_000887,2023-03-19,239000.0,Success,0.024044654358093602,452.63214285714287
AD_0115,Flash Sale Campaign,cold,Serum,DermaGlow Brightening Serum,Video_Review,2023-03-19,11645,280,126737.0,237,39,TXN_000889,2023-03-20,419000.0,Success,0.024044654358093602,452.63214285714287
AD_0418,Flash Sale Campaign,cold,Moisturizer,DermaGlow Hydrating Moisturizer,Video_Review,2023-02-08,17869,525,176240.0,438,52,TXN_001035,2023-02-09,195000.0,Success,0.029380491353741114,335.6952380952381
AD_0418,Flash Sale Campaign,cold,Moisturizer,DermaGlow Hydrating Moisturizer,Video_Review,2023-02-08,17869,525,176240.0,438,52,TXN_001037,2023-02-10,319000.0,Success,0.029380491353741114,335.6952380952381
AD_0418,Flash Sale Campaign,cold,Moisturizer,DermaGlow Hydrating Moisturizer,Video_Review,2023-02-08,17869,525,176240.0,438,52,TXN_002044,2023-02-08,91000.0,Success,0.029380491353741114,335.6952380952381
AD_0418,Flash Sale Campaign,cold,Moisturizer,DermaGlow Hydrating Moisturizer,Video_Review,2023-02-08,17869,525,176240.0,438,52,TXN_002045,2023-02-10,195000.0,Success,0.029380491353741114,335.6952380952381
AD_0418,Flash Sale Campaign,cold,Moisturizer,DermaGlow Hydrating Moisturizer,Video_Review,2023-02-08,17869,525,176240.0,438,52,TXN_002041,2023-02-08,373000.0,Success,0.029380491353741114,335.6952380952381
AD_0418,Flash Sale Campaign,cold,Moisturizer,DermaGlow Hydrating Moisturizer,Video_Review,2023-02-08,17869,525,176240.0,438,52,TXN_001031,2023-02-10,99000.0,Success,0.029380491353741114,335.6952380952381
AD_0418,Flash Sale Campaign,cold,Moisturizer,DermaGlow Hydrating Moisturizer,Video_Review,2023-02-08,17869,525,176240.0,438,52,TXN_002043,2023-02-11,378000.0,Success,0.029380491353741114,335.6952380952381
AD_0418,Flash Sale Campaign,cold,Moisturizer,DermaGlow Hydrating Moisturizer,Video_Review,2023-02-08,17869,525,176240.0,438,52,TXN_001032,2023-02-08,319000.0,Success,0.029380491353741114,335.6952380952381
AD_0418,Flash Sale Campaign,cold,Moisturizer,DermaGlow Hydrating Moisturizer,Video_Review,2023-02-08,17869,525,176240.0,438,52,TXN_001033,2023-02-08,238000.0,Success,0.029380491353741114,335.6952380952381
AD_0418,Flash Sale Campaign,cold,Moisturizer,DermaGlow Hydrating Moisturizer,Video_Review,2023-02-08,17869,525,176240.0,438,52,TXN_002042,2023-02-08,415000.0,Success,0.029380491353741114,335.6952380952381
AD_0090,Awareness Campaign,cold,Cleanser,DermaGlow Gentle Cleanser,Static_Catalog,2023-08-11,15659,240,222883.0,192,37,TXN_001968,2023-08-11,389000.0,Success,0.015326649211316176,928.6791666666667
AD_0090,Awareness Campaign,cold,Cleanser,DermaGlow Gentle Cleanser,Static_Catalog,2023-08-11,15659,240,222883.0,192,37,TXN_001966,2023-08-11,257000.0,Success,0.015326649211316176,928.6791666666667
AD_0090,Awareness Campaign,cold,Cleanser,DermaGlow Gentle Cleanser,Static_Catalog,2023-08-11,15659,240,222883.0,192,37,TXN_001967,2023-08-14,85000.0,Success,0.015326649211316176,928.6791666666667
AD_0090,Awareness Campaign,cold,Cleanser,DermaGlow Gentle Cleanser,Static_Catalog,2023-08-11,15659,240,222883.0,192,37,TXN_001974,2023-08-12,292000.0,Success,0.015326649211316176,928.6791666666667
AD_0090,Awareness Campaign,cold,Cleanser,DermaGlow Gentle Cleanser,Static_Catalog,2023-08-11,15659,240,222883.0,192,37,TXN_001970,2023-08-13,104000.0,Success,0.015326649211316176,928.6791666666667
AD_0959,Flash Sale Campaign,cold,Cleanser,DermaGlow Gentle Cleanser,Static_Catalog,2023-12-02,8960,124,382745.0,101,15,TXN_001304,2023-12-05,132000.0,Success,0.013839285714285714,3086.6532258064517
AD_0902,Retargeting Campaign,warm,Sunscreen,DermaGlow UV Shield Sunscreen,Static_Catalog,2023-02-17,17452,253,270491.0,217,12,,,,,0.01449690579876232,1069.1343873517787
AD_0634,Awareness Campaign,cold,Serum,DermaGlow Brightening Serum,Static_Catalog,2023-08-12,8081,76,235393.0,66,8,,,,,0.009404776636554882,3097.2763157894738
AD_0678,Flash Sale Campaign,cold,Moisturizer,DermaGlow Hydrating Moisturizer,Video_Review,2023-03-24,9569,211,257699.0,188,10,,,,,0.02205037098965409,1221.3222748815165
AD_0012,Retargeting Campaign,warm,Sunscreen,DermaGlow UV Shield Sunscreen,Video_Review,2023-08-15,17882,517,198806.0,453,56,TXN_002155,2023-08-17,266000.0,Success,0.028911754837266525,384.5377176015474
AD_0012,Retargeting Campaign,warm,Sunscreen,DermaGlow UV Shield Sunscreen,Video_Review,2023-08-15,17882,517,198806.0,453,56,TXN_002154,2023-08-15,416000.0,Success,0.028911754837266525,384.5377176015474
AD_0012,Retargeting Campaign,warm,Sunscreen,DermaGlow UV Shield Sunscreen,Video_Review,2023-08-15,17882,517,198806.0,453,56,TXN_002153,2023-08-15,366000.0,Success,0.028911754837266525,384.5377176015474
AD_0012,Retargeting Campaign,warm,Sunscreen,DermaGlow UV Shield Sunscreen,Video_Review,2023-08-15,17882,517,198806.0,453,56,TXN_002156,2023-08-15,472000.0,Success,0.028911754837266525,384.5377176015474
AD_0012,Retargeting Campaign,warm,Sunscreen,DermaGlow UV Shield Sunscreen,Video_Review,2023-08-15,17882,517,198806.0,453,56,TXN_002152,2023-08-17,217000.0,Success,0.028911754837266525,384.5377176015474
AD_0397,Awareness Campaign,cold,Serum,DermaGlow Brightening Serum,Static_Catalog,2023-02-27,16533,205,472185.0,175,14,TXN_001235,2023-03-01,381000.0,Success,0.012399443537168087,2303.3414634146343
AD_0397,Awareness Campaign,cold,Serum,DermaGlow Brightening Serum,Static_Catalog,2023-02-27,16533,205,472185.0,175,14,TXN_001233,2023-03-02,367000.0,Success,0.012399443537168087,2303.3414634146343
AD_0558,Flash Sale Campaign,cold,Serum,DermaGlow Brightening Serum,Static_Catalog,2023-09-17,12345,181,307440.0,146,12,TXN_001000,2023-09-20,175000.0,Success,0.014661806399351964,1698.5635359116022
AD_0558,Flash Sale Campaign,cold,Serum,DermaGlow Brightening Serum,Static_Catalog,2023-09-17,12345,181,307440.0,146,12,TXN_000991,2023-09-17,191000.0,Success,0.014661806399351964,1698.5635359116022
AD_0558,Flash Sale Campaign,cold,Serum,DermaGlow Brightening Serum,Static_Catalog,2023-09-17,12345,181,307440.0,146,12,TXN_000998,2023-09-20,199000.0,Success,0.014661806399351964,1698.5635359116022
AD_0558,Flash Sale Campaign,cold,Serum,DermaGlow Brightening Serum,Static_Catalog,2023-09-17,12345,181,307440.0,146,12,TXN_000992,2023-09-19,290000.0,Success,0.014661806399351964,1698.5635359116022
AD_0558,Flash Sale Campaign,cold,Serum,DermaGlow Brightening Serum,Static_Catalog,2023-09-17,12345,181,307440.0,146,12,TXN_000996,2023-09-18,425000.0,Success,0.014661806399351964,1698.5635359116022
AD_0043,Awareness Campaign,cold,Sunscreen,DermaGlow UV Shield Sunscreen,Static_Catalog,2023-03-10,17486,152,167215.0,124,8,,,,,0.008692668420450645,1100.0986842105262
AD_0168,Retargeting Campaign,warm,Cleanser,DermaGlow Gentle Cleanser,Static_Catalog,2023-04-05,13154,176,164288.0,157,29,TXN_002178,2023-04-08,323000.0,Success,0.013379960468298617,933.4545454545455
AD_0168,Retargeting Campaign,warm,Cleanser,DermaGlow Gentle Cleanser,Static_Catalog,2023-04-05,13154,176,164288.0,157,29,TXN_002180,2023-04-08,205000.0,Success,0.013379960468298617,933.4545454545455
AD_0168,Retargeting Campaign,warm,Cleanser,DermaGlow Gentle Cleanser,Static_Catalog,2023-04-05,13154,176,164288.0,157,29,TXN_002179,2023-04-05,95000.0,Success,0.013379960468298617,933.4545454545455
AD_0168,Retargeting Campaign,warm,Cleanser,DermaGlow Gentle Cleanser,Static_Catalog,2023-04-05,13154,176,164288.0,157,29,TXN_002173,2023-04-06,210000.0,Success,0.013379960468298617,933.4545454545455
AD_0168,Retargeting Campaign,warm,Cleanser,DermaGlow Gentle Cleanser,Static_Catalog,2023-04-05,13154,176,164288.0,157,29,TXN_002177,2023-04-08,173000.0,Success,0.013379960468298617,933.4545454545455
AD_0168,Retargeting Campaign,warm,Cleanser,DermaGlow Gentle Cleanser,Static_Catalog,2023-04-05,13154,176,164288.0,157,29,TXN_002176,2023-04-06,507000.0,Success,0.013379960468298617,933.4545454545455
AD_0417,Awareness Campaign,cold,Cleanser,DermaGlow Gentle Cleanser,Static_Catalog,2023-06-26,9854,99,123408.0,80,8,,,,,0.010046681550639334,1246.5454545454545
AD_0788,Retargeting Campaign,warm,Sunscreen,DermaGlow UV Shield Sunscreen,Video_Review,2023-10-16,15592,383,258698.0,342,44,TXN_001358,2023-10-16,396000.0,Success,0.0245638789122627,675.4516971279373
AD_0788,Retargeting Campaign,warm,Sunscreen,DermaGlow UV Shield Sunscreen,Video_Review,2023-10-16,15592,383,258698.0,342,44,TXN_001361,2023-10-17,505000.0,Success,0.0245638789122627,675.4516971279373
AD_0788,Retargeting Campaign,warm,Sunscreen,DermaGlow UV Shield Sunscreen,Video_Review,2023-10-16,15592,383,258698.0,342,44,TXN_001359,2023-10-18,424000.0,Success,0.0245638789122627,675.4516971279373
AD_0427,Awareness Campaign,cold,Moisturizer,DermaGlow Hydrating Moisturizer,Video_Review,2023-10-09,10893,308,151831.0,269,32,TXN_001892,2023-10-12,174000.0,Success,0.02827503901588176,492.9577922077922
AD_0427,Awareness Campaign,cold,Moisturizer,DermaGlow Hydrating Moisturizer,Video_Review,2023-10-09,10893,308,151831.0,269,32,TXN_001890,2023-10-10,94000.0,Success,0.02827503901588176,492.9577922077922
AD_0427,Awareness Campaign,cold,Moisturizer,DermaGlow Hydrating Moisturizer,Video_Review,2023-10-09,10893,308,151831.0,269,32,TXN_001891,2023-10-10,179000.0,Success,0.02827503901588176,492.9577922077922
AD_0918,Awareness Campaign,cold,Serum,DermaGlow Brightening Serum,Static_Catalog,2023-07-09,12522,170,432464.0,149,10,,,,,0.013576106053346111,2543.9058823529413
AD_0715,Awareness Campaign,cold,Cleanser,DermaGlow Gentle Cleanser,Video_Review,2023-02-08,17932,466,355095.0,394,43,TXN_002033,2023-02-11,292000.0,Success,0.025987062235110416,762.0064377682403
AD_0715,Awareness Campaign,cold,Cleanser,DermaGlow Gentle Cleanser,Video_Review,2023-02-08,17932,466,355095.0,394,43,TXN_002040,2023-02-10,408000.0,Success,0.025987062235110416,762.0064377682403
AD_0715,Awareness Campaign,cold,Cleanser,DermaGlow Gentle Cleanser,Video_Review,2023-02-08,17932,466,355095.0,394,43,TXN_002035,2023-02-08,395000.0,Success,0.025987062235110416,762.0064377682403
AD_0715,Awareness Campaign,cold,Cleanser,DermaGlow Gentle Cleanser,Video_Review,2023-02-08,17932,466,355095.0,394,43,TXN_002037,2023-02-10,115000.0,Success,0.025987062235110416,762.0064377682403
AD_0715,Awareness Campaign,cold,Cleanser,DermaGlow Gentle Cleanser,Video_Review,2023-02-08,17932,466,355095.0,394,43,TXN_002034,2023-02-08,454000.0,Success,0.025987062235110416,762.0064377682403
AD_0715,Awareness Campaign,cold,Cleanser,DermaGlow Gentle Cleanser,Video_Review,2023-02-08,17932,466,355095.0,394,43,TXN_002036,2023-02-08,333000.0,Success,0.025987062235110416,762.0064377682403
AD_0715,Awareness Campaign,cold,Cleanser,DermaGlow Gentle Cleanser,Video_Review,2023-02-08,17932,466,355095.0,394,43,TXN_002039,2023-02-08,185000.0,Success,0.025987062235110416,762.0064377682403
AD_0732,Awareness Campaign,cold,Serum,DermaGlow Brightening Serum,Static_Catalog,2023-06-04,13186,123,269176.0,109,9,TXN_002134,2023-06-07,440000.0,Success,0.009328075231305931,2188.4227642276423
AD_0732,Awareness Campaign,cold,Serum,DermaGlow Brightening Serum,Static_Catalog,2023-06-04,13186,123,269176.0,109,9,TXN_002139,2023-06-04,409000.0,Success,0.009328075231305931,2188.4227642276423
AD_0732,Awareness Campaign,cold,Serum,DermaGlow Brightening Serum,Static_Catalog,2023-06-04,13186,123,269176.0,109,9,TXN_002137,2023-06-04,368000.0,Success,0.009328075231305931,2188.4227642276423
AD_0732,Awareness Campaign,cold,Serum,DermaGlow Brightening Serum,Static_Catalog,2023-06-04,13186,123,269176.0,109,9,TXN_002135,2023-06-05,144000.0,Success,0.009328075231305931,2188.4227642276423
AD_0258,Retargeting Campaign,warm,Serum,DermaGlow Brightening Serum,Video_Review,2023-04-17,13397,352,266597.0,299,28,TXN_000406,2023-04-20,276000.0,Success,0.02627453907591252,757.3778409090909
AD_0258,Retargeting Campaign,warm,Serum,DermaGlow Brightening Serum,Video_Review,2023-04-17,13397,352,266597.0,299,28,TXN_000405,2023-04-18,411000.0,Success,0.02627453907591252,757.3778409090909
AD_0336,Retargeting Campaign,warm,Sunscreen,DermaGlow UV Shield Sunscreen,Video_Review,2023-04-28,8588,258,229936.0,222,43,,,,,0.030041918956683743,891.2248062015503
AD_0016,Flash Sale Campaign,cold,Cleanser,DermaGlow Gentle Cleanser,Static_Catalog,2023-12-14,17429,160,228376.0,138,6,TXN_000853,2023-12-15,329000.0,Success,0.00918010212863618,1427.35
AD_0016,Flash Sale Campaign,cold,Cleanser,DermaGlow Gentle Cleanser,Static_Catalog,2023-12-14,17429,160,228376.0,138,6,TXN_000854,2023-12-17,339000.0,Success,0.00918010212863618,1427.35
AD_0016,Flash Sale Campaign,cold,Cleanser,DermaGlow Gentle Cleanser,Static_Catalog,2023-12-14,17429,160,228376.0,138,6,TXN_000855,2023-12-14,341000.0,Success,0.00918010212863618,1427.35
AD_0658,Retargeting Campaign,warm,Sunscreen,DermaGlow UV Shield Sunscreen,Static_Catalog,2023-11-05,14327,139,123004.0,116,14,TXN_002245,2023-11-06,385000.0,Success,0.00970196133175124,884.9208633093525
AD_0658,Retargeting Campaign,warm,Sunscreen,DermaGlow UV Shield Sunscreen,Static_Catalog,2023-11-05,14327,139,123004.0,116,14,TXN_002246,2023-11-07,103000.0,Success,0.00970196133175124,884.9208633093525
AD_0325,Retargeting Campaign,warm,Sunscreen,DermaGlow UV Shield Sunscreen,Video_Review,2023-09-07,16802,345,441207.0,291,40,TXN_000085,2023-09-10,312000.0,Success,0.020533269848827522,1278.8608695652174
AD_0325,Retargeting Campaign,warm,Sunscreen,DermaGlow UV Shield Sunscreen,Video_Review,2023-09-07,16802,345,441207.0,291,40,TXN_000088,2023-09-10,370000.0,Success,0.020533269848827522,1278.8608695652174
AD_0325,Retargeting Campaign,warm,Sunscreen,DermaGlow UV Shield Sunscreen,Video_Review,2023-09-07,16802,345,441207.0,291,40,TXN_000087,2023-09-10,67000.0,Success,0.020533269848827522,1278.8608695652174
AD_0325,Retargeting Campaign,warm,Sunscreen,DermaGlow UV Shield Sunscreen,Video_Review,2023-09-07,16802,345,441207.0,291,40,TXN_000089,2023-09-10,178000.0,Success,0.020533269848827522,1278.8608695652174
AD_0325,Retargeting Campaign,warm,Sunscreen,DermaGlow UV Shield Sunscreen,Video_Review,2023-09-07,16802,345,441207.0,291,40,TXN_000086,2023-09-08,210000.0,Success,0.020533269848827522,1278.8608695652174
AD_0325,Retargeting Campaign,warm,Sunscreen,DermaGlow UV Shield Sunscreen,Video_Review,2023-09-07,16802,345,441207.0,291,40,TXN_000083,2023-09-09,163000.0,Success,0.020533269848827522,1278.8608695652174
AD_0790,Awareness Campaign,cold,Cleanser,DermaGlow Gentle Cleanser,Video_Review,2023-01-17,19613,576,294387.0,491,65,,,,,0.029368276143374294,511.0885416666667
AD_0223,Awareness Campaign,cold,Moisturizer,DermaGlow Hydrating Moisturizer,Video_Review,2023-01-25,14340,369,107967.0,299,41,TXN_002214,2023-01-25,209000.0,Success,0.025732217573221756,292.5934959349593
AD_0223,Awareness Campaign,cold,Moisturizer,DermaGlow Hydrating Moisturizer,Video_Review,2023-01-25,14340,369,107967.0,299,41,TXN_002213,2023-01-26,387000.0,Success,0.025732217573221756,292.5934959349593
AD_0223,Awareness Campaign,cold,Moisturizer,DermaGlow Hydrating Moisturizer,Video_Review,2023-01-25,14340,369,107967.0,299,41,TXN_002212,2023-01-27,258000.0,Success,0.025732217573221756,292.5934959349593
AD_0180,Retargeting Campaign,warm,Sunscreen,DermaGlow UV Shield Sunscreen,Video_Review,2023-07-05,10714,287,488647.0,253,21,,,,,0.026787380996826583,1702.602787456446
AD_0100,Retargeting Campaign,warm,Moisturizer,DermaGlow Hydrating Moisturizer,Static_Catalog,2023-04-14,8970,103,323810.0,88,8,TXN_000868,2023-04-17,537000.0,Success,0.011482720178372352,3143.78640776699
AD_0100,Retargeting Campaign,warm,Moisturizer,DermaGlow Hydrating Moisturizer,Static_Catalog,2023-04-14,8970,103,323810.0,88,8,TXN_000870,2023-04-17,300000.0,Success,0.011482720178372352,3143.78640776699
AD_0100,Retargeting Campaign,warm,Moisturizer,DermaGlow Hydrating Moisturizer,Static_Catalog,2023-04-14,8970,103,323810.0,88,8,TXN_000872,2023-04-17,423000.0,Success,0.011482720178372352,3143.78640776699
AD_0100,Retargeting Campaign,warm,Moisturizer,DermaGlow Hydrating Moisturizer,Static_Catalog,2023-04-14,8970,103,323810.0,88,8,TXN_000869,2023-04-14,160000.0,Success,0.011482720178372352,3143.78640776699
AD_0100,Retargeting Campaign,warm,Moisturizer,DermaGlow Hydrating Moisturizer,Static_Catalog,2023-04-14,8970,103,323810.0,88,8,TXN_000871,2023-04-17,388000.0,Success,0.011482720178372352,3143.78640776699
AD_0522,Retargeting Campaign,warm,Serum,DermaGlow Brightening Serum,Static_Catalog,2023-09-29,16141,139,378572.0,115,19,TXN_000760,2023-09-29,370000.0,Success,0.00861161018524255,2723.539568345324
AD_0522,Retargeting Campaign,warm,Serum,DermaGlow Brightening Serum,Static_Catalog,2023-09-29,16141,139,378572.0,115,19,TXN_000758,2023-09-29,214000.0,Success,0.00861161018524255,2723.539568345324
AD_0023,Flash Sale Campaign,cold,Sunscreen,DermaGlow UV Shield Sunscreen,Static_Catalog,2023-12-18,15680,209,171295.0,178,31,TXN_000238,2023-12-18,221000.0,Success,0.013329081632653061,819.5933014354067
AD_0023,Flash Sale Campaign,cold,Sunscreen,DermaGlow UV Shield Sunscreen,Static_Catalog,2023-12-18,15680,209,171295.0,178,31,TXN_000240,2023-12-21,113000.0,Success,0.013329081632653061,819.5933014354067
AD_0023,Flash Sale Campaign,cold,Sunscreen,DermaGlow UV Shield Sunscreen,Static_Catalog,2023-12-18,15680,209,171295.0,178,31,TXN_000241,2023-12-20,390000.0,Success,0.013329081632653061,819.5933014354067
AD_0023,Flash Sale Campaign,cold,Sunscreen,DermaGlow UV Shield Sunscreen,Static_Catalog,2023-12-18,15680,209,171295.0,178,31,TXN_000237,2023-12-21,462000.0,Success,0.013329081632653061,819.5933014354067
AD_0023,Flash Sale Campaign,cold,Sunscreen,DermaGlow UV Shield Sunscreen,Static_Catalog,2023-12-18,15680,209,171295.0,178,31,TXN_000244,2023-12-19,382000.0,Success,0.013329081632653061,819.5933014354067
AD_0023,Flash Sale Campaign,cold,Sunscreen,DermaGlow UV Shield Sunscreen,Static_Catalog,2023-12-18,15680,209,171295.0,178,31,TXN_000243,2023-12-20,158000.0,Success,0.013329081632653061,819.5933014354067
AD_0023,Flash Sale Campaign,cold,Sunscreen,DermaGlow UV Shield Sunscreen,Static_Catalog,2023-12-18,15680,209,171295.0,178,31,TXN_000239,2023-12-20,271000.0,Success,0.013329081632653061,819.5933014354067
AD_0023,Flash Sale Campaign,cold,Sunscreen,DermaGlow UV Shield Sunscreen,Static_Catalog,2023-12-18,15680,209,171295.0,178,31,TXN_000236,2023-12-20,476000.0,Success,0.013329081632653061,819.5933014354067
AD_0023,Flash Sale Campaign,cold,Sunscreen,DermaGlow UV Shield Sunscreen,Static_Catalog,2023-12-18,15680,209,171295.0,178,31,TXN_000242,2023-12-18,467000.0,Success,0.013329081632653061,819.5933014354067
AD_0357,Flash Sale Campaign,cold,Cleanser,DermaGlow Gentle Cleanser,Static_Catalog,2023-01-04,15584,157,436851.0,134,26,,,,,0.010074435318275154,2782.4904458598726
AD_0697,Awareness Campaign,cold,Sunscreen,DermaGlow UV Shield Sunscreen,Video_Review,2023-09-15,16744,346,252948.0,309,26,TXN_001016,2023-09-15,143000.0,Success,0.020664118490205448,731.0635838150289
AD_0697,Awareness Campaign,cold,Sunscreen,DermaGlow UV Shield Sunscreen,Video_Review,2023-09-15,16744,346,252948.0,309,26,TXN_001017,2023-09-15,336000.0,Success,0.020664118490205448,731.0635838150289
AD_0897,Retargeting Campaign,warm,Cleanser,DermaGlow Gentle Cleanser,Video_Review,2023-04-15,5329,118,241154.0,104,5,,,,,0.022142991180334023,2043.677966101695
AD_0341,Retargeting Campaign,warm,Moisturizer,DermaGlow Hydrating Moisturizer,Video_Review,2023-03-29,13056,295,180811.0,257,25,,,,,0.022594975490196078,612.9186440677967
AD_0432,Flash Sale Campaign,cold,Sunscreen,DermaGlow UV Shield Sunscreen,Static_Catalog,2023-05-12,13003,113,307440.0,98,5,TXN_001665,2023-05-14,463000.0,Success,0.00869030223794509,2720.70796460177
AD_0577,Awareness Campaign,cold,Moisturizer,DermaGlow Hydrating Moisturizer,Static_Catalog,2023-04-28,9897,131,331414.0,106,10,,,,,0.013236334242699809,2529.8778625954196
AD_0868,Retargeting Campaign,warm,Sunscreen,DermaGlow UV Shield Sunscreen,Static_Catalog,2023-11-23,16280,203,448928.0,178,19,TXN_001125,2023-11-23,280000.0,Success,0.012469287469287469,2211.4679802955666
AD_0868,Retargeting Campaign,warm,Sunscreen,DermaGlow UV Shield Sunscreen,Static_Catalog,2023-11-23,16280,203,448928.0,178,19,TXN_001124,2023-11-26,540000.0,Success,0.012469287469287469,2211.4679802955666
AD_0868,Retargeting Campaign,warm,Sunscreen,DermaGlow UV Shield Sunscreen,Static_Catalog,2023-11-23,16280,203,448928.0,178,19,TXN_001128,2023-11-24,148000.0,Success,0.012469287469287469,2211.4679802955666
AD_0868,Retargeting Campaign,warm,Sunscreen,DermaGlow UV Shield Sunscreen,Static_Catalog,2023-11-23,16280,203,448928.0,178,19,TXN_001127,2023-11-23,427000.0,Success,0.012469287469287469,2211.4679802955666
AD_0868,Retargeting Campaign,warm,Sunscreen,DermaGlow UV Shield Sunscreen,Static_Catalog,2023-11-23,16280,203,448928.0,178,19,TXN_001130,2023-11-25,419000.0,Success,0.012469287469287469,2211.4679802955666
AD_0204,Retargeting Campaign,warm,Sunscreen,DermaGlow UV Shield Sunscreen,Static_Catalog,2023-06-21,18130,152,296501.0,134,24,TXN_002428,2023-06-21,171000.0,Success,0.008383894098179813,1950.6644736842106
AD_0204,Retargeting Campaign,warm,Sunscreen,DermaGlow UV Shield Sunscreen,Static_Catalog,2023-06-21,18130,152,296501.0,134,24,TXN_002427,2023-06-24,84000.0,Success,0.008383894098179813,1950.6644736842106
AD_0204,Retargeting Campaign,warm,Sunscreen,DermaGlow UV Shield Sunscreen,Static_Catalog,2023-06-21,18130,152,296501.0,134,24,TXN_002426,2023-06-21,216000.0,Success,0.008383894098179813,1950.6644736842106
AD_0204,Retargeting Campaign,warm,Sunscreen,DermaGlow UV Shield Sunscreen,Static_Catalog,2023-06-21,18130,152,296501.0,134,24,TXN_002429,2023-06-22,238000.0,Success,0.008383894098179813,1950.6644736842106
AD_0737,Flash Sale Campaign,cold,Moisturizer,DermaGlow Hydrating Moisturizer,Video_Review,2023-02-11,5282,147,217569.0,127,22,TXN_001335,2023-02-13,511000.0,Success,0.027830367285119274,1480.061224489796
AD_0094,Awareness Campaign,cold,Sunscreen,DermaGlow UV Shield Sunscreen,Static_Catalog,2023-06-21,12287,174,2839487.0,141,7,TXN_001122,2023-06-23,327000.0,Success,0.0141613087002523,16318.8908045977
AD_0094,Awareness Campaign,cold,Sunscreen,DermaGlow UV Shield Sunscreen,Static_Catalog,2023-06-21,12287,174,2839487.0,141,7,TXN_001123,2023-06-22,128000.0,Success,0.0141613087002523,16318.8908045977
AD_0584,Awareness Campaign,cold,Moisturizer,DermaGlow Hydrating Moisturizer,Video_Review,2023-04-13,11908,248,365303.0,216,11,,,,,0.020826335236815586,1472.9959677419354
AD_0069,Awareness Campaign,cold,Serum,DermaGlow Brightening Serum,Video_Review,2023-10-10,11000,269,205570.0,218,11,TXN_001147,2023-10-10,300000.0,Success,0.024454545454545455,764.2007434944238
AD_0069,Awareness Campaign,cold,Serum,DermaGlow Brightening Serum,Video_Review,2023-10-10,11000,269,205570.0,218,11,TXN_001144,2023-10-11,100000.0,Success,0.024454545454545455,764.2007434944238
AD_0069,Awareness Campaign,cold,Serum,DermaGlow Brightening Serum,Video_Review,2023-10-10,11000,269,205570.0,218,11,TXN_001143,2023-10-11,157000.0,Success,0.024454545454545455,764.2007434944238
AD_0069,Awareness Campaign,cold,Serum,DermaGlow Brightening Serum,Video_Review,2023-10-10,11000,269,205570.0,218,11,TXN_001146,2023-10-10,455000.0,Success,0.024454545454545455,764.2007434944238
AD_0651,Awareness Campaign,cold,Cleanser,DermaGlow Gentle Cleanser,Static_Catalog,2023-10-05,11275,160,195965.0,133,10,TXN_001770,2023-10-07,549000.0,Success,0.014190687361419069,1224.78125
AD_0651,Awareness Campaign,cold,Cleanser,DermaGlow Gentle Cleanser,Static_Catalog,2023-10-05,11275,160,195965.0,133,10,TXN_001772,2023-10-08,337000.0,Success,0.014190687361419069,1224.78125
AD_0651,Awareness Campaign,cold,Cleanser,DermaGlow Gentle Cleanser,Static_Catalog,2023-10-05,11275,160,195965.0,133,10,TXN_001768,2023-10-05,173000.0,Success,0.014190687361419069,1224.78125
AD_0651,Awareness Campaign,cold,Cleanser,DermaGlow Gentle Cleanser,Static_Catalog,2023-10-05,11275,160,195965.0,133,10,TXN_001771,2023-10-07,171000.0,Success,0.014190687361419069,1224.78125
AD_0651,Awareness Campaign,cold,Cleanser,DermaGlow Gentle Cleanser,Static_Catalog,2023-10-05,11275,160,195965.0,133,10,TXN_001769,2023-10-08,143000.0,Success,0.014190687361419069,1224.78125
AD_0285,Flash Sale Campaign,cold,Serum,DermaGlow Brightening Serum,Video_Review,2023-07-10,16528,364,307440.0,318,59,,,,,0.02202323330106486,844.6153846153846
AD_0837,Flash Sale Campaign,cold,Serum,DermaGlow Brightening Serum,Static_Catalog,2023-07-01,9036,137,113703.0,120,14,TXN_002188,2023-07-03,456000.0,Success,0.01516157591854803,829.948905109489
AD_0435,Awareness Campaign,cold,Sunscreen,DermaGlow UV Shield Sunscreen,Video_Review,2023-04-02,13411,313,208944.0,258,36,,,,,0.023339050033554545,667.5527156549521
AD_0154,Awareness Campaign,cold,Serum,DermaGlow Brightening Serum,Video_Review,2023-01-31,14561,433,142534.0,353,60,,,,,0.02973696861479294,329.17782909930713
AD_0076,Retargeting Campaign,warm,Sunscreen,DermaGlow UV Shield Sunscreen,Static_Catalog,2023-02-20,11892,112,417623.0,99,16,TXN_002009,2023-02-21,400000.0,Success,0.009418096199125462,3728.776785714286
AD_0076,Retargeting Campaign,warm,Sunscreen,DermaGlow UV Shield Sunscreen,Static_Catalog,2023-02-20,11892,112,417623.0,99,16,TXN_002008,2023-02-22,390000.0,Success,0.009418096199125462,3728.776785714286
AD_0076,Retargeting Campaign,warm,Sunscreen,DermaGlow UV Shield Sunscreen,Static_Catalog,2023-02-20,11892,112,417623.0,99,16,TXN_002010,2023-02-21,92000.0,Success,0.009418096199125462,3728.776785714286
AD_0076,Retargeting Campaign,warm,Sunscreen,DermaGlow UV Shield Sunscreen,Static_Catalog,2023-02-20,11892,112,417623.0,99,16,TXN_002007,2023-02-21,492000.0,Success,0.009418096199125462,3728.776785714286
AD_0762,Retargeting Campaign,warm,Moisturizer,DermaGlow Hydrating Moisturizer,Video_Review,2023-04-24,9428,210,371623.0,186,36,,,,,0.022274077216801018,1769.6333333333334
AD_0447,Flash Sale Campaign,cold,Sunscreen,DermaGlow UV Shield Sunscreen,Static_Catalog,2023-08-23,15706,202,329204.0,169,18,TXN_000354,2023-08-25,107000.0,Success,0.012861326881446582,1629.7227722772277
AD_0447,Flash Sale Campaign,cold,Sunscreen,DermaGlow UV Shield Sunscreen,Static_Catalog,2023-08-23,15706,202,329204.0,169,18,TXN_000351,2023-08-24,265000.0,Success,0.012861326881446582,1629.7227722772277
AD_0447,Flash Sale Campaign,cold,Sunscreen,DermaGlow UV Shield Sunscreen,Static_Catalog,2023-08-23,15706,202,329204.0,169,18,TXN_000355,2023-08-24,478000.0,Success,0.012861326881446582,1629.7227722772277
AD_0447,Flash Sale Campaign,cold,Sunscreen,DermaGlow UV Shield Sunscreen,Static_Catalog,2023-08-23,15706,202,329204.0,169,18,TXN_000352,2023-08-23,317000.0,Success,0.012861326881446582,1629.7227722772277
AD_0447,Flash Sale Campaign,cold,Sunscreen,DermaGlow UV Shield Sunscreen,Static_Catalog,2023-08-23,15706,202,329204.0,169,18,TXN_000359,2023-08-23,284000.0,Success,0.012861326881446582,1629.7227722772277
AD_0447,Flash Sale Campaign,cold,Sunscreen,DermaGlow UV Shield Sunscreen,Static_Catalog,2023-08-23,15706,202,329204.0,169,18,TXN_000353,2023-08-23,420000.0,Success,0.012861326881446582,1629.7227722772277
AD_0447,Flash Sale Campaign,cold,Sunscreen,DermaGlow UV Shield Sunscreen,Static_Catalog,2023-08-23,15706,202,329204.0,169,18,TXN_000356,2023-08-25,312000.0,Success,0.012861326881446582,1629.7227722772277
AD_0447,Flash Sale Campaign,cold,Sunscreen,DermaGlow UV Shield Sunscreen,Static_Catalog,2023-08-23,15706,202,329204.0,169,18,TXN_000357,2023-08-24,296000.0,Success,0.012861326881446582,1629.7227722772277
AD_0189,Flash Sale Campaign,cold,Serum,DermaGlow Brightening Serum,Static_Catalog,2023-08-05,14400,181,17312.0,154,18,,,,,0.012569444444444444,95.646408839779
AD_0272,Awareness Campaign,cold,Moisturizer,DermaGlow Hydrating Moisturizer,Static_Catalog,2023-02-27,11976,102,181816.0,82,8,TXN_002415,2023-03-01,440000.0,Success,0.008517034068136272,1782.5098039215686
AD_0272,Awareness Campaign,cold,Moisturizer,DermaGlow Hydrating Moisturizer,Static_Catalog,2023-02-27,11976,102,181816.0,82,8,TXN_002412,2023-02-28,142000.0,Success,0.008517034068136272,1782.5098039215686
AD_0237,Flash Sale Campaign,cold,Serum,DermaGlow Brightening Serum,Static_Catalog,2023-05-19,12330,162,164027.0,135,15,TXN_001503,2023-05-21,187000.0,Success,0.013138686131386862,1012.5123456790124
AD_0237,Flash Sale Campaign,cold,Serum,DermaGlow Brightening Serum,Static_Catalog,2023-05-19,12330,162,164027.0,135,15,TXN_001501,2023-05-19,160000.0,Success,0.013138686131386862,1012.5123456790124
AD_0488,Flash Sale Campaign,cold,Sunscreen,DermaGlow UV Shield Sunscreen,Static_Catalog,2023-04-15,11305,164,440401.0,145,27,TXN_002073,2023-04-17,295000.0,Success,0.014506855373728438,2685.371951219512
AD_0488,Flash Sale Campaign,cold,Sunscreen,DermaGlow UV Shield Sunscreen,Static_Catalog,2023-04-15,11305,164,440401.0,145,27,TXN_002079,2023-04-15,456000.0,Success,0.014506855373728438,2685.371951219512
AD_0488,Flash Sale Campaign,cold,Sunscreen,DermaGlow UV Shield Sunscreen,Static_Catalog,2023-04-15,11305,164,440401.0,145,27,TXN_002082,2023-04-15,146000.0,Success,0.014506855373728438,2685.371951219512
AD_0488,Flash Sale Campaign,cold,Sunscreen,DermaGlow UV Shield Sunscreen,Static_Catalog,2023-04-15,11305,164,440401.0,145,27,TXN_002081,2023-04-17,268000.0,Success,0.014506855373728438,2685.371951219512
AD_0488,Flash Sale Campaign,cold,Sunscreen,DermaGlow UV Shield Sunscreen,Static_Catalog,2023-04-15,11305,164,440401.0,145,27,TXN_002076,2023-04-17,459000.0,Success,0.014506855373728438,2685.371951219512
AD_0488,Flash Sale Campaign,cold,Sunscreen,DermaGlow UV Shield Sunscreen,Static_Catalog,2023-04-15,11305,164,440401.0,145,27,TXN_002080,2023-04-18,219000.0,Success,0.014506855373728438,2685.371951219512
AD_0488,Flash Sale Campaign,cold,Sunscreen,DermaGlow UV Shield Sunscreen,Static_Catalog,2023-04-15,11305,164,440401.0,145,27,TXN_002072,2023-04-17,304000.0,Success,0.014506855373728438,2685.371951219512
AD_0488,Flash Sale Campaign,cold,Sunscreen,DermaGlow UV Shield Sunscreen,Static_Catalog,2023-04-15,11305,164,440401.0,145,27,TXN_002075,2023-04-17,293000.0,Success,0.014506855373728438,2685.371951219512
AD_0560,Flash Sale Campaign,cold,Sunscreen,DermaGlow UV Shield Sunscreen,Video_Review,2023-01-31,10622,335,128633.0,283,35,TXN_002301,2023-02-03,237000.0,Success,0.03153831670118622,383.97910447761194
AD_0118,Flash Sale Campaign,cold,Moisturizer,DermaGlow Hydrating Moisturizer,Static_Catalog,2023-02-23,10300,99,255232.0,84,13,,,,,0.009611650485436893,2578.10101010101
AD_0852,Flash Sale Campaign,cold,Sunscreen,DermaGlow UV Shield Sunscreen,Static_Catalog,2023-12-29,7358,99,200025.0,88,11,TXN_000953,2023-12-30,219000.0,Success,0.013454743136721936,2020.4545454545455
AD_0852,Flash Sale Campaign,cold,Sunscreen,DermaGlow UV Shield Sunscreen,Static_Catalog,2023-12-29,7358,99,200025.0,88,11,TXN_000954,2023-12-29,542000.0,Success,0.013454743136721936,2020.4545454545455
AD_0852,Flash Sale Campaign,cold,Sunscreen,DermaGlow UV Shield Sunscreen,Static_Catalog,2023-12-29,7358,99,200025.0,88,11,TXN_000955,2023-12-31,218000.0,Success,0.013454743136721936,2020.4545454545455
AD_0852,Flash Sale Campaign,cold,Sunscreen,DermaGlow UV Shield Sunscreen,Static_Catalog,2023-12-29,7358,99,200025.0,88,11,TXN_000956,2023-12-31,322000.0,Success,0.013454743136721936,2020.4545454545455
AD_0513,Flash Sale Campaign,cold,Serum,DermaGlow Brightening Serum,Video_Review,2023-08-25,19782,570,166253.0,497,76,TXN_000487,2023-08-27,415000.0,Success,0.02881407340006066,291.6719298245614
AD_0513,Flash Sale Campaign,cold,Serum,DermaGlow Brightening Serum,Video_Review,2023-08-25,19782,570,166253.0,497,76,TXN_000481,2023-08-28,161000.0,Success,0.02881407340006066,291.6719298245614
AD_0513,Flash Sale Campaign,cold,Serum,DermaGlow Brightening Serum,Video_Review,2023-08-25,19782,570,166253.0,497,76,TXN_000486,2023-08-28,365000.0,Success,0.02881407340006066,291.6719298245614
AD_0513,Flash Sale Campaign,cold,Serum,DermaGlow Brightening Serum,Video_Review,2023-08-25,19782,570,166253.0,497,76,TXN_000484,2023-08-28,485000.0,Success,0.02881407340006066,291.6719298245614
AD_0513,Flash Sale Campaign,cold,Serum,DermaGlow Brightening Serum,Video_Review,2023-08-25,19782,570,166253.0,497,76,TXN_000482,2023-08-26,240000.0,Success,0.02881407340006066,291.6719298245614
AD_0513,Flash Sale Campaign,cold,Serum,DermaGlow Brightening Serum,Video_Review,2023-08-25,19782,570,166253.0,497,76,TXN_000488,2023-08-28,217000.0,Success,0.02881407340006066,291.6719298245614
AD_0579,Awareness Campaign,cold,Cleanser,DermaGlow Gentle Cleanser,Static_Catalog,2023-08-21,14082,217,418903.0,190,19,TXN_000496,2023-08-22,163000.0,Success,0.015409742934242295,1930.4285714285713
AD_0579,Awareness Campaign,cold,Cleanser,DermaGlow Gentle Cleanser,Static_Catalog,2023-08-21,14082,217,418903.0,190,19,TXN_000494,2023-08-22,162000.0,Success,0.015409742934242295,1930.4285714285713
AD_0579,Awareness Campaign,cold,Cleanser,DermaGlow Gentle Cleanser,Static_Catalog,2023-08-21,14082,217,418903.0,190,19,TXN_000491,2023-08-24,477000.0,Success,0.015409742934242295,1930.4285714285713
AD_0579,Awareness Campaign,cold,Cleanser,DermaGlow Gentle Cleanser,Static_Catalog,2023-08-21,14082,217,418903.0,190,19,TXN_000492,2023-08-21,364000.0,Success,0.015409742934242295,1930.4285714285713
AD_0579,Awareness Campaign,cold,Cleanser,DermaGlow Gentle Cleanser,Static_Catalog,2023-08-21,14082,217,418903.0,190,19,TXN_000497,2023-08-24,465000.0,Success,0.015409742934242295,1930.4285714285713
AD_0579,Awareness Campaign,cold,Cleanser,DermaGlow Gentle Cleanser,Static_Catalog,2023-08-21,14082,217,418903.0,190,19,TXN_000493,2023-08-23,446000.0,Success,0.015409742934242295,1930.4285714285713
AD_0828,Retargeting Campaign,warm,Cleanser,DermaGlow Gentle Cleanser,Video_Review,2023-08-21,19726,407,217399.0,362,47,TXN_000194,2023-08-21,165000.0,Success,0.020632667545371592,534.1498771498772
AD_0828,Retargeting Campaign,warm,Cleanser,DermaGlow Gentle Cleanser,Video_Review,2023-08-21,19726,407,217399.0,362,47,TXN_000191,2023-08-23,255000.0,Success,0.020632667545371592,534.1498771498772
AD_0127,Retargeting Campaign,warm,Cleanser,DermaGlow Gentle Cleanser,Video_Review,2023-11-05,14900,448,463476.0,375,47,TXN_001396,2023-11-06,260000.0,Success,0.03006711409395973,1034.544642857143
AD_0127,Retargeting Campaign,warm,Cleanser,DermaGlow Gentle Cleanser,Video_Review,2023-11-05,14900,448,463476.0,375,47,TXN_001395,2023-11-07,498000.0,Success,0.03006711409395973,1034.544642857143
AD_0127,Retargeting Campaign,warm,Cleanser,DermaGlow Gentle Cleanser,Video_Review,2023-11-05,14900,448,463476.0,375,47,TXN_001392,2023-11-06,311000.0,Success,0.03006711409395973,1034.544642857143
AD_0127,Retargeting Campaign,warm,Cleanser,DermaGlow Gentle Cleanser,Video_Review,2023-11-05,14900,448,463476.0,375,47,TXN_001394,2023-11-05,110000.0,Success,0.03006711409395973,1034.544642857143
AD_0117,Flash Sale Campaign,cold,Cleanser,DermaGlow Gentle Cleanser,Static_Catalog,2023-06-27,18271,157,307606.0,129,10,,,,,0.008592852060642548,1959.2738853503186
AD_0474,Awareness Campaign,cold,Moisturizer,DermaGlow Hydrating Moisturizer,Static_Catalog,2023-02-27,12850,111,439629.0,95,17,TXN_001176,2023-02-28,544000.0,Success,0.008638132295719844,3960.6216216216217
AD_0474,Awareness Campaign,cold,Moisturizer,DermaGlow Hydrating Moisturizer,Static_Catalog,2023-02-27,12850,111,439629.0,95,17,TXN_001177,2023-02-27,472000.0,Success,0.008638132295719844,3960.6216216216217
AD_0474,Awareness Campaign,cold,Moisturizer,DermaGlow Hydrating Moisturizer,Static_Catalog,2023-02-27,12850,111,439629.0,95,17,TXN_001175,2023-02-28,265000.0,Success,0.008638132295719844,3960.6216216216217
AD_0724,Awareness Campaign,cold,Sunscreen,DermaGlow UV Shield Sunscreen,Static_Catalog,2023-08-14,7223,97,428030.0,83,15,TXN_000464,2023-08-16,88000.0,Success,0.013429322995985048,4412.680412371134
AD_0724,Awareness Campaign,cold,Sunscreen,DermaGlow UV Shield Sunscreen,Static_Catalog,2023-08-14,7223,97,428030.0,83,15,TXN_000458,2023-08-17,140000.0,Success,0.013429322995985048,4412.680412371134
AD_0724,Awareness Campaign,cold,Sunscreen,DermaGlow UV Shield Sunscreen,Static_Catalog,2023-08-14,7223,97,428030.0,83,15,TXN_000465,2023-08-15,449000.0,Success,0.013429322995985048,4412.680412371134
AD_0724,Awareness Campaign,cold,Sunscreen,DermaGlow UV Shield Sunscreen,Static_Catalog,2023-08-14,7223,97,428030.0,83,15,TXN_000463,2023-08-15,126000.0,Success,0.013429322995985048,4412.680412371134
AD_0724,Awareness Campaign,cold,Sunscreen,DermaGlow UV Shield Sunscreen,Static_Catalog,2023-08-14,7223,97,428030.0,83,15,TXN_000459,2023-08-17,210000.0,Success,0.013429322995985048,4412.680412371134
AD_0724,Awareness Campaign,cold,Sunscreen,DermaGlow UV Shield Sunscreen,Static_Catalog,2023-08-14,7223,97,428030.0,83,15,TXN_000466,2023-08-14,314000.0,Success,0.013429322995985048,4412.680412371134
AD_0724,Awareness Campaign,cold,Sunscreen,DermaGlow UV Shield Sunscreen,Static_Catalog,2023-08-14,7223,97,428030.0,83,15,TXN_000468,2023-08-15,324000.0,Success,0.013429322995985048,4412.680412371134
AD_0724,Awareness Campaign,cold,Sunscreen,DermaGlow UV Shield Sunscreen,Static_Catalog,2023-08-14,7223,97,428030.0,83,15,TXN_000457,2023-08-15,117000.0,Success,0.013429322995985048,4412.680412371134
AD_0724,Awareness Campaign,cold,Sunscreen,DermaGlow UV Shield Sunscreen,Static_Catalog,2023-08-14,7223,97,428030.0,83,15,TXN_000460,2023-08-14,364000.0,Success,0.013429322995985048,4412.680412371134
AD_0724,Awareness Campaign,cold,Sunscreen,DermaGlow UV Shield Sunscreen,Static_Catalog,2023-08-14,7223,97,428030.0,83,15,TXN_000467,2023-08-17,156000.0,Success,0.013429322995985048,4412.680412371134
AD_0058,Retargeting Campaign,warm,Moisturizer,DermaGlow Hydrating Moisturizer,Video_Review,2023-06-14,18911,437,257504.0,388,33,,,,,0.023108243879223733,589.254004576659
AD_0705,Flash Sale Campaign,cold,Sunscreen,DermaGlow UV Shield Sunscreen,Static_Catalog,2023-06-15,14630,163,442016.0,142,8,TXN_000663,2023-06-15,152000.0,Success,0.01114149008885851,2711.754601226994
AD_0705,Flash Sale Campaign,cold,Sunscreen,DermaGlow UV Shield Sunscreen,Static_Catalog,2023-06-15,14630,163,442016.0,142,8,TXN_000655,2023-06-15,363000.0,Success,0.01114149008885851,2711.754601226994
AD_0705,Flash Sale Campaign,cold,Sunscreen,DermaGlow UV Shield Sunscreen,Static_Catalog,2023-06-15,14630,163,442016.0,142,8,TXN_000661,2023-06-15,361000.0,Success,0.01114149008885851,2711.754601226994
AD_0705,Flash Sale Campaign,cold,Sunscreen,DermaGlow UV Shield Sunscreen,Static_Catalog,2023-06-15,14630,163,442016.0,142,8,TXN_000656,2023-06-17,180000.0,Success,0.01114149008885851,2711.754601226994
AD_0705,Flash Sale Campaign,cold,Sunscreen,DermaGlow UV Shield Sunscreen,Static_Catalog,2023-06-15,14630,163,442016.0,142,8,TXN_000653,2023-06-15,285000.0,Success,0.01114149008885851,2711.754601226994
AD_0705,Flash Sale Campaign,cold,Sunscreen,DermaGlow UV Shield Sunscreen,Static_Catalog,2023-06-15,14630,163,442016.0,142,8,TXN_000659,2023-06-15,455000.0,Success,0.01114149008885851,2711.754601226994
AD_0705,Flash Sale Campaign,cold,Sunscreen,DermaGlow UV Shield Sunscreen,Static_Catalog,2023-06-15,14630,163,442016.0,142,8,TXN_000660,2023-06-18,350000.0,Success,0.01114149008885851,2711.754601226994
AD_0949,Retargeting Campaign,warm,Moisturizer,DermaGlow Hydrating Moisturizer,Static_Catalog,2023-09-14,7037,61,403564.0,49,7,TXN_000448,2023-09-14,113000.0,Success,0.0086684666761404,6615.803278688524
AD_0949,Retargeting Campaign,warm,Moisturizer,DermaGlow Hydrating Moisturizer,Static_Catalog,2023-09-14,7037,61,403564.0,49,7,TXN_000447,2023-09-16,89000.0,Success,0.0086684666761404,6615.803278688524
AD_0370,Awareness Campaign,cold,Moisturizer,DermaGlow Hydrating Moisturizer,Static_Catalog,2023-08-16,14927,231,155841.0,207,11,TXN_000211,2023-08-18,261000.0,Success,0.015475313190862197,674.6363636363636
AD_0370,Awareness Campaign,cold,Moisturizer,DermaGlow Hydrating Moisturizer,Static_Catalog,2023-08-16,14927,231,155841.0,207,11,TXN_000209,2023-08-19,382000.0,Success,0.015475313190862197,674.6363636363636
AD_0370,Awareness Campaign,cold,Moisturizer,DermaGlow Hydrating Moisturizer,Static_Catalog,2023-08-16,14927,231,155841.0,207,11,TXN_000206,2023-08-16,159000.0,Success,0.015475313190862197,674.6363636363636
AD_0370,Awareness Campaign,cold,Moisturizer,DermaGlow Hydrating Moisturizer,Static_Catalog,2023-08-16,14927,231,155841.0,207,11,TXN_000208,2023-08-19,385000.0,Success,0.015475313190862197,674.6363636363636
AD_0370,Awareness Campaign,cold,Moisturizer,DermaGlow Hydrating Moisturizer,Static_Catalog,2023-08-16,14927,231,155841.0,207,11,TXN_000210,2023-08-16,421000.0,Success,0.015475313190862197,674.6363636363636
AD_0370,Awareness Campaign,cold,Moisturizer,DermaGlow Hydrating Moisturizer,Static_Catalog,2023-08-16,14927,231,155841.0,207,11,TXN_000207,2023-08-18,432000.0,Success,0.015475313190862197,674.6363636363636
AD_0269,Awareness Campaign,cold,Serum,DermaGlow Brightening Serum,Static_Catalog,2023-04-22,11985,140,196111.0,118,19,,,,,0.011681268251981644,1400.7928571428572
AD_0047,Flash Sale Campaign,cold,Serum,DermaGlow Brightening Serum,Video_Review,2023-06-09,8687,240,111938.0,207,24,,,,,0.027627489351905146,466.40833333333336
AD_0350,Retargeting Campaign,warm,Serum,DermaGlow Brightening Serum,Static_Catalog,2023-02-22,9100,121,390316.0,101,10,,,,,0.013296703296703297,3225.7520661157023
AD_0196,Flash Sale Campaign,cold,Moisturizer,DermaGlow Hydrating Moisturizer,Video_Review,2023-05-09,16013,436,151924.0,362,37,TXN_000283,2023-05-10,309000.0,Success,0.027227877349653408,348.44954128440367
AD_0196,Flash Sale Campaign,cold,Moisturizer,DermaGlow Hydrating Moisturizer,Video_Review,2023-05-09,16013,436,151924.0,362,37,TXN_000282,2023-05-09,287000.0,Success,0.027227877349653408,348.44954128440367
AD_0196,Flash Sale Campaign,cold,Moisturizer,DermaGlow Hydrating Moisturizer,Video_Review,2023-05-09,16013,436,151924.0,362,37,TXN_000284,2023-05-10,312000.0,Success,0.027227877349653408,348.44954128440367
AD_0196,Flash Sale Campaign,cold,Moisturizer,DermaGlow Hydrating Moisturizer,Video_Review,2023-05-09,16013,436,151924.0,362,37,TXN_000281,2023-05-10,139000.0,Success,0.027227877349653408,348.44954128440367
AD_0103,Retargeting Campaign,warm,Moisturizer,DermaGlow Hydrating Moisturizer,Video_Review,2023-10-30,13359,354,491182.0,311,22,,,,,0.026498989445317762,1387.5197740112994
AD_0869,Awareness Campaign,cold,Sunscreen,DermaGlow UV Shield Sunscreen,Video_Review,2023-03-29,7789,182,486688.0,147,14,,,,,0.02336628578764925,2674.1098901098903
AD_0722,Retargeting Campaign,warm,Serum,DermaGlow Brightening Serum,Video_Review,2023-04-08,6932,169,196058.0,150,17,,,,,0.024379688401615696,1160.1065088757396
AD_0768,Retargeting Campaign,warm,Cleanser,DermaGlow Gentle Cleanser,Static_Catalog,2023-03-13,8782,87,302821.0,76,9,,,,,0.009906627191983602,3480.7011494252874
AD_0264,Flash Sale Campaign,cold,Moisturizer,DermaGlow Hydrating Moisturizer,Video_Review,2023-07-15,14614,260,166707.0,211,38,,,,,0.01779115916244697,641.1807692307692
AD_0444,Awareness Campaign,cold,Cleanser,DermaGlow Gentle Cleanser,Static_Catalog,2023-06-25,14867,159,164286.0,139,21,TXN_000691,2023-06-28,269000.0,Success,0.010694827470236094,1033.245283018868
AD_0444,Awareness Campaign,cold,Cleanser,DermaGlow Gentle Cleanser,Static_Catalog,2023-06-25,14867,159,164286.0,139,21,TXN_000690,2023-06-28,395000.0,Success,0.010694827470236094,1033.245283018868
AD_0706,Retargeting Campaign,warm,Moisturizer,DermaGlow Hydrating Moisturizer,Static_Catalog,2023-06-27,13523,208,393313.0,175,23,,,,,0.015381202395918066,1890.9278846153845
AD_0305,Retargeting Campaign,warm,Serum,DermaGlow Brightening Serum,Static_Catalog,2023-11-20,17878,235,329010.0,202,26,TXN_002452,2023-11-20,161000.0,Success,0.01314464705224298,1400.0425531914893
AD_0305,Retargeting Campaign,warm,Serum,DermaGlow Brightening Serum,Static_Catalog,2023-11-20,17878,235,329010.0,202,26,TXN_002456,2023-11-22,182000.0,Success,0.01314464705224298,1400.0425531914893
AD_0305,Retargeting Campaign,warm,Serum,DermaGlow Brightening Serum,Static_Catalog,2023-11-20,17878,235,329010.0,202,26,TXN_002457,2023-11-20,68000.0,Success,0.01314464705224298,1400.0425531914893
AD_0305,Retargeting Campaign,warm,Serum,DermaGlow Brightening Serum,Static_Catalog,2023-11-20,17878,235,329010.0,202,26,TXN_002454,2023-11-23,336000.0,Success,0.01314464705224298,1400.0425531914893
AD_0305,Retargeting Campaign,warm,Serum,DermaGlow Brightening Serum,Static_Catalog,2023-11-20,17878,235,329010.0,202,26,TXN_002453,2023-11-21,425000.0,Success,0.01314464705224298,1400.0425531914893
AD_0305,Retargeting Campaign,warm,Serum,DermaGlow Brightening Serum,Static_Catalog,2023-11-20,17878,235,329010.0,202,26,TXN_002455,2023-11-20,328000.0,Success,0.01314464705224298,1400.0425531914893
AD_0342,Flash Sale Campaign,cold,Moisturizer,DermaGlow Hydrating Moisturizer,Video_Review,2023-04-17,12793,284,213550.0,253,28,,,,,0.022199640428359257,751.9366197183099
AD_0627,Retargeting Campaign,warm,Cleanser,DermaGlow Gentle Cleanser,Static_Catalog,2023-03-06,12823,191,292376.0,168,33,TXN_002322,2023-03-09,368000.0,Success,0.014895110348592373,1530.764397905759
AD_0627,Retargeting Campaign,warm,Cleanser,DermaGlow Gentle Cleanser,Static_Catalog,2023-03-06,12823,191,292376.0,168,33,TXN_002327,2023-03-09,294000.0,Success,0.014895110348592373,1530.764397905759
AD_0627,Retargeting Campaign,warm,Cleanser,DermaGlow Gentle Cleanser,Static_Catalog,2023-03-06,12823,191,292376.0,168,33,TXN_002326,2023-03-06,463000.0,Success,0.014895110348592373,1530.764397905759
AD_0627,Retargeting Campaign,warm,Cleanser,DermaGlow Gentle Cleanser,Static_Catalog,2023-03-06,12823,191,292376.0,168,33,TXN_002320,2023-03-08,396000.0,Success,0.014895110348592373,1530.764397905759
AD_0627,Retargeting Campaign,warm,Cleanser,DermaGlow Gentle Cleanser,Static_Catalog,2023-03-06,12823,191,292376.0,168,33,TXN_002323,2023-03-08,416000.0,Success,0.014895110348592373,1530.764397905759
AD_0627,Retargeting Campaign,warm,Cleanser,DermaGlow Gentle Cleanser,Static_Catalog,2023-03-06,12823,191,292376.0,168,33,TXN_002321,2023-03-06,136000.0,Success,0.014895110348592373,1530.764397905759
AD_0627,Retargeting Campaign,warm,Cleanser,DermaGlow Gentle Cleanser,Static_Catalog,2023-03-06,12823,191,292376.0,168,33,TXN_002328,2023-03-06,513000.0,Success,0.014895110348592373,1530.764397905759
AD_0627,Retargeting Campaign,warm,Cleanser,DermaGlow Gentle Cleanser,Static_Catalog,2023-03-06,12823,191,292376.0,168,33,TXN_002325,2023-03-08,433000.0,Success,0.014895110348592373,1530.764397905759
AD_0150,Flash Sale Campaign,cold,Serum,DermaGlow Brightening Serum,Static_Catalog,2023-09-08,16105,144,488411.0,116,21,TXN_001780,2023-09-09,370000.0,Success,0.008941322570630239,3391.7430555555557
AD_0150,Flash Sale Campaign,cold,Serum,DermaGlow Brightening Serum,Static_Catalog,2023-09-08,16105,144,488411.0,116,21,TXN_001779,2023-09-08,308000.0,Success,0.008941322570630239,3391.7430555555557
AD_0150,Flash Sale Campaign,cold,Serum,DermaGlow Brightening Serum,Static_Catalog,2023-09-08,16105,144,488411.0,116,21,TXN_001781,2023-09-08,147000.0,Success,0.008941322570630239,3391.7430555555557
AD_0125,Retargeting Campaign,warm,Sunscreen,DermaGlow UV Shield Sunscreen,Video_Review,2023-03-16,17367,334,288456.0,276,36,,,,,0.019231876547475095,863.6407185628742
AD_0818,Flash Sale Campaign,cold,Serum,DermaGlow Brightening Serum,Static_Catalog,2023-05-07,8551,118,307440.0,96,12,TXN_001242,2023-05-07,163000.0,Success,0.013799555607531282,2605.423728813559
AD_0818,Flash Sale Campaign,cold,Serum,DermaGlow Brightening Serum,Static_Catalog,2023-05-07,8551,118,307440.0,96,12,TXN_001239,2023-05-08,270000.0,Success,0.013799555607531282,2605.423728813559
AD_0856,Retargeting Campaign,warm,Cleanser,DermaGlow Gentle Cleanser,Video_Review,2023-07-24,11086,263,451910.0,210,12,TXN_001402,2023-07-26,85000.0,Success,0.023723615370737867,1718.2889733840304
AD_0856,Retargeting Campaign,warm,Cleanser,DermaGlow Gentle Cleanser,Video_Review,2023-07-24,11086,263,451910.0,210,12,TXN_001403,2023-07-25,177000.0,Success,0.023723615370737867,1718.2889733840304
AD_0051,Awareness Campaign,cold,Moisturizer,DermaGlow Hydrating Moisturizer,Video_Review,2023-09-06,12988,373,409439.0,319,50,TXN_002393,2023-09-06,369000.0,Success,0.028718817369879888,1097.6916890080429
AD_0051,Awareness Campaign,cold,Moisturizer,DermaGlow Hydrating Moisturizer,Video_Review,2023-09-06,12988,373,409439.0,319,50,TXN_002391,2023-09-06,384000.0,Success,0.028718817369879888,1097.6916890080429
AD_0051,Awareness Campaign,cold,Moisturizer,DermaGlow Hydrating Moisturizer,Video_Review,2023-09-06,12988,373,409439.0,319,50,TXN_002392,2023-09-09,124000.0,Success,0.028718817369879888,1097.6916890080429
AD_0354,Awareness Campaign,cold,Moisturizer,DermaGlow Hydrating Moisturizer,Video_Review,2023-02-24,9803,265,499371.0,212,20,TXN_001063,2023-02-26,469000.0,Success,0.027032541058859532,1884.4188679245283
AD_0967,Flash Sale Campaign,cold,Moisturizer,DermaGlow Hydrating Moisturizer,Static_Catalog,2023-12-04,10138,98,493887.0,85,6,TXN_001801,2023-12-06,556000.0,Success,0.00966660090747682,5039.663265306122
AD_0143,Awareness Campaign,cold,Cleanser,DermaGlow Gentle Cleanser,Video_Review,2023-03-14,15056,416,143001.0,365,32,TXN_001093,2023-03-16,65000.0,Success,0.02763018065887354,343.75240384615387
AD_0400,Flash Sale Campaign,cold,Sunscreen,DermaGlow UV Shield Sunscreen,Static_Catalog,2023-11-05,6742,83,112360.0,72,10,,,,,0.012310886977158113,1353.7349397590363
AD_0654,Awareness Campaign,cold,Moisturizer,DermaGlow Hydrating Moisturizer,Video_Review,2023-11-24,9940,238,386198.0,207,39,TXN_001577,2023-11-26,215000.0,Success,0.023943661971830985,1622.6806722689075
AD_0654,Awareness Campaign,cold,Moisturizer,DermaGlow Hydrating Moisturizer,Video_Review,2023-11-24,9940,238,386198.0,207,39,TXN_001575,2023-11-27,87000.0,Success,0.023943661971830985,1622.6806722689075
AD_0321,Awareness Campaign,cold,Sunscreen,DermaGlow UV Shield Sunscreen,Static_Catalog,2023-05-19,13652,212,382363.0,175,17,TXN_001512,2023-05-22,206000.0,Success,0.015528860240257838,1803.5990566037735
AD_0321,Awareness Campaign,cold,Sunscreen,DermaGlow UV Shield Sunscreen,Static_Catalog,2023-05-19,13652,212,382363.0,175,17,TXN_001515,2023-05-22,181000.0,Success,0.015528860240257838,1803.5990566037735
AD_0321,Awareness Campaign,cold,Sunscreen,DermaGlow UV Shield Sunscreen,Static_Catalog,2023-05-19,13652,212,382363.0,175,17,TXN_001513,2023-05-22,433000.0,Success,0.015528860240257838,1803.5990566037735
AD_0321,Awareness Campaign,cold,Sunscreen,DermaGlow UV Shield Sunscreen,Static_Catalog,2023-05-19,13652,212,382363.0,175,17,TXN_001510,2023-05-21,195000.0,Success,0.015528860240257838,1803.5990566037735
AD_0321,Awareness Campaign,cold,Sunscreen,DermaGlow UV Shield Sunscreen,Static_Catalog,2023-05-19,13652,212,382363.0,175,17,TXN_001514,2023-05-19,185000.0,Success,0.015528860240257838,1803.5990566037735
AD_0321,Awareness Campaign,cold,Sunscreen,DermaGlow UV Shield Sunscreen,Static_Catalog,2023-05-19,13652,212,382363.0,175,17,TXN_001509,2023-05-20,173000.0,Success,0.015528860240257838,1803.5990566037735
AD_0321,Awareness Campaign,cold,Sunscreen,DermaGlow UV Shield Sunscreen,Static_Catalog,2023-05-19,13652,212,382363.0,175,17,TXN_001507,2023-05-22,251000.0,Success,0.015528860240257838,1803.5990566037735
AD_0321,Awareness Campaign,cold,Sunscreen,DermaGlow UV Shield Sunscreen,Static_Catalog,2023-05-19,13652,212,382363.0,175,17,TXN_001508,2023-05-20,391000.0,Success,0.015528860240257838,1803.5990566037735
AD_0321,Awareness Campaign,cold,Sunscreen,DermaGlow UV Shield Sunscreen,Static_Catalog,2023-05-19,13652,212,382363.0,175,17,TXN_001505,2023-05-21,286000.0,Success,0.015528860240257838,1803.5990566037735
AD_0321,Awareness Campaign,cold,Sunscreen,DermaGlow UV Shield Sunscreen,Static_Catalog,2023-05-19,13652,212,382363.0,175,17,TXN_001516,2023-05-19,276000.0,Success,0.015528860240257838,1803.5990566037735
AD_0020,Awareness Campaign,cold,Moisturizer,DermaGlow Hydrating Moisturizer,Video_Review,2023-05-06,6707,162,257381.0,133,20,,,,,0.02415386909199344,1588.7716049382716
AD_0843,Flash Sale Campaign,cold,Sunscreen,DermaGlow UV Shield Sunscreen,Static_Catalog,2023-11-11,6726,88,288297.0,74,12,,,,,0.013083556348498365,3276.1022727272725
AD_0947,Retargeting Campaign,warm,Moisturizer,DermaGlow Hydrating Moisturizer,Static_Catalog,2023-07-17,15759,216,375236.0,176,18,TXN_000606,2023-07-18,254000.0,Success,0.013706453455168474,1737.2037037037037
AD_0947,Retargeting Campaign,warm,Moisturizer,DermaGlow Hydrating Moisturizer,Static_Catalog,2023-07-17,15759,216,375236.0,176,18,TXN_000608,2023-07-18,228000.0,Success,0.013706453455168474,1737.2037037037037
AD_0947,Retargeting Campaign,warm,Moisturizer,DermaGlow Hydrating Moisturizer,Static_Catalog,2023-07-17,15759,216,375236.0,176,18,TXN_000607,2023-07-19,116000.0,Success,0.013706453455168474,1737.2037037037037
AD_0947,Retargeting Campaign,warm,Moisturizer,DermaGlow Hydrating Moisturizer,Static_Catalog,2023-07-17,15759,216,375236.0,176,18,TXN_000609,2023-07-20,319000.0,Success,0.013706453455168474,1737.2037037037037
AD_0842,Awareness Campaign,cold,Cleanser,DermaGlow Gentle Cleanser,Static_Catalog,2023-12-30,14018,144,377331.0,125,22,,,,,0.010272506777000999,2620.3541666666665
AD_0408,Flash Sale Campaign,cold,Serum,DermaGlow Brightening Serum,Static_Catalog,2023-06-10,6629,101,429041.0,88,15,,,,,0.015236083873887463,4247.930693069307
AD_0538,Retargeting Campaign,warm,Sunscreen,DermaGlow UV Shield Sunscreen,Video_Review,2023-12-31,10060,275,291591.0,223,25,TXN_000582,2023-12-31,111000.0,Success,0.027335984095427434,1060.330909090909
AD_0538,Retargeting Campaign,warm,Sunscreen,DermaGlow UV Shield Sunscreen,Video_Review,2023-12-31,10060,275,291591.0,223,25,TXN_000583,2024-01-03,98000.0,Success,0.027335984095427434,1060.330909090909
AD_0880,Awareness Campaign,cold,Serum,DermaGlow Brightening Serum,Static_Catalog,2023-11-16,12190,117,104331.0,98,17,,,,,0.009598031173092698,891.7179487179487
AD_0039,Awareness Campaign,cold,Cleanser,DermaGlow Gentle Cleanser,Video_Review,2023-03-01,7004,170,297484.0,139,15,TXN_002026,2023-03-02,183000.0,Success,0.024271844660194174,1749.9058823529413
AD_0176,Flash Sale Campaign,cold,Cleanser,DermaGlow Gentle Cleanser,Video_Review,2023-10-27,14057,383,268484.0,344,67,,,,,0.02724621185174646,701.0026109660574
AD_0246,Awareness Campaign,cold,Serum,DermaGlow Brightening Serum,Video_Review,2023-07-08,13706,301,446130.0,245,15,TXN_000182,2023-07-08,226000.0,Success,0.021961184882533197,1482.1594684385382
AD_0246,Awareness Campaign,cold,Serum,DermaGlow Brightening Serum,Video_Review,2023-07-08,13706,301,446130.0,245,15,TXN_000181,2023-07-10,405000.0,Success,0.021961184882533197,1482.1594684385382
AD_0938,Flash Sale Campaign,cold,Sunscreen,DermaGlow UV Shield Sunscreen,Video_Review,2023-07-15,12986,317,420037.0,283,29,TXN_002346,2023-07-18,340000.0,Success,0.02441090405051594,1325.0378548895899
AD_0698,Flash Sale Campaign,cold,Cleanser,DermaGlow Gentle Cleanser,Static_Catalog,2023-07-16,7775,68,348003.0,58,8,TXN_002405,2023-07-19,264000.0,Success,0.008745980707395499,5117.691176470588
AD_0698,Flash Sale Campaign,cold,Cleanser,DermaGlow Gentle Cleanser,Static_Catalog,2023-07-16,7775,68,348003.0,58,8,TXN_002406,2023-07-17,158000.0,Success,0.008745980707395499,5117.691176470588
AD_0698,Flash Sale Campaign,cold,Cleanser,DermaGlow Gentle Cleanser,Static_Catalog,2023-07-16,7775,68,348003.0,58,8,TXN_001097,2023-07-18,169000.0,Success,0.008745980707395499,5117.691176470588
AD_0698,Flash Sale Campaign,cold,Cleanser,DermaGlow Gentle Cleanser,Static_Catalog,2023-07-16,7775,68,348003.0,58,8,TXN_002407,2023-07-19,481000.0,Success,0.008745980707395499,5117.691176470588
AD_0786,Awareness Campaign,cold,Cleanser,DermaGlow Gentle Cleanser,Video_Review,2023-01-15,12492,262,259912.0,229,39,,,,,0.020973422990714058,992.0305343511451
AD_0894,Flash Sale Campaign,cold,Moisturizer,DermaGlow Hydrating Moisturizer,Video_Review,2023-06-02,12247,282,432343.0,251,48,TXN_001743,2023-06-05,462000.0,Success,0.023026047195231485,1533.1312056737588
AD_0155,Retargeting Campaign,warm,Moisturizer,DermaGlow Hydrating Moisturizer,Video_Review,2023-01-12,12343,231,175418.0,207,29,TXN_002224,2023-01-12,321000.0,Success,0.018715061168273515,759.3852813852814
AD_0288,Retargeting Campaign,warm,Sunscreen,DermaGlow UV Shield Sunscreen,Static_Catalog,2023-10-08,9249,142,153909.0,125,11,TXN_000706,2023-10-11,238000.0,Success,0.015353011136339063,1083.8661971830986
AD_0288,Retargeting Campaign,warm,Sunscreen,DermaGlow UV Shield Sunscreen,Static_Catalog,2023-10-08,9249,142,153909.0,125,11,TXN_000707,2023-10-10,391000.0,Success,0.015353011136339063,1083.8661971830986
AD_0288,Retargeting Campaign,warm,Sunscreen,DermaGlow UV Shield Sunscreen,Static_Catalog,2023-10-08,9249,142,153909.0,125,11,TXN_000709,2023-10-09,359000.0,Success,0.015353011136339063,1083.8661971830986
AD_0288,Retargeting Campaign,warm,Sunscreen,DermaGlow UV Shield Sunscreen,Static_Catalog,2023-10-08,9249,142,153909.0,125,11,TXN_000710,2023-10-08,264000.0,Success,0.015353011136339063,1083.8661971830986
AD_0631,Retargeting Campaign,warm,Moisturizer,DermaGlow Hydrating Moisturizer,Video_Review,2023-02-05,13895,267,201444.0,217,35,,,,,0.019215545160129542,754.4719101123595
AD_0570,Awareness Campaign,cold,Sunscreen,DermaGlow UV Shield Sunscreen,Video_Review,2023-01-08,13531,333,142674.0,268,16,,,,,0.024610154460128594,428.45045045045043
AD_0775,Flash Sale Campaign,cold,Serum,DermaGlow Brightening Serum,Static_Catalog,2023-01-31,14961,231,481433.0,203,28,,,,,0.015440144375375978,2084.125541125541
AD_0018,Flash Sale Campaign,cold,Sunscreen,DermaGlow UV Shield Sunscreen,Static_Catalog,2023-06-09,10304,116,413149.0,104,20,TXN_000951,2023-06-09,261000.0,Success,0.01125776397515528,3561.6293103448274
AD_0018,Flash Sale Campaign,cold,Sunscreen,DermaGlow UV Shield Sunscreen,Static_Catalog,2023-06-09,10304,116,413149.0,104,20,TXN_000948,2023-06-09,310000.0,Success,0.01125776397515528,3561.6293103448274
AD_0128,Retargeting Campaign,warm,Cleanser,DermaGlow Gentle Cleanser,Static_Catalog,2023-12-29,11788,150,153276.0,125,11,TXN_000384,2023-12-29,497000.0,Success,0.012724804886325077,1021.84
AD_0128,Retargeting Campaign,warm,Cleanser,DermaGlow Gentle Cleanser,Static_Catalog,2023-12-29,11788,150,153276.0,125,11,TXN_000385,2023-12-31,430000.0,Success,0.012724804886325077,1021.84
AD_0323,Awareness Campaign,cold,Serum,DermaGlow Brightening Serum,Video_Review,2023-11-06,10211,184,144789.0,161,11,TXN_000287,2023-11-08,486000.0,Success,0.01801978258740574,786.8967391304348
AD_0323,Awareness Campaign,cold,Serum,DermaGlow Brightening Serum,Video_Review,2023-11-06,10211,184,144789.0,161,11,TXN_000286,2023-11-06,433000.0,Success,0.01801978258740574,786.8967391304348
AD_0323,Awareness Campaign,cold,Serum,DermaGlow Brightening Serum,Video_Review,2023-11-06,10211,184,144789.0,161,11,TXN_000285,2023-11-09,287000.0,Success,0.01801978258740574,786.8967391304348
AD_0256,Awareness Campaign,cold,Sunscreen,DermaGlow UV Shield Sunscreen,Static_Catalog,2023-09-08,8019,84,177984.0,70,10,,,,,0.010475121586232696,2118.8571428571427
AD_0993,Awareness Campaign,cold,Moisturizer,DermaGlow Hydrating Moisturizer,Static_Catalog,2023-12-13,19103,253,294387.0,220,22,,,,,0.013243993090090563,1163.5849802371542
AD_0131,Awareness Campaign,cold,Moisturizer,DermaGlow Hydrating Moisturizer,Video_Review,2023-10-23,8240,231,183559.0,194,16,TXN_001331,2023-10-26,281000.0,Success,0.028033980582524272,794.6277056277056
AD_0131,Awareness Campaign,cold,Moisturizer,DermaGlow Hydrating Moisturizer,Video_Review,2023-10-23,8240,231,183559.0,194,16,TXN_002441,2023-10-25,401000.0,Success,0.028033980582524272,794.6277056277056
AD_0131,Awareness Campaign,cold,Moisturizer,DermaGlow Hydrating Moisturizer,Video_Review,2023-10-23,8240,231,183559.0,194,16,TXN_002440,2023-10-26,290000.0,Success,0.028033980582524272,794.6277056277056
AD_0131,Awareness Campaign,cold,Moisturizer,DermaGlow Hydrating Moisturizer,Video_Review,2023-10-23,8240,231,183559.0,194,16,TXN_002442,2023-10-26,140000.0,Success,0.028033980582524272,794.6277056277056
AD_0131,Awareness Campaign,cold,Moisturizer,DermaGlow Hydrating Moisturizer,Video_Review,2023-10-23,8240,231,183559.0,194,16,TXN_002439,2023-10-25,229000.0,Success,0.028033980582524272,794.6277056277056
AD_0191,Flash Sale Campaign,cold,Cleanser,DermaGlow Gentle Cleanser,Video_Review,2023-12-18,16710,336,148320.0,296,56,TXN_001138,2023-12-18,444000.0,Success,0.020107719928186715,441.42857142857144
AD_0191,Flash Sale Campaign,cold,Cleanser,DermaGlow Gentle Cleanser,Video_Review,2023-12-18,16710,336,148320.0,296,56,TXN_001139,2023-12-20,305000.0,Success,0.020107719928186715,441.42857142857144
AD_0191,Flash Sale Campaign,cold,Cleanser,DermaGlow Gentle Cleanser,Video_Review,2023-12-18,16710,336,148320.0,296,56,TXN_001140,2023-12-18,357000.0,Success,0.020107719928186715,441.42857142857144
AD_0116,Awareness Campaign,cold,Cleanser,DermaGlow Gentle Cleanser,Video_Review,2023-02-24,11873,255,437773.0,217,36,TXN_000100,2023-02-27,191000.0,Success,0.02147730144024257,1716.756862745098
AD_0116,Awareness Campaign,cold,Cleanser,DermaGlow Gentle Cleanser,Video_Review,2023-02-24,11873,255,437773.0,217,36,TXN_000102,2023-02-25,119000.0,Success,0.02147730144024257,1716.756862745098
AD_0645,Flash Sale Campaign,cold,Serum,DermaGlow Brightening Serum,Static_Catalog,2023-12-22,8212,113,240416.0,90,9,TXN_001296,2023-12-25,176000.0,Success,0.013760350706283488,2127.575221238938
AD_0645,Flash Sale Campaign,cold,Serum,DermaGlow Brightening Serum,Static_Catalog,2023-12-22,8212,113,240416.0,90,9,TXN_001295,2023-12-24,331000.0,Success,0.013760350706283488,2127.575221238938
AD_0607,Flash Sale Campaign,cold,Cleanser,DermaGlow Gentle Cleanser,Video_Review,2023-07-06,19002,558,273615.0,492,76,TXN_001695,2023-07-09,129000.0,Success,0.029365329965266813,490.3494623655914
AD_0607,Flash Sale Campaign,cold,Cleanser,DermaGlow Gentle Cleanser,Video_Review,2023-07-06,19002,558,273615.0,492,76,TXN_001698,2023-07-06,139000.0,Success,0.029365329965266813,490.3494623655914
AD_0607,Flash Sale Campaign,cold,Cleanser,DermaGlow Gentle Cleanser,Video_Review,2023-07-06,19002,558,273615.0,492,76,TXN_001696,2023-07-06,202000.0,Success,0.029365329965266813,490.3494623655914
AD_0181,Retargeting Campaign,warm,Cleanser,DermaGlow Gentle Cleanser,Static_Catalog,2023-08-28,18561,187,297415.5,159,17,TXN_001455,2023-08-28,138000.0,Success,0.010074888206454394,1590.457219251337
AD_0181,Retargeting Campaign,warm,Cleanser,DermaGlow Gentle Cleanser,Static_Catalog,2023-08-28,18561,187,297415.5,159,17,TXN_001457,2023-08-29,300000.0,Success,0.010074888206454394,1590.457219251337
AD_0181,Retargeting Campaign,warm,Cleanser,DermaGlow Gentle Cleanser,Static_Catalog,2023-08-28,18561,187,297415.5,159,17,TXN_001453,2023-08-31,225000.0,Success,0.010074888206454394,1590.457219251337
AD_0181,Retargeting Campaign,warm,Cleanser,DermaGlow Gentle Cleanser,Static_Catalog,2023-08-28,18561,187,297415.5,159,17,TXN_001458,2023-08-29,245000.0,Success,0.010074888206454394,1590.457219251337
AD_0181,Retargeting Campaign,warm,Cleanser,DermaGlow Gentle Cleanser,Static_Catalog,2023-08-28,18561,187,297415.5,159,17,TXN_001452,2023-08-30,350000.0,Success,0.010074888206454394,1590.457219251337
AD_0181,Retargeting Campaign,warm,Cleanser,DermaGlow Gentle Cleanser,Static_Catalog,2023-08-28,18561,187,297415.5,159,17,TXN_001454,2023-08-29,475000.0,Success,0.010074888206454394,1590.457219251337
AD_0302,Flash Sale Campaign,cold,Sunscreen,DermaGlow UV Shield Sunscreen,Video_Review,2023-07-02,9492,262,330893.0,235,16,TXN_000622,2023-07-04,413000.0,Success,0.02760219131900548,1262.9503816793892
AD_0791,Retargeting Campaign,warm,Serum,DermaGlow Brightening Serum,Static_Catalog,2023-12-07,12519,120,464765.0,99,5,TXN_001776,2023-12-07,106000.0,Success,0.00958543014617781,3873.0416666666665
AD_0791,Retargeting Campaign,warm,Serum,DermaGlow Brightening Serum,Static_Catalog,2023-12-07,12519,120,464765.0,99,5,TXN_001777,2023-12-09,341000.0,Success,0.00958543014617781,3873.0416666666665
AD_0744,Awareness Campaign,cold,Serum,DermaGlow Brightening Serum,Video_Review,2023-12-23,12169,378,307302.0,310,40,TXN_000716,2023-12-25,419000.0,Success,0.031062535952009203,812.968253968254
AD_0744,Awareness Campaign,cold,Serum,DermaGlow Brightening Serum,Video_Review,2023-12-23,12169,378,307302.0,310,40,TXN_000717,2023-12-24,329000.0,Success,0.031062535952009203,812.968253968254
AD_0744,Awareness Campaign,cold,Serum,DermaGlow Brightening Serum,Video_Review,2023-12-23,12169,378,307302.0,310,40,TXN_000718,2023-12-26,523000.0,Success,0.031062535952009203,812.968253968254
AD_0755,Flash Sale Campaign,cold,Serum,DermaGlow Brightening Serum,Video_Review,2023-04-02,9615,240,384907.0,207,41,,,,,0.0249609984399376,1603.7791666666667
AD_0716,Retargeting Campaign,warm,Cleanser,DermaGlow Gentle Cleanser,Static_Catalog,2023-06-22,10959,118,485546.0,102,7,TXN_002316,2023-06-22,155000.0,Success,0.01076740578519938,4114.796610169492
AD_0716,Retargeting Campaign,warm,Cleanser,DermaGlow Gentle Cleanser,Static_Catalog,2023-06-22,10959,118,485546.0,102,7,TXN_002317,2023-06-22,416000.0,Success,0.01076740578519938,4114.796610169492
AD_0716,Retargeting Campaign,warm,Cleanser,DermaGlow Gentle Cleanser,Static_Catalog,2023-06-22,10959,118,485546.0,102,7,TXN_002318,2023-06-25,196000.0,Success,0.01076740578519938,4114.796610169492
AD_0793,Retargeting Campaign,warm,Cleanser,DermaGlow Gentle Cleanser,Video_Review,2023-06-02,18867,518,148037.0,436,72,,,,,0.027455345311920284,285.7857142857143
AD_0518,Flash Sale Campaign,cold,Sunscreen,DermaGlow UV Shield Sunscreen,Video_Review,2023-03-04,7059,166,128202.0,146,12,,,,,0.023516078764697548,772.3012048192771
AD_0373,Retargeting Campaign,warm,Serum,DermaGlow Brightening Serum,Video_Review,2023-04-26,19602,407,343588.0,327,24,TXN_001897,2023-04-27,223000.0,Success,0.020763187429854096,844.1965601965602
AD_0373,Retargeting Campaign,warm,Serum,DermaGlow Brightening Serum,Video_Review,2023-04-26,19602,407,343588.0,327,24,TXN_001898,2023-04-27,427000.0,Success,0.020763187429854096,844.1965601965602
AD_0046,Retargeting Campaign,warm,Cleanser,DermaGlow Gentle Cleanser,Video_Review,2023-09-07,16823,510,109540.0,442,62,TXN_000185,2023-09-08,369000.0,Success,0.03031563930333472,214.7843137254902
AD_0046,Retargeting Campaign,warm,Cleanser,DermaGlow Gentle Cleanser,Video_Review,2023-09-07,16823,510,109540.0,442,62,TXN_000186,2023-09-07,446000.0,Success,0.03031563930333472,214.7843137254902
AD_0046,Retargeting Campaign,warm,Cleanser,DermaGlow Gentle Cleanser,Video_Review,2023-09-07,16823,510,109540.0,442,62,TXN_000187,2023-09-07,405000.0,Success,0.03031563930333472,214.7843137254902
AD_0946,Flash Sale Campaign,cold,Serum,DermaGlow Brightening Serum,Video_Review,2023-03-03,9670,311,315572.0,262,23,TXN_000720,2023-03-05,397000.0,Success,0.03216132368148914,1014.700964630225
AD_0946,Flash Sale Campaign,cold,Serum,DermaGlow Brightening Serum,Video_Review,2023-03-03,9670,311,315572.0,262,23,TXN_000722,2023-03-04,387000.0,Success,0.03216132368148914,1014.700964630225
AD_0946,Flash Sale Campaign,cold,Serum,DermaGlow Brightening Serum,Video_Review,2023-03-03,9670,311,315572.0,262,23,TXN_000723,2023-03-04,523000.0,Success,0.03216132368148914,1014.700964630225
AD_0946,Flash Sale Campaign,cold,Serum,DermaGlow Brightening Serum,Video_Review,2023-03-03,9670,311,315572.0,262,23,TXN_000719,2023-03-03,414000.0,Success,0.03216132368148914,1014.700964630225
AD_0158,Flash Sale Campaign,cold,Cleanser,DermaGlow Gentle Cleanser,Video_Review,2023-01-12,15073,370,353973.0,318,18,TXN_001095,2023-01-12,461000.0,Success,0.02454720360910237,956.6837837837838
AD_0158,Flash Sale Campaign,cold,Cleanser,DermaGlow Gentle Cleanser,Video_Review,2023-01-12,15073,370,353973.0,318,18,TXN_001094,2023-01-13,257000.0,Success,0.02454720360910237,956.6837837837838
AD_0158,Flash Sale Campaign,cold,Cleanser,DermaGlow Gentle Cleanser,Video_Review,2023-01-12,15073,370,353973.0,318,18,TXN_001096,2023-01-15,384000.0,Success,0.02454720360910237,956.6837837837838
AD_0961,Awareness Campaign,cold,Moisturizer,DermaGlow Hydrating Moisturizer,Video_Review,2023-07-08,6025,152,460519.0,123,17,,,,,0.025228215767634853,3029.7302631578946
AD_0172,Awareness Campaign,cold,Cleanser,DermaGlow Gentle Cleanser,Video_Review,2023-11-13,8925,235,217832.0,189,24,,,,,0.026330532212885154,926.9446808510638
AD_0017,Awareness Campaign,cold,Moisturizer,DermaGlow Hydrating Moisturizer,Video_Review,2023-12-25,12530,297,365892.0,258,23,TXN_001985,2023-12-25,250000.0,Success,0.023703112529928173,1231.959595959596
AD_0017,Awareness Campaign,cold,Moisturizer,DermaGlow Hydrating Moisturizer,Video_Review,2023-12-25,12530,297,365892.0,258,23,TXN_001984,2023-12-26,427000.0,Success,0.023703112529928173,1231.959595959596
AD_0017,Awareness Campaign,cold,Moisturizer,DermaGlow Hydrating Moisturizer,Video_Review,2023-12-25,12530,297,365892.0,258,23,TXN_001983,2023-12-27,473000.0,Success,0.023703112529928173,1231.959595959596
AD_0512,Flash Sale Campaign,cold,Serum,DermaGlow Brightening Serum,Video_Review,2023-01-18,16032,324,412402.0,287,32,TXN_001995,2023-01-19,193000.0,Success,0.020209580838323353,1272.8456790123457
AD_0049,Flash Sale Campaign,cold,Serum,DermaGlow Brightening Serum,Static_Catalog,2023-09-10,7082,76,2305428.0,63,11,TXN_000728,2023-09-12,434000.0,Success,0.010731431798926857,30334.57894736842
AD_0049,Flash Sale Campaign,cold,Serum,DermaGlow Brightening Serum,Static_Catalog,2023-09-10,7082,76,2305428.0,63,11,TXN_000730,2023-09-13,333000.0,Success,0.010731431798926857,30334.57894736842
AD_0049,Flash Sale Campaign,cold,Serum,DermaGlow Brightening Serum,Static_Catalog,2023-09-10,7082,76,2305428.0,63,11,TXN_000727,2023-09-10,419000.0,Success,0.010731431798926857,30334.57894736842
AD_0049,Flash Sale Campaign,cold,Serum,DermaGlow Brightening Serum,Static_Catalog,2023-09-10,7082,76,2305428.0,63,11,TXN_000724,2023-09-11,339000.0,Success,0.010731431798926857,30334.57894736842
AD_0049,Flash Sale Campaign,cold,Serum,DermaGlow Brightening Serum,Static_Catalog,2023-09-10,7082,76,2305428.0,63,11,TXN_000729,2023-09-12,98000.0,Success,0.010731431798926857,30334.57894736842
AD_0875,Awareness Campaign,cold,Moisturizer,DermaGlow Hydrating Moisturizer,Static_Catalog,2023-05-30,7873,114,392552.0,92,14,TXN_000033,2023-05-30,184000.0,Success,0.014479867902959482,3443.438596491228
AD_0875,Awareness Campaign,cold,Moisturizer,DermaGlow Hydrating Moisturizer,Static_Catalog,2023-05-30,7873,114,392552.0,92,14,TXN_000031,2023-06-02,355000.0,Success,0.014479867902959482,3443.438596491228
AD_0875,Awareness Campaign,cold,Moisturizer,DermaGlow Hydrating Moisturizer,Static_Catalog,2023-05-30,7873,114,392552.0,92,14,TXN_000032,2023-05-30,361000.0,Success,0.014479867902959482,3443.438596491228
AD_0516,Flash Sale Campaign,cold,Cleanser,DermaGlow Gentle Cleanser,Video_Review,2023-08-31,8012,228,409509.0,200,19,,,,,0.028457314028956564,1796.092105263158
AD_0717,Retargeting Campaign,warm,Serum,DermaGlow Brightening Serum,Static_Catalog,2023-06-11,7590,76,350694.0,63,11,,,,,0.010013175230566536,4614.394736842105
AD_0481,Flash Sale Campaign,cold,Serum,DermaGlow Brightening Serum,Static_Catalog,2023-08-21,17378,182,324404.0,163,24,TXN_002209,2023-08-21,434000.0,Success,0.010473011854068362,1782.4395604395604
AD_0481,Flash Sale Campaign,cold,Serum,DermaGlow Brightening Serum,Static_Catalog,2023-08-21,17378,182,324404.0,163,24,TXN_002210,2023-08-23,95000.0,Success,0.010473011854068362,1782.4395604395604
AD_0481,Flash Sale Campaign,cold,Serum,DermaGlow Brightening Serum,Static_Catalog,2023-08-21,17378,182,324404.0,163,24,TXN_002208,2023-08-24,448000.0,Success,0.010473011854068362,1782.4395604395604
AD_0481,Flash Sale Campaign,cold,Serum,DermaGlow Brightening Serum,Static_Catalog,2023-08-21,17378,182,324404.0,163,24,TXN_002207,2023-08-24,127000.0,Success,0.010473011854068362,1782.4395604395604
AD_0481,Flash Sale Campaign,cold,Serum,DermaGlow Brightening Serum,Static_Catalog,2023-08-21,17378,182,324404.0,163,24,TXN_002211,2023-08-21,195000.0,Success,0.010473011854068362,1782.4395604395604
AD_0481,Flash Sale Campaign,cold,Serum,DermaGlow Brightening Serum,Static_Catalog,2023-08-21,17378,182,324404.0,163,24,TXN_002206,2023-08-24,371000.0,Success,0.010473011854068362,1782.4395604395604
AD_0284,Retargeting Campaign,warm,Moisturizer,DermaGlow Hydrating Moisturizer,Static_Catalog,2023-05-04,10830,112,356190.0,93,16,TXN_000267,2023-05-06,142000.0,Success,0.010341643582640813,3180.2678571428573
AD_0284,Retargeting Campaign,warm,Moisturizer,DermaGlow Hydrating Moisturizer,Static_Catalog,2023-05-04,10830,112,356190.0,93,16,TXN_000265,2023-05-06,297000.0,Success,0.010341643582640813,3180.2678571428573
AD_0750,Flash Sale Campaign,cold,Cleanser,DermaGlow Gentle Cleanser,Static_Catalog,2023-08-31,14396,205,186155.0,174,14,TXN_000702,2023-09-01,135000.0,Success,0.01424006668519033,908.0731707317074
AD_0750,Flash Sale Campaign,cold,Cleanser,DermaGlow Gentle Cleanser,Static_Catalog,2023-08-31,14396,205,186155.0,174,14,TXN_000700,2023-09-01,145000.0,Success,0.01424006668519033,908.0731707317074
AD_0750,Flash Sale Campaign,cold,Cleanser,DermaGlow Gentle Cleanser,Static_Catalog,2023-08-31,14396,205,186155.0,174,14,TXN_000703,2023-08-31,368000.0,Success,0.01424006668519033,908.0731707317074
AD_0866,Retargeting Campaign,warm,Serum,DermaGlow Brightening Serum,Video_Review,2023-09-16,6079,130,427438.0,107,16,TXN_002066,2023-09-18,289000.0,Success,0.021385096232933047,3287.9846153846156
AD_0226,Flash Sale Campaign,cold,Sunscreen,DermaGlow UV Shield Sunscreen,Video_Review,2023-04-09,6179,136,237478.0,118,7,,,,,0.02201003398608189,1746.1617647058824
AD_0027,Retargeting Campaign,warm,Cleanser,DermaGlow Gentle Cleanser,Static_Catalog,2023-09-11,9557,144,233272.0,115,8,TXN_001326,2023-09-14,195000.0,Success,0.015067489798053783,1619.9444444444443
AD_0027,Retargeting Campaign,warm,Cleanser,DermaGlow Gentle Cleanser,Static_Catalog,2023-09-11,9557,144,233272.0,115,8,TXN_001324,2023-09-11,334000.0,Success,0.015067489798053783,1619.9444444444443
AD_0027,Retargeting Campaign,warm,Cleanser,DermaGlow Gentle Cleanser,Static_Catalog,2023-09-11,9557,144,233272.0,115,8,TXN_001327,2023-09-14,253000.0,Success,0.015067489798053783,1619.9444444444443
AD_0027,Retargeting Campaign,warm,Cleanser,DermaGlow Gentle Cleanser,Static_Catalog,2023-09-11,9557,144,233272.0,115,8,TXN_001325,2023-09-13,384000.0,Success,0.015067489798053783,1619.9444444444443
AD_0027,Retargeting Campaign,warm,Cleanser,DermaGlow Gentle Cleanser,Static_Catalog,2023-09-11,9557,144,233272.0,115,8,TXN_001328,2023-09-12,320000.0,Success,0.015067489798053783,1619.9444444444443
AD_0814,Awareness Campaign,cold,Cleanser,DermaGlow Gentle Cleanser,Video_Review,2023-08-22,10110,203,420847.0,169,11,TXN_000065,2023-08-23,103000.0,Success,0.020079129574678535,2073.137931034483
AD_0438,Flash Sale Campaign,cold,Sunscreen,DermaGlow UV Shield Sunscreen,Static_Catalog,2023-03-22,18441,205,330233.0,173,33,,,,,0.011116533810530882,1610.8926829268294
AD_0991,Awareness Campaign,cold,Sunscreen,DermaGlow UV Shield Sunscreen,Video_Review,2023-04-21,7952,240,466590.0,206,20,TXN_000544,2023-04-21,138000.0,Success,0.030181086519114688,1944.125
AD_0365,Flash Sale Campaign,cold,Serum,DermaGlow Brightening Serum,Static_Catalog,2023-11-28,14186,137,485893.0,118,23,TXN_001466,2023-11-30,130000.0,Success,0.009657408712815452,3546.6642335766423
AD_0365,Flash Sale Campaign,cold,Serum,DermaGlow Brightening Serum,Static_Catalog,2023-11-28,14186,137,485893.0,118,23,TXN_001469,2023-12-01,218000.0,Success,0.009657408712815452,3546.6642335766423
AD_0365,Flash Sale Campaign,cold,Serum,DermaGlow Brightening Serum,Static_Catalog,2023-11-28,14186,137,485893.0,118,23,TXN_001467,2023-11-30,217000.0,Success,0.009657408712815452,3546.6642335766423
AD_0365,Flash Sale Campaign,cold,Serum,DermaGlow Brightening Serum,Static_Catalog,2023-11-28,14186,137,485893.0,118,23,TXN_001470,2023-11-28,213000.0,Success,0.009657408712815452,3546.6642335766423
AD_0365,Flash Sale Campaign,cold,Serum,DermaGlow Brightening Serum,Static_Catalog,2023-11-28,14186,137,485893.0,118,23,TXN_001465,2023-12-01,348000.0,Success,0.009657408712815452,3546.6642335766423
AD_0365,Flash Sale Campaign,cold,Serum,DermaGlow Brightening Serum,Static_Catalog,2023-11-28,14186,137,485893.0,118,23,TXN_001471,2023-12-01,296000.0,Success,0.009657408712815452,3546.6642335766423
AD_0230,Retargeting Campaign,warm,Cleanser,DermaGlow Gentle Cleanser,Video_Review,2023-03-06,17201,363,287604.0,297,17,,,,,0.021103424219522122,792.297520661157
AD_0038,Retargeting Campaign,warm,Moisturizer,DermaGlow Hydrating Moisturizer,Static_Catalog,2023-11-10,16907,146,284078.0,122,8,,,,,0.008635476429881115,1945.7397260273972
AD_0670,Retargeting Campaign,warm,Cleanser,DermaGlow Gentle Cleanser,Static_Catalog,2023-05-07,8159,88,353078.0,75,12,TXN_002291,2023-05-08,189000.0,Success,0.0107856354945459,4012.25
AD_0375,Flash Sale Campaign,cold,Sunscreen,DermaGlow UV Shield Sunscreen,Video_Review,2023-07-07,17230,546,369956.0,459,76,TXN_000213,2023-07-09,355000.0,Success,0.031688914683691234,677.5750915750916
AD_0375,Flash Sale Campaign,cold,Sunscreen,DermaGlow UV Shield Sunscreen,Video_Review,2023-07-07,17230,546,369956.0,459,76,TXN_000212,2023-07-09,157000.0,Success,0.031688914683691234,677.5750915750916
AD_0375,Flash Sale Campaign,cold,Sunscreen,DermaGlow UV Shield Sunscreen,Video_Review,2023-07-07,17230,546,369956.0,459,76,TXN_000214,2023-07-08,175000.0,Success,0.031688914683691234,677.5750915750916
AD_0470,Retargeting Campaign,warm,Sunscreen,DermaGlow UV Shield Sunscreen,Static_Catalog,2023-05-11,9785,145,2652109.0,129,25,,,,,0.01481859989780276,18290.406896551725
AD_0886,Flash Sale Campaign,cold,Moisturizer,DermaGlow Hydrating Moisturizer,Static_Catalog,2023-08-11,17860,162,459792.0,131,17,TXN_001746,2023-08-11,87000.0,Success,0.009070548712206047,2838.222222222222
AD_0886,Flash Sale Campaign,cold,Moisturizer,DermaGlow Hydrating Moisturizer,Static_Catalog,2023-08-11,17860,162,459792.0,131,17,TXN_001747,2023-08-12,117000.0,Success,0.009070548712206047,2838.222222222222
AD_0886,Flash Sale Campaign,cold,Moisturizer,DermaGlow Hydrating Moisturizer,Static_Catalog,2023-08-11,17860,162,459792.0,131,17,TXN_001745,2023-08-14,99000.0,Success,0.009070548712206047,2838.222222222222
AD_0886,Flash Sale Campaign,cold,Moisturizer,DermaGlow Hydrating Moisturizer,Static_Catalog,2023-08-11,17860,162,459792.0,131,17,TXN_001749,2023-08-14,265000.0,Success,0.009070548712206047,2838.222222222222
AD_0735,Awareness Campaign,cold,Serum,DermaGlow Brightening Serum,Video_Review,2023-12-08,10815,209,334085.0,168,22,,,,,0.019325011558021268,1598.4928229665072
AD_0757,Awareness Campaign,cold,Serum,DermaGlow Brightening Serum,Static_Catalog,2023-03-03,11675,133,248620.0,118,8,TXN_000168,2023-03-06,353000.0,Success,0.01139186295503212,1869.3233082706768
AD_0757,Awareness Campaign,cold,Serum,DermaGlow Brightening Serum,Static_Catalog,2023-03-03,11675,133,248620.0,118,8,TXN_000165,2023-03-04,293000.0,Success,0.01139186295503212,1869.3233082706768
AD_0757,Awareness Campaign,cold,Serum,DermaGlow Brightening Serum,Static_Catalog,2023-03-03,11675,133,248620.0,118,8,TXN_000166,2023-03-03,385000.0,Success,0.01139186295503212,1869.3233082706768
AD_0195,Flash Sale Campaign,cold,Cleanser,DermaGlow Gentle Cleanser,Static_Catalog,2023-04-12,16829,194,307440.0,169,28,,,,,0.011527720007130548,1584.7422680412371
AD_0890,Retargeting Campaign,warm,Serum,DermaGlow Brightening Serum,Static_Catalog,2023-07-13,18151,240,133351.0,214,13,TXN_000159,2023-07-14,88000.0,Success,0.013222411988320203,555.6291666666667
AD_0890,Retargeting Campaign,warm,Serum,DermaGlow Brightening Serum,Static_Catalog,2023-07-13,18151,240,133351.0,214,13,TXN_000160,2023-07-13,207000.0,Success,0.013222411988320203,555.6291666666667
AD_0890,Retargeting Campaign,warm,Serum,DermaGlow Brightening Serum,Static_Catalog,2023-07-13,18151,240,133351.0,214,13,TXN_000161,2023-07-14,90000.0,Success,0.013222411988320203,555.6291666666667
AD_0900,Flash Sale Campaign,cold,Sunscreen,DermaGlow UV Shield Sunscreen,Video_Review,2023-08-24,11323,334,309394.0,279,51,TXN_002310,2023-08-26,269000.0,Success,0.029497482999205158,926.3293413173652
AD_0504,Retargeting Campaign,warm,Moisturizer,DermaGlow Hydrating Moisturizer,Static_Catalog,2023-08-27,5807,55,235899.0,48,3,TXN_002403,2023-08-27,307000.0,Success,0.009471327707938695,4289.072727272727
AD_0865,Awareness Campaign,cold,Moisturizer,DermaGlow Hydrating Moisturizer,Static_Catalog,2023-11-10,7712,115,484822.0,94,10,,,,,0.01491182572614108,4215.843478260869
AD_0580,Flash Sale Campaign,cold,Cleanser,DermaGlow Gentle Cleanser,Static_Catalog,2023-07-06,9938,88,414493.0,70,10,TXN_002351,2023-07-09,184000.0,Success,0.008854900382370698,4710.147727272727
AD_0033,Awareness Campaign,cold,Cleanser,DermaGlow Gentle Cleanser,Video_Review,2023-09-10,11102,238,316386.0,194,25,,,,,0.021437578814627996,1329.3529411764705
AD_0681,Awareness Campaign,cold,Serum,DermaGlow Brightening Serum,Static_Catalog,2023-01-01,12952,146,180730.0,129,17,TXN_002266,2023-01-02,456000.0,Success,0.011272390364422484,1237.876712328767
AD_0681,Awareness Campaign,cold,Serum,DermaGlow Brightening Serum,Static_Catalog,2023-01-01,12952,146,180730.0,129,17,TXN_002264,2023-01-02,188000.0,Success,0.011272390364422484,1237.876712328767
AD_0681,Awareness Campaign,cold,Serum,DermaGlow Brightening Serum,Static_Catalog,2023-01-01,12952,146,180730.0,129,17,TXN_002267,2023-01-01,233000.0,Success,0.011272390364422484,1237.876712328767
AD_0681,Awareness Campaign,cold,Serum,DermaGlow Brightening Serum,Static_Catalog,2023-01-01,12952,146,180730.0,129,17,TXN_002263,2023-01-04,310000.0,Success,0.011272390364422484,1237.876712328767
AD_0681,Awareness Campaign,cold,Serum,DermaGlow Brightening Serum,Static_Catalog,2023-01-01,12952,146,180730.0,129,17,TXN_002268,2023-01-01,98000.0,Success,0.011272390364422484,1237.876712328767
AD_0163,Retargeting Campaign,warm,Sunscreen,DermaGlow UV Shield Sunscreen,Video_Review,2023-09-14,7933,166,495196.0,136,24,TXN_002193,2023-09-14,155000.0,Success,0.02092524896004034,2983.10843373494
AD_0163,Retargeting Campaign,warm,Sunscreen,DermaGlow UV Shield Sunscreen,Video_Review,2023-09-14,7933,166,495196.0,136,24,TXN_002190,2023-09-15,293000.0,Success,0.02092524896004034,2983.10843373494
AD_0163,Retargeting Campaign,warm,Sunscreen,DermaGlow UV Shield Sunscreen,Video_Review,2023-09-14,7933,166,495196.0,136,24,TXN_002191,2023-09-16,171000.0,Success,0.02092524896004034,2983.10843373494
AD_0163,Retargeting Campaign,warm,Sunscreen,DermaGlow UV Shield Sunscreen,Video_Review,2023-09-14,7933,166,495196.0,136,24,TXN_002192,2023-09-17,317000.0,Success,0.02092524896004034,2983.10843373494
AD_0733,Awareness Campaign,cold,Sunscreen,DermaGlow UV Shield Sunscreen,Static_Catalog,2023-01-21,6982,59,194455.0,47,8,,,,,0.008450300773417359,3295.8474576271187
AD_0153,Awareness Campaign,cold,Moisturizer,DermaGlow Hydrating Moisturizer,Video_Review,2023-02-14,19643,526,233541.0,430,78,TXN_000651,2023-02-15,286000.0,Success,0.026777987069184953,443.9942965779468
AD_0153,Awareness Campaign,cold,Moisturizer,DermaGlow Hydrating Moisturizer,Video_Review,2023-02-14,19643,526,233541.0,430,78,TXN_000650,2023-02-15,487000.0,Success,0.026777987069184953,443.9942965779468
AD_0153,Awareness Campaign,cold,Moisturizer,DermaGlow Hydrating Moisturizer,Video_Review,2023-02-14,19643,526,233541.0,430,78,TXN_000647,2023-02-14,225000.0,Success,0.026777987069184953,443.9942965779468
AD_0712,Awareness Campaign,cold,Moisturizer,DermaGlow Hydrating Moisturizer,Static_Catalog,2023-06-25,14694,151,177095.0,122,19,,,,,0.010276303253028448,1172.8145695364237
AD_0731,Flash Sale Campaign,cold,Cleanser,DermaGlow Gentle Cleanser,Video_Review,2023-05-24,16139,455,166060.0,384,45,,,,,0.028192576987421773,364.967032967033
AD_0787,Retargeting Campaign,warm,Sunscreen,DermaGlow UV Shield Sunscreen,Static_Catalog,2023-03-31,14478,166,270457.0,144,23,,,,,0.011465672054151126,1629.2590361445782
AD_0112,Awareness Campaign,cold,Moisturizer,DermaGlow Hydrating Moisturizer,Video_Review,2023-03-04,7713,136,466036.0,115,22,,,,,0.017632568391028135,3426.735294117647
AD_0227,Flash Sale Campaign,cold,Cleanser,DermaGlow Gentle Cleanser,Video_Review,2023-04-11,16011,321,460867.0,273,31,TXN_000522,2023-04-11,311000.0,Success,0.02004871650740116,1435.7227414330218
AD_0719,Flash Sale Campaign,cold,Sunscreen,DermaGlow UV Shield Sunscreen,Static_Catalog,2023-03-11,9095,126,419064.0,106,5,,,,,0.013853765805387575,3325.904761904762
AD_0104,Flash Sale Campaign,cold,Cleanser,DermaGlow Gentle Cleanser,Static_Catalog,2023-06-22,7094,90,437827.0,76,6,TXN_000749,2023-06-23,452000.0,Success,0.012686777558500142,4864.7444444444445
AD_0104,Flash Sale Campaign,cold,Cleanser,DermaGlow Gentle Cleanser,Static_Catalog,2023-06-22,7094,90,437827.0,76,6,TXN_000750,2023-06-22,92000.0,Success,0.012686777558500142,4864.7444444444445
AD_0104,Flash Sale Campaign,cold,Cleanser,DermaGlow Gentle Cleanser,Static_Catalog,2023-06-22,7094,90,437827.0,76,6,TXN_000751,2023-06-23,450000.0,Success,0.012686777558500142,4864.7444444444445
AD_0422,Retargeting Campaign,warm,Moisturizer,DermaGlow Hydrating Moisturizer,Static_Catalog,2023-01-28,7294,74,197406.0,60,4,TXN_000439,2023-01-28,325000.0,Success,0.010145324924595559,2667.6486486486488
AD_0422,Retargeting Campaign,warm,Moisturizer,DermaGlow Hydrating Moisturizer,Static_Catalog,2023-01-28,7294,74,197406.0,60,4,TXN_000437,2023-01-29,162000.0,Success,0.010145324924595559,2667.6486486486488
AD_0422,Retargeting Campaign,warm,Moisturizer,DermaGlow Hydrating Moisturizer,Static_Catalog,2023-01-28,7294,74,197406.0,60,4,TXN_000438,2023-01-28,230000.0,Success,0.010145324924595559,2667.6486486486488
AD_0420,Flash Sale Campaign,cold,Moisturizer,DermaGlow Hydrating Moisturizer,Video_Review,2023-09-04,11545,294,114955.0,250,18,TXN_001870,2023-09-07,427000.0,Success,0.025465569510610655,391.0034013605442
AD_0420,Flash Sale Campaign,cold,Moisturizer,DermaGlow Hydrating Moisturizer,Video_Review,2023-09-04,11545,294,114955.0,250,18,TXN_001871,2023-09-06,109000.0,Success,0.025465569510610655,391.0034013605442
AD_0420,Flash Sale Campaign,cold,Moisturizer,DermaGlow Hydrating Moisturizer,Video_Review,2023-09-04,11545,294,114955.0,250,18,TXN_001869,2023-09-04,143000.0,Success,0.025465569510610655,391.0034013605442
AD_0782,Awareness Campaign,cold,Moisturizer,DermaGlow Hydrating Moisturizer,Video_Review,2023-08-13,9868,301,439851.0,259,16,,,,,0.03050263477908391,1461.299003322259
AD_0587,Retargeting Campaign,warm,Moisturizer,DermaGlow Hydrating Moisturizer,Static_Catalog,2023-11-27,9597,86,469738.0,73,13,,,,,0.008961133687610711,5462.069767441861
AD_0673,Retargeting Campaign,warm,Moisturizer,DermaGlow Hydrating Moisturizer,Video_Review,2023-05-31,13639,290,445072.0,260,21,,,,,0.0212625559058582,1534.7310344827586
AD_0120,Flash Sale Campaign,cold,Sunscreen,DermaGlow UV Shield Sunscreen,Static_Catalog,2023-01-07,7198,104,267292.0,92,13,TXN_002015,2023-01-10,354000.0,Success,0.014448457904973604,2570.1153846153848
AD_0120,Flash Sale Campaign,cold,Sunscreen,DermaGlow UV Shield Sunscreen,Static_Catalog,2023-01-07,7198,104,267292.0,92,13,TXN_002014,2023-01-08,270000.0,Success,0.014448457904973604,2570.1153846153848
AD_0054,Awareness Campaign,cold,Moisturizer,DermaGlow Hydrating Moisturizer,Video_Review,2023-03-17,17011,540,295967.0,458,56,TXN_001865,2023-03-17,88000.0,Success,0.03174416553994474,548.087037037037
AD_0054,Awareness Campaign,cold,Moisturizer,DermaGlow Hydrating Moisturizer,Video_Review,2023-03-17,17011,540,295967.0,458,56,TXN_001866,2023-03-17,257000.0,Success,0.03174416553994474,548.087037037037
AD_0152,Flash Sale Campaign,cold,Moisturizer,DermaGlow Hydrating Moisturizer,Video_Review,2023-10-16,14314,436,307440.0,385,69,TXN_001978,2023-10-18,267000.0,Success,0.030459689814167946,705.1376146788991
AD_0152,Flash Sale Campaign,cold,Moisturizer,DermaGlow Hydrating Moisturizer,Video_Review,2023-10-16,14314,436,307440.0,385,69,TXN_001979,2023-10-16,238000.0,Success,0.030459689814167946,705.1376146788991
AD_0152,Flash Sale Campaign,cold,Moisturizer,DermaGlow Hydrating Moisturizer,Video_Review,2023-10-16,14314,436,307440.0,385,69,TXN_001976,2023-10-16,113000.0,Success,0.030459689814167946,705.1376146788991
AD_0152,Flash Sale Campaign,cold,Moisturizer,DermaGlow Hydrating Moisturizer,Video_Review,2023-10-16,14314,436,307440.0,385,69,TXN_001975,2023-10-18,253000.0,Success,0.030459689814167946,705.1376146788991
AD_0404,Retargeting Campaign,warm,Serum,DermaGlow Brightening Serum,Static_Catalog,2023-10-15,10285,93,182289.0,81,8,,,,,0.00904229460379193,1960.0967741935483
AD_0985,Awareness Campaign,cold,Moisturizer,DermaGlow Hydrating Moisturizer,Video_Review,2023-06-22,8663,256,294387.0,205,29,,,,,0.02955096386932933,1149.94921875
AD_0208,Retargeting Campaign,warm,Cleanser,DermaGlow Gentle Cleanser,Video_Review,2023-05-23,14622,375,157993.0,309,44,TXN_000499,2023-05-24,419000.0,Success,0.02564628641772671,421.31466666666665
AD_0208,Retargeting Campaign,warm,Cleanser,DermaGlow Gentle Cleanser,Video_Review,2023-05-23,14622,375,157993.0,309,44,TXN_000501,2023-05-23,123000.0,Success,0.02564628641772671,421.31466666666665
AD_0208,Retargeting Campaign,warm,Cleanser,DermaGlow Gentle Cleanser,Video_Review,2023-05-23,14622,375,157993.0,309,44,TXN_000502,2023-05-26,362000.0,Success,0.02564628641772671,421.31466666666665
AD_0208,Retargeting Campaign,warm,Cleanser,DermaGlow Gentle Cleanser,Video_Review,2023-05-23,14622,375,157993.0,309,44,TXN_000500,2023-05-26,152000.0,Success,0.02564628641772671,421.31466666666665
AD_0659,Retargeting Campaign,warm,Serum,DermaGlow Brightening Serum,Video_Review,2023-12-08,16521,306,262007.0,256,23,TXN_000164,2023-12-10,468000.0,Success,0.018521881242055567,856.2320261437909
AD_0659,Retargeting Campaign,warm,Serum,DermaGlow Brightening Serum,Video_Review,2023-12-08,16521,306,262007.0,256,23,TXN_000163,2023-12-10,421000.0,Success,0.018521881242055567,856.2320261437909
AD_0659,Retargeting Campaign,warm,Serum,DermaGlow Brightening Serum,Video_Review,2023-12-08,16521,306,262007.0,256,23,TXN_000162,2023-12-11,75000.0,Success,0.018521881242055567,856.2320261437909
AD_0925,Retargeting Campaign,warm,Sunscreen,DermaGlow UV Shield Sunscreen,Video_Review,2023-09-11,14598,307,480485.0,245,19,TXN_002249,2023-09-12,90000.0,Success,0.02103027812029045,1565.097719869707
AD_0794,Awareness Campaign,cold,Sunscreen,DermaGlow UV Shield Sunscreen,Video_Review,2023-04-11,17465,458,468876.0,405,32,TXN_000957,2023-04-11,497000.0,Success,0.026223876324076724,1023.7467248908297
AD_0009,Retargeting Campaign,warm,Moisturizer,DermaGlow Hydrating Moisturizer,Static_Catalog,2023-07-07,14208,149,476896.0,119,13,TXN_000197,2023-07-09,280000.0,Success,0.01048704954954955,3200.6442953020132
AD_0009,Retargeting Campaign,warm,Moisturizer,DermaGlow Hydrating Moisturizer,Static_Catalog,2023-07-07,14208,149,476896.0,119,13,TXN_000200,2023-07-08,181000.0,Success,0.01048704954954955,3200.6442953020132
AD_0009,Retargeting Campaign,warm,Moisturizer,DermaGlow Hydrating Moisturizer,Static_Catalog,2023-07-07,14208,149,476896.0,119,13,TXN_000199,2023-07-09,109000.0,Success,0.01048704954954955,3200.6442953020132
AD_0009,Retargeting Campaign,warm,Moisturizer,DermaGlow Hydrating Moisturizer,Static_Catalog,2023-07-07,14208,149,476896.0,119,13,TXN_000196,2023-07-10,186000.0,Success,0.01048704954954955,3200.6442953020132
AD_0009,Retargeting Campaign,warm,Moisturizer,DermaGlow Hydrating Moisturizer,Static_Catalog,2023-07-07,14208,149,476896.0,119,13,TXN_000198,2023-07-08,482000.0,Success,0.01048704954954955,3200.6442953020132
AD_0980,Retargeting Campaign,warm,Sunscreen,DermaGlow UV Shield Sunscreen,Static_Catalog,2023-02-11,7888,69,486265.0,58,7,,,,,0.008747464503042597,7047.31884057971
AD_0037,Retargeting Campaign,warm,Cleanser,DermaGlow Gentle Cleanser,Static_Catalog,2023-05-23,12919,162,330229.0,134,9,TXN_000150,2023-05-25,179000.0,Success,0.012539670253115566,2038.4506172839506
AD_0037,Retargeting Campaign,warm,Cleanser,DermaGlow Gentle Cleanser,Static_Catalog,2023-05-23,12919,162,330229.0,134,9,TXN_000149,2023-05-26,434000.0,Success,0.012539670253115566,2038.4506172839506
AD_0037,Retargeting Campaign,warm,Cleanser,DermaGlow Gentle Cleanser,Static_Catalog,2023-05-23,12919,162,330229.0,134,9,TXN_000148,2023-05-26,438000.0,Success,0.012539670253115566,2038.4506172839506
AD_0037,Retargeting Campaign,warm,Cleanser,DermaGlow Gentle Cleanser,Static_Catalog,2023-05-23,12919,162,330229.0,134,9,TXN_000144,2023-05-26,269000.0,Success,0.012539670253115566,2038.4506172839506
AD_0037,Retargeting Campaign,warm,Cleanser,DermaGlow Gentle Cleanser,Static_Catalog,2023-05-23,12919,162,330229.0,134,9,TXN_000147,2023-05-25,189000.0,Success,0.012539670253115566,2038.4506172839506
AD_0453,Retargeting Campaign,warm,Serum,DermaGlow Brightening Serum,Static_Catalog,2023-04-22,12226,164,186795.0,138,21,TXN_000077,2023-04-22,359000.0,Success,0.013414035661704564,1138.9939024390244
AD_0453,Retargeting Campaign,warm,Serum,DermaGlow Brightening Serum,Static_Catalog,2023-04-22,12226,164,186795.0,138,21,TXN_000078,2023-04-22,117000.0,Success,0.013414035661704564,1138.9939024390244
AD_0453,Retargeting Campaign,warm,Serum,DermaGlow Brightening Serum,Static_Catalog,2023-04-22,12226,164,186795.0,138,21,TXN_000075,2023-04-24,283000.0,Success,0.013414035661704564,1138.9939024390244
AD_0453,Retargeting Campaign,warm,Serum,DermaGlow Brightening Serum,Static_Catalog,2023-04-22,12226,164,186795.0,138,21,TXN_000076,2023-04-24,68000.0,Success,0.013414035661704564,1138.9939024390244
AD_0652,Flash Sale Campaign,cold,Serum,DermaGlow Brightening Serum,Static_Catalog,2023-06-04,11500,160,157786.0,138,12,TXN_001293,2023-06-04,137000.0,Success,0.01391304347826087,986.1625
AD_0652,Flash Sale Campaign,cold,Serum,DermaGlow Brightening Serum,Static_Catalog,2023-06-04,11500,160,157786.0,138,12,TXN_001291,2023-06-07,400000.0,Success,0.01391304347826087,986.1625
AD_0652,Flash Sale Campaign,cold,Serum,DermaGlow Brightening Serum,Static_Catalog,2023-06-04,11500,160,157786.0,138,12,TXN_001292,2023-06-06,335000.0,Success,0.01391304347826087,986.1625
AD_0254,Flash Sale Campaign,cold,Cleanser,DermaGlow Gentle Cleanser,Static_Catalog,2023-11-01,13354,117,142092.0,102,20,,,,,0.008761419799311068,1214.4615384615386
AD_0304,Flash Sale Campaign,cold,Cleanser,DermaGlow Gentle Cleanser,Static_Catalog,2023-01-08,13365,117,266892.0,103,5,TXN_000157,2023-01-11,262000.0,Success,0.008754208754208754,2281.128205128205
AD_0304,Flash Sale Campaign,cold,Cleanser,DermaGlow Gentle Cleanser,Static_Catalog,2023-01-08,13365,117,266892.0,103,5,TXN_000154,2023-01-10,376000.0,Success,0.008754208754208754,2281.128205128205
AD_0304,Flash Sale Campaign,cold,Cleanser,DermaGlow Gentle Cleanser,Static_Catalog,2023-01-08,13365,117,266892.0,103,5,TXN_000155,2023-01-09,158000.0,Success,0.008754208754208754,2281.128205128205
AD_0778,Flash Sale Campaign,cold,Cleanser,DermaGlow Gentle Cleanser,Static_Catalog,2023-09-05,9262,134,477224.0,119,9,TXN_000024,2023-09-07,384000.0,Success,0.014467717555603542,3561.373134328358
AD_0778,Flash Sale Campaign,cold,Cleanser,DermaGlow Gentle Cleanser,Static_Catalog,2023-09-05,9262,134,477224.0,119,9,TXN_000023,2023-09-08,270000.0,Success,0.014467717555603542,3561.373134328358
AD_0572,Retargeting Campaign,warm,Serum,DermaGlow Brightening Serum,Video_Review,2023-10-05,16643,302,306314.0,259,30,,,,,0.018145766989124557,1014.2847682119206
AD_0624,Retargeting Campaign,warm,Moisturizer,DermaGlow Hydrating Moisturizer,Video_Review,2023-06-07,10830,350,330693.0,291,21,TXN_000543,2023-06-09,253000.0,Success,0.032317636195752536,944.8371428571429
AD_0741,Awareness Campaign,cold,Serum,DermaGlow Brightening Serum,Video_Review,2023-01-24,10618,341,280175.0,279,45,TXN_000644,2023-01-27,90000.0,Success,0.032115275946505935,821.6275659824047
AD_0741,Awareness Campaign,cold,Serum,DermaGlow Brightening Serum,Video_Review,2023-01-24,10618,341,280175.0,279,45,TXN_000646,2023-01-24,102000.0,Success,0.032115275946505935,821.6275659824047
AD_0741,Awareness Campaign,cold,Serum,DermaGlow Brightening Serum,Video_Review,2023-01-24,10618,341,280175.0,279,45,TXN_000645,2023-01-25,320000.0,Success,0.032115275946505935,821.6275659824047
AD_0751,Flash Sale Campaign,cold,Moisturizer,DermaGlow Hydrating Moisturizer,Video_Review,2023-04-16,13553,387,307440.0,327,59,,,,,0.028554563565262304,794.4186046511628
AD_0263,Flash Sale Campaign,cold,Serum,DermaGlow Brightening Serum,Video_Review,2023-07-24,16032,397,290135.0,319,45,TXN_000175,2023-07-26,151000.0,Success,0.024762974051896206,730.8186397984887
AD_0263,Flash Sale Campaign,cold,Serum,DermaGlow Brightening Serum,Video_Review,2023-07-24,16032,397,290135.0,319,45,TXN_000176,2023-07-27,465000.0,Success,0.024762974051896206,730.8186397984887
AD_0611,Awareness Campaign,cold,Moisturizer,DermaGlow Hydrating Moisturizer,Video_Review,2023-02-03,17573,398,254721.0,325,38,TXN_001212,2023-02-03,368000.0,Success,0.022648381039094063,640.0025125628141
AD_0611,Awareness Campaign,cold,Moisturizer,DermaGlow Hydrating Moisturizer,Video_Review,2023-02-03,17573,398,254721.0,325,38,TXN_001211,2023-02-06,439000.0,Success,0.022648381039094063,640.0025125628141
AD_0298,Retargeting Campaign,warm,Moisturizer,DermaGlow Hydrating Moisturizer,Static_Catalog,2023-03-02,15921,237,474226.0,196,38,,,,,0.01488599962313925,2000.9535864978902
AD_0415,Flash Sale Campaign,cold,Sunscreen,DermaGlow UV Shield Sunscreen,Video_Review,2023-10-30,7802,230,228128.0,191,16,,,,,0.029479620610099976,991.8608695652174
AD_0151,Awareness Campaign,cold,Moisturizer,DermaGlow Hydrating Moisturizer,Static_Catalog,2023-02-09,7317,92,228322.0,76,11,TXN_002311,2023-02-10,236000.0,Success,0.012573459067924012,2481.7608695652175
AD_0151,Awareness Campaign,cold,Moisturizer,DermaGlow Hydrating Moisturizer,Static_Catalog,2023-02-09,7317,92,228322.0,76,11,TXN_002312,2023-02-10,220000.0,Success,0.012573459067924012,2481.7608695652175
AD_0820,Awareness Campaign,cold,Serum,DermaGlow Brightening Serum,Static_Catalog,2023-08-30,11859,156,135757.0,136,13,TXN_000003,2023-08-31,320000.0,Success,0.013154566152289401,870.2371794871794
AD_0820,Awareness Campaign,cold,Serum,DermaGlow Brightening Serum,Static_Catalog,2023-08-30,11859,156,135757.0,136,13,TXN_000002,2023-09-02,298000.0,Success,0.013154566152289401,870.2371794871794
AD_0641,Awareness Campaign,cold,Moisturizer,DermaGlow Hydrating Moisturizer,Static_Catalog,2023-06-06,14505,174,173591.0,149,8,TXN_002160,2023-06-08,157000.0,Success,0.011995863495346433,997.6494252873563
AD_0641,Awareness Campaign,cold,Moisturizer,DermaGlow Hydrating Moisturizer,Static_Catalog,2023-06-06,14505,174,173591.0,149,8,TXN_002157,2023-06-07,104000.0,Success,0.011995863495346433,997.6494252873563
AD_0641,Awareness Campaign,cold,Moisturizer,DermaGlow Hydrating Moisturizer,Static_Catalog,2023-06-06,14505,174,173591.0,149,8,TXN_002158,2023-06-09,109000.0,Success,0.011995863495346433,997.6494252873563
AD_0926,Flash Sale Campaign,cold,Serum,DermaGlow Brightening Serum,Static_Catalog,2023-10-03,16350,140,169103.0,125,19,TXN_000603,2023-10-04,316000.0,Success,0.00856269113149847,1207.8785714285714
AD_0926,Flash Sale Campaign,cold,Serum,DermaGlow Brightening Serum,Static_Catalog,2023-10-03,16350,140,169103.0,125,19,TXN_000605,2023-10-06,126000.0,Success,0.00856269113149847,1207.8785714285714
AD_0926,Flash Sale Campaign,cold,Serum,DermaGlow Brightening Serum,Static_Catalog,2023-10-03,16350,140,169103.0,125,19,TXN_000604,2023-10-03,330000.0,Success,0.00856269113149847,1207.8785714285714
AD_0551,Awareness Campaign,cold,Cleanser,DermaGlow Gentle Cleanser,Static_Catalog,2023-12-24,13106,198,318532.0,158,15,TXN_000962,2023-12-27,274000.0,Success,0.015107584312528613,1608.7474747474748
AD_0551,Awareness Campaign,cold,Cleanser,DermaGlow Gentle Cleanser,Static_Catalog,2023-12-24,13106,198,318532.0,158,15,TXN_000961,2023-12-24,232000.0,Success,0.015107584312528613,1608.7474747474748
AD_0823,Awareness Campaign,cold,Cleanser,DermaGlow Gentle Cleanser,Video_Review,2023-07-24,12316,220,361879.0,191,19,TXN_000753,2023-07-26,73000.0,Success,0.017862942513803184,1644.9045454545455
AD_0823,Awareness Campaign,cold,Cleanser,DermaGlow Gentle Cleanser,Video_Review,2023-07-24,12316,220,361879.0,191,19,TXN_000754,2023-07-26,340000.0,Success,0.017862942513803184,1644.9045454545455
AD_0489,Flash Sale Campaign,cold,Cleanser,DermaGlow Gentle Cleanser,Video_Review,2023-05-09,16793,340,386073.0,292,52,TXN_000743,2023-05-09,208000.0,Success,0.02024653129280057,1135.5088235294118
AD_0489,Flash Sale Campaign,cold,Cleanser,DermaGlow Gentle Cleanser,Video_Review,2023-05-09,16793,340,386073.0,292,52,TXN_000745,2023-05-09,504000.0,Success,0.02024653129280057,1135.5088235294118
AD_0489,Flash Sale Campaign,cold,Cleanser,DermaGlow Gentle Cleanser,Video_Review,2023-05-09,16793,340,386073.0,292,52,TXN_000744,2023-05-12,374000.0,Success,0.02024653129280057,1135.5088235294118
AD_0489,Flash Sale Campaign,cold,Cleanser,DermaGlow Gentle Cleanser,Video_Review,2023-05-09,16793,340,386073.0,292,52,TXN_000746,2023-05-12,171000.0,Success,0.02024653129280057,1135.5088235294118
AD_0711,Retargeting Campaign,warm,Moisturizer,DermaGlow Hydrating Moisturizer,Video_Review,2023-07-24,17775,542,116535.0,485,82,TXN_001838,2023-07-26,273000.0,Success,0.03049226441631505,215.00922509225092
AD_0711,Retargeting Campaign,warm,Moisturizer,DermaGlow Hydrating Moisturizer,Video_Review,2023-07-24,17775,542,116535.0,485,82,TXN_001834,2023-07-27,160000.0,Success,0.03049226441631505,215.00922509225092
AD_0711,Retargeting Campaign,warm,Moisturizer,DermaGlow Hydrating Moisturizer,Video_Review,2023-07-24,17775,542,116535.0,485,82,TXN_001840,2023-07-25,360000.0,Success,0.03049226441631505,215.00922509225092
AD_0711,Retargeting Campaign,warm,Moisturizer,DermaGlow Hydrating Moisturizer,Video_Review,2023-07-24,17775,542,116535.0,485,82,TXN_001832,2023-07-26,148000.0,Success,0.03049226441631505,215.00922509225092
AD_0711,Retargeting Campaign,warm,Moisturizer,DermaGlow Hydrating Moisturizer,Video_Review,2023-07-24,17775,542,116535.0,485,82,TXN_001836,2023-07-26,376000.0,Success,0.03049226441631505,215.00922509225092
AD_0711,Retargeting Campaign,warm,Moisturizer,DermaGlow Hydrating Moisturizer,Video_Review,2023-07-24,17775,542,116535.0,485,82,TXN_001481,2023-07-25,424000.0,Success,0.03049226441631505,215.00922509225092
AD_0711,Retargeting Campaign,warm,Moisturizer,DermaGlow Hydrating Moisturizer,Video_Review,2023-07-24,17775,542,116535.0,485,82,TXN_001831,2023-07-27,167000.0,Success,0.03049226441631505,215.00922509225092
AD_0711,Retargeting Campaign,warm,Moisturizer,DermaGlow Hydrating Moisturizer,Video_Review,2023-07-24,17775,542,116535.0,485,82,TXN_001482,2023-07-25,534000.0,Success,0.03049226441631505,215.00922509225092
AD_0711,Retargeting Campaign,warm,Moisturizer,DermaGlow Hydrating Moisturizer,Video_Review,2023-07-24,17775,542,116535.0,485,82,TXN_001480,2023-07-25,105000.0,Success,0.03049226441631505,215.00922509225092
AD_0711,Retargeting Campaign,warm,Moisturizer,DermaGlow Hydrating Moisturizer,Video_Review,2023-07-24,17775,542,116535.0,485,82,TXN_001479,2023-07-25,279000.0,Success,0.03049226441631505,215.00922509225092
AD_0711,Retargeting Campaign,warm,Moisturizer,DermaGlow Hydrating Moisturizer,Video_Review,2023-07-24,17775,542,116535.0,485,82,TXN_001483,2023-07-27,381000.0,Success,0.03049226441631505,215.00922509225092
AD_0148,Awareness Campaign,cold,Sunscreen,DermaGlow UV Shield Sunscreen,Video_Review,2023-11-25,6380,120,183560.0,100,9,TXN_000771,2023-11-26,355000.0,Success,0.018808777429467086,1529.6666666666667
AD_0147,Retargeting Campaign,warm,Moisturizer,DermaGlow Hydrating Moisturizer,Video_Review,2023-06-27,14312,283,259903.0,239,34,TXN_001282,2023-06-28,278000.0,Success,0.019773616545556177,918.3851590106007
AD_0147,Retargeting Campaign,warm,Moisturizer,DermaGlow Hydrating Moisturizer,Video_Review,2023-06-27,14312,283,259903.0,239,34,TXN_001283,2023-06-29,275000.0,Success,0.019773616545556177,918.3851590106007
AD_0752,Retargeting Campaign,warm,Moisturizer,DermaGlow Hydrating Moisturizer,Video_Review,2023-04-24,13533,382,294716.0,331,31,TXN_000683,2023-04-27,298000.0,Success,0.028227296238823616,771.5078534031413
AD_0971,Flash Sale Campaign,cold,Moisturizer,DermaGlow Hydrating Moisturizer,Static_Catalog,2023-06-25,14044,194,405428.0,171,13,,,,,0.013813728282540587,2089.8350515463917
AD_0771,Flash Sale Campaign,cold,Serum,DermaGlow Brightening Serum,Video_Review,2023-04-30,13895,365,250737.0,327,24,TXN_000565,2023-05-01,424000.0,Success,0.02626844188557035,686.9506849315069
AD_0771,Flash Sale Campaign,cold,Serum,DermaGlow Brightening Serum,Video_Review,2023-04-30,13895,365,250737.0,327,24,TXN_000562,2023-04-30,126000.0,Success,0.02626844188557035,686.9506849315069
AD_0771,Flash Sale Campaign,cold,Serum,DermaGlow Brightening Serum,Video_Review,2023-04-30,13895,365,250737.0,327,24,TXN_000567,2023-05-01,423000.0,Success,0.02626844188557035,686.9506849315069
AD_0771,Flash Sale Campaign,cold,Serum,DermaGlow Brightening Serum,Video_Review,2023-04-30,13895,365,250737.0,327,24,TXN_000564,2023-04-30,186000.0,Success,0.02626844188557035,686.9506849315069
AD_0771,Flash Sale Campaign,cold,Serum,DermaGlow Brightening Serum,Video_Review,2023-04-30,13895,365,250737.0,327,24,TXN_000563,2023-05-02,439000.0,Success,0.02626844188557035,686.9506849315069
AD_0660,Retargeting Campaign,warm,Serum,DermaGlow Brightening Serum,Static_Catalog,2023-09-03,7603,110,273501.0,88,11,TXN_001184,2023-09-04,471000.0,Success,0.014467973168486125,2486.3727272727274
AD_0349,Awareness Campaign,cold,Cleanser,DermaGlow Gentle Cleanser,Static_Catalog,2023-11-06,15547,140,2379577.0,117,6,TXN_002289,2023-11-09,282000.0,Success,0.009004952723998198,16996.97857142857
AD_0464,Retargeting Campaign,warm,Sunscreen,DermaGlow UV Shield Sunscreen,Video_Review,2023-03-06,16182,379,352084.0,319,37,TXN_002470,2023-03-06,292000.0,Success,0.02342108515634656,928.9815303430079
AD_0326,Awareness Campaign,cold,Sunscreen,DermaGlow UV Shield Sunscreen,Static_Catalog,2023-06-28,10802,122,118354.0,104,14,TXN_001300,2023-06-28,201000.0,Success,0.011294204776893168,970.1147540983607
AD_0326,Awareness Campaign,cold,Sunscreen,DermaGlow UV Shield Sunscreen,Static_Catalog,2023-06-28,10802,122,118354.0,104,14,TXN_001302,2023-06-30,388000.0,Success,0.011294204776893168,970.1147540983607
AD_0326,Awareness Campaign,cold,Sunscreen,DermaGlow UV Shield Sunscreen,Static_Catalog,2023-06-28,10802,122,118354.0,104,14,TXN_001299,2023-06-30,270000.0,Success,0.011294204776893168,970.1147540983607
AD_0326,Awareness Campaign,cold,Sunscreen,DermaGlow UV Shield Sunscreen,Static_Catalog,2023-06-28,10802,122,118354.0,104,14,TXN_001297,2023-06-28,351000.0,Success,0.011294204776893168,970.1147540983607
AD_0326,Awareness Campaign,cold,Sunscreen,DermaGlow UV Shield Sunscreen,Static_Catalog,2023-06-28,10802,122,118354.0,104,14,TXN_001301,2023-06-28,102000.0,Success,0.011294204776893168,970.1147540983607
AD_0326,Awareness Campaign,cold,Sunscreen,DermaGlow UV Shield Sunscreen,Static_Catalog,2023-06-28,10802,122,118354.0,104,14,TXN_001298,2023-06-30,517000.0,Success,0.011294204776893168,970.1147540983607
AD_0187,Flash Sale Campaign,cold,Moisturizer,DermaGlow Hydrating Moisturizer,Static_Catalog,2023-11-30,16508,249,258492.0,215,17,,,,,0.015083595832323722,1038.120481927711
AD_0124,Retargeting Campaign,warm,Moisturizer,DermaGlow Hydrating Moisturizer,Video_Review,2023-12-25,8301,249,216739.0,202,37,TXN_001030,2023-12-25,436000.0,Success,0.029996385977593062,870.437751004016
AD_0889,Retargeting Campaign,warm,Serum,DermaGlow Brightening Serum,Video_Review,2023-09-22,10531,266,206538.0,233,37,TXN_002017,2023-09-25,110000.0,Success,0.02525875985186592,776.4586466165414
AD_0889,Retargeting Campaign,warm,Serum,DermaGlow Brightening Serum,Video_Review,2023-09-22,10531,266,206538.0,233,37,TXN_002016,2023-09-22,300000.0,Success,0.02525875985186592,776.4586466165414
AD_0609,Flash Sale Campaign,cold,Serum,DermaGlow Brightening Serum,Static_Catalog,2023-07-25,10150,155,466862.0,137,11,,,,,0.015270935960591134,3012.0129032258064
AD_0144,Retargeting Campaign,warm,Sunscreen,DermaGlow UV Shield Sunscreen,Static_Catalog,2023-11-15,15202,226,311169.0,184,36,,,,,0.01486646493882384,1376.853982300885
AD_0198,Flash Sale Campaign,cold,Sunscreen,DermaGlow UV Shield Sunscreen,Static_Catalog,2023-04-20,16153,189,207522.0,161,31,TXN_001927,2023-04-23,110000.0,Success,0.01170061288924658,1098.0
AD_0198,Flash Sale Campaign,cold,Sunscreen,DermaGlow UV Shield Sunscreen,Static_Catalog,2023-04-20,16153,189,207522.0,161,31,TXN_001930,2023-04-21,327000.0,Success,0.01170061288924658,1098.0
AD_0198,Flash Sale Campaign,cold,Sunscreen,DermaGlow UV Shield Sunscreen,Static_Catalog,2023-04-20,16153,189,207522.0,161,31,TXN_001929,2023-04-22,101000.0,Success,0.01170061288924658,1098.0
AD_0198,Flash Sale Campaign,cold,Sunscreen,DermaGlow UV Shield Sunscreen,Static_Catalog,2023-04-20,16153,189,207522.0,161,31,TXN_001926,2023-04-21,262000.0,Success,0.01170061288924658,1098.0
AD_0198,Flash Sale Campaign,cold,Sunscreen,DermaGlow UV Shield Sunscreen,Static_Catalog,2023-04-20,16153,189,207522.0,161,31,TXN_001931,2023-04-20,131000.0,Success,0.01170061288924658,1098.0
AD_0610,Flash Sale Campaign,cold,Sunscreen,DermaGlow UV Shield Sunscreen,Static_Catalog,2023-02-16,15033,210,337919.0,180,35,,,,,0.013969267611255238,1609.1380952380953
AD_0280,Retargeting Campaign,warm,Serum,DermaGlow Brightening Serum,Video_Review,2023-03-01,12569,374,257547.0,310,27,,,,,0.029755748269552074,688.6283422459893
AD_0294,Flash Sale Campaign,cold,Cleanser,DermaGlow Gentle Cleanser,Video_Review,2023-07-20,16250,486,412023.0,435,23,,,,,0.02990769230769231,847.783950617284
AD_0401,Awareness Campaign,cold,Sunscreen,DermaGlow UV Shield Sunscreen,Static_Catalog,2023-02-28,19700,190,102642.0,154,11,TXN_000799,2023-02-28,397000.0,Success,0.009644670050761422,540.2210526315789
AD_0401,Awareness Campaign,cold,Sunscreen,DermaGlow UV Shield Sunscreen,Static_Catalog,2023-02-28,19700,190,102642.0,154,11,TXN_000793,2023-03-01,425000.0,Success,0.009644670050761422,540.2210526315789
AD_0401,Awareness Campaign,cold,Sunscreen,DermaGlow UV Shield Sunscreen,Static_Catalog,2023-02-28,19700,190,102642.0,154,11,TXN_000794,2023-03-02,411000.0,Success,0.009644670050761422,540.2210526315789
AD_0401,Awareness Campaign,cold,Sunscreen,DermaGlow UV Shield Sunscreen,Static_Catalog,2023-02-28,19700,190,102642.0,154,11,TXN_000797,2023-03-02,215000.0,Success,0.009644670050761422,540.2210526315789
AD_0401,Awareness Campaign,cold,Sunscreen,DermaGlow UV Shield Sunscreen,Static_Catalog,2023-02-28,19700,190,102642.0,154,11,TXN_000796,2023-03-01,238000.0,Success,0.009644670050761422,540.2210526315789
AD_0123,Retargeting Campaign,warm,Serum,DermaGlow Brightening Serum,Static_Catalog,2023-02-28,11223,108,259601.0,86,7,TXN_001180,2023-03-03,298000.0,Success,0.009623095429029671,2403.712962962963
AD_0123,Retargeting Campaign,warm,Serum,DermaGlow Brightening Serum,Static_Catalog,2023-02-28,11223,108,259601.0,86,7,TXN_001181,2023-03-01,141000.0,Success,0.009623095429029671,2403.712962962963
AD_0184,Awareness Campaign,cold,Sunscreen,DermaGlow UV Shield Sunscreen,Video_Review,2023-10-14,5629,112,302332.0,93,16,,,,,0.019896962160241605,2699.3928571428573
AD_0203,Retargeting Campaign,warm,Moisturizer,DermaGlow Hydrating Moisturizer,Static_Catalog,2023-09-20,14052,136,380887.0,119,9,,,,,0.009678337603188158,2800.639705882353
AD_0439,Awareness Campaign,cold,Cleanser,DermaGlow Gentle Cleanser,Static_Catalog,2023-10-21,9290,140,193405.0,115,14,,,,,0.015069967707212056,1381.4642857142858
AD_0247,Flash Sale Campaign,cold,Moisturizer,DermaGlow Hydrating Moisturizer,Static_Catalog,2023-08-17,15553,193,155147.0,168,33,TXN_002488,2023-08-19,288000.0,Success,0.012409181508390665,803.8704663212435
AD_0247,Flash Sale Campaign,cold,Moisturizer,DermaGlow Hydrating Moisturizer,Static_Catalog,2023-08-17,15553,193,155147.0,168,33,TXN_002490,2023-08-19,404000.0,Success,0.012409181508390665,803.8704663212435
AD_0247,Flash Sale Campaign,cold,Moisturizer,DermaGlow Hydrating Moisturizer,Static_Catalog,2023-08-17,15553,193,155147.0,168,33,TXN_002487,2023-08-18,121000.0,Success,0.012409181508390665,803.8704663212435
AD_0247,Flash Sale Campaign,cold,Moisturizer,DermaGlow Hydrating Moisturizer,Static_Catalog,2023-08-17,15553,193,155147.0,168,33,TXN_002489,2023-08-20,465000.0,Success,0.012409181508390665,803.8704663212435
AD_0247,Flash Sale Campaign,cold,Moisturizer,DermaGlow Hydrating Moisturizer,Static_Catalog,2023-08-17,15553,193,155147.0,168,33,TXN_002491,2023-08-20,135000.0,Success,0.012409181508390665,803.8704663212435
AD_0416,Retargeting Campaign,warm,Sunscreen,DermaGlow UV Shield Sunscreen,Video_Review,2023-10-04,17105,511,342998.0,419,71,TXN_001668,2023-10-07,429000.0,Success,0.029874305758550133,671.2289628180039
AD_0416,Retargeting Campaign,warm,Sunscreen,DermaGlow UV Shield Sunscreen,Video_Review,2023-10-04,17105,511,342998.0,419,71,TXN_001667,2023-10-04,481000.0,Success,0.029874305758550133,671.2289628180039
AD_0808,Flash Sale Campaign,cold,Sunscreen,DermaGlow UV Shield Sunscreen,Video_Review,2023-06-11,9841,185,228041.0,152,15,,,,,0.018798902550553807,1232.654054054054
AD_0797,Awareness Campaign,cold,Serum,DermaGlow Brightening Serum,Video_Review,2023-08-15,16107,457,193650.0,374,24,,,,,0.02837275718631651,423.7417943107221
AD_0960,Flash Sale Campaign,cold,Serum,DermaGlow Brightening Serum,Video_Review,2023-06-05,18690,565,239152.0,493,36,TXN_000183,2023-06-06,111000.0,Success,0.030230069555912252,423.2778761061947
AD_0800,Retargeting Campaign,warm,Sunscreen,DermaGlow UV Shield Sunscreen,Video_Review,2023-03-31,9971,228,108314.0,199,13,TXN_000471,2023-04-02,240000.0,Success,0.02286631230568649,475.06140350877195
AD_0800,Retargeting Campaign,warm,Sunscreen,DermaGlow UV Shield Sunscreen,Video_Review,2023-03-31,9971,228,108314.0,199,13,TXN_000470,2023-04-01,144000.0,Success,0.02286631230568649,475.06140350877195
AD_0924,Flash Sale Campaign,cold,Sunscreen,DermaGlow UV Shield Sunscreen,Static_Catalog,2023-01-15,8003,94,197919.0,81,5,,,,,0.011745595401724353,2105.521276595745
AD_0130,Retargeting Campaign,warm,Cleanser,DermaGlow Gentle Cleanser,Video_Review,2023-05-28,12101,385,138890.0,320,53,TXN_001945,2023-05-29,81000.0,Success,0.03181555243368317,360.75324675324674
AD_0130,Retargeting Campaign,warm,Cleanser,DermaGlow Gentle Cleanser,Video_Review,2023-05-28,12101,385,138890.0,320,53,TXN_001944,2023-05-30,395000.0,Success,0.03181555243368317,360.75324675324674
AD_0130,Retargeting Campaign,warm,Cleanser,DermaGlow Gentle Cleanser,Video_Review,2023-05-28,12101,385,138890.0,320,53,TXN_001943,2023-05-28,125000.0,Success,0.03181555243368317,360.75324675324674
AD_0638,Retargeting Campaign,warm,Moisturizer,DermaGlow Hydrating Moisturizer,Video_Review,2023-12-10,9704,182,356228.0,161,17,TXN_000399,2023-12-12,522000.0,Success,0.01875515251442704,1957.2967032967033
AD_0638,Retargeting Campaign,warm,Moisturizer,DermaGlow Hydrating Moisturizer,Video_Review,2023-12-10,9704,182,356228.0,161,17,TXN_000400,2023-12-11,459000.0,Success,0.01875515251442704,1957.2967032967033
AD_0937,Flash Sale Campaign,cold,Serum,DermaGlow Brightening Serum,Video_Review,2023-03-30,15903,411,430328.0,359,58,TXN_001086,2023-03-30,86000.0,Success,0.025844180343331448,1047.0267639902677
AD_0937,Flash Sale Campaign,cold,Serum,DermaGlow Brightening Serum,Video_Review,2023-03-30,15903,411,430328.0,359,58,TXN_001087,2023-03-30,371000.0,Success,0.025844180343331448,1047.0267639902677
AD_0802,Flash Sale Campaign,cold,Moisturizer,DermaGlow Hydrating Moisturizer,Video_Review,2023-03-19,13266,238,386740.0,208,41,TXN_001965,2023-03-19,242000.0,Success,0.01794060003015227,1624.9579831932774
AD_0802,Flash Sale Campaign,cold,Moisturizer,DermaGlow Hydrating Moisturizer,Video_Review,2023-03-19,13266,238,386740.0,208,41,TXN_001964,2023-03-20,196000.0,Success,0.01794060003015227,1624.9579831932774
AD_0736,Retargeting Campaign,warm,Moisturizer,DermaGlow Hydrating Moisturizer,Video_Review,2023-03-14,11698,252,380092.0,220,31,TXN_002478,2023-03-17,353000.0,Success,0.021542143956231833,1508.3015873015872
AD_0950,Flash Sale Campaign,cold,Moisturizer,DermaGlow Hydrating Moisturizer,Static_Catalog,2023-02-26,5432,82,344288.0,68,13,TXN_000368,2023-02-27,378000.0,Success,0.015095729013254787,4198.634146341464
AD_0220,Awareness Campaign,cold,Sunscreen,DermaGlow UV Shield Sunscreen,Static_Catalog,2023-08-04,14629,207,393894.0,171,10,,,,,0.01414997607491968,1902.8695652173913
AD_0642,Awareness Campaign,cold,Sunscreen,DermaGlow UV Shield Sunscreen,Video_Review,2023-09-28,17486,501,179795.0,425,65,TXN_001491,2023-09-28,78000.0,Success,0.028651492622669566,358.87225548902194
AD_0642,Awareness Campaign,cold,Sunscreen,DermaGlow UV Shield Sunscreen,Video_Review,2023-09-28,17486,501,179795.0,425,65,TXN_001489,2023-09-28,263000.0,Success,0.028651492622669566,358.87225548902194
AD_0642,Awareness Campaign,cold,Sunscreen,DermaGlow UV Shield Sunscreen,Video_Review,2023-09-28,17486,501,179795.0,425,65,TXN_001490,2023-10-01,110000.0,Success,0.028651492622669566,358.87225548902194
AD_0952,Retargeting Campaign,warm,Serum,DermaGlow Brightening Serum,Video_Review,2023-05-25,11515,266,306384.0,213,39,TXN_000533,2023-05-28,327000.0,Success,0.023100303951367782,1151.8195488721803
AD_0784,Flash Sale Campaign,cold,Moisturizer,DermaGlow Hydrating Moisturizer,Static_Catalog,2023-04-14,13343,162,427891.0,138,8,TXN_001962,2023-04-14,194000.0,Success,0.012141197631717005,2641.3024691358023
AD_0784,Flash Sale Campaign,cold,Moisturizer,DermaGlow Hydrating Moisturizer,Static_Catalog,2023-04-14,13343,162,427891.0,138,8,TXN_001961,2023-04-17,344000.0,Success,0.012141197631717005,2641.3024691358023
AD_0888,Flash Sale Campaign,cold,Serum,DermaGlow Brightening Serum,Video_Review,2023-07-17,8936,245,276687.0,207,14,TXN_001989,2023-07-18,479000.0,Success,0.027417188898836167,1129.334693877551
AD_0957,Flash Sale Campaign,cold,Cleanser,DermaGlow Gentle Cleanser,Video_Review,2023-11-04,12838,252,308851.0,211,32,TXN_000713,2023-11-06,188000.0,Success,0.019629225736095966,1225.5992063492063
AD_0625,Retargeting Campaign,warm,Cleanser,DermaGlow Gentle Cleanser,Static_Catalog,2023-02-25,13107,112,193297.0,91,15,,,,,0.008545052262149997,1725.8660714285713
AD_0873,Flash Sale Campaign,cold,Moisturizer,DermaGlow Hydrating Moisturizer,Static_Catalog,2023-09-10,8201,86,440343.0,75,8,,,,,0.01048652603341056,5120.267441860465
AD_0923,Flash Sale Campaign,cold,Sunscreen,DermaGlow UV Shield Sunscreen,Static_Catalog,2023-06-09,7780,92,232475.0,73,10,TXN_001280,2023-06-10,296000.0,Success,0.011825192802056555,2526.9021739130435
AD_0923,Flash Sale Campaign,cold,Sunscreen,DermaGlow UV Shield Sunscreen,Static_Catalog,2023-06-09,7780,92,232475.0,73,10,TXN_001281,2023-06-12,303000.0,Success,0.011825192802056555,2526.9021739130435
AD_0387,Flash Sale Campaign,cold,Moisturizer,DermaGlow Hydrating Moisturizer,Video_Review,2023-03-14,11357,312,494754.0,253,41,,,,,0.027472043673505326,1585.75
AD_0510,Retargeting Campaign,warm,Sunscreen,DermaGlow UV Shield Sunscreen,Video_Review,2023-04-06,16667,350,404082.0,292,43,,,,,0.020999580008399833,1154.52
AD_0268,Flash Sale Campaign,cold,Moisturizer,DermaGlow Hydrating Moisturizer,Video_Review,2023-03-27,8633,161,309093.0,142,16,,,,,0.018649368701494265,1919.832298136646
AD_0853,Awareness Campaign,cold,Cleanser,DermaGlow Gentle Cleanser,Static_Catalog,2023-06-02,15384,184,217265.0,160,26,,,,,0.011960478419136765,1180.7880434782608
AD_0442,Retargeting Campaign,warm,Moisturizer,DermaGlow Hydrating Moisturizer,Video_Review,2023-04-06,16732,450,478669.0,390,38,,,,,0.026894573272770738,1063.7088888888889
AD_0497,Flash Sale Campaign,cold,Serum,DermaGlow Brightening Serum,Static_Catalog,2023-12-01,15869,235,147111.0,191,11,TXN_000129,2023-12-02,153000.0,Success,0.014808746612893062,626.0042553191489
AD_0497,Flash Sale Campaign,cold,Serum,DermaGlow Brightening Serum,Static_Catalog,2023-12-01,15869,235,147111.0,191,11,TXN_000130,2023-12-03,254000.0,Success,0.014808746612893062,626.0042553191489
AD_0113,Awareness Campaign,cold,Moisturizer,DermaGlow Hydrating Moisturizer,Static_Catalog,2023-04-28,12182,189,251878.0,162,9,TXN_002420,2023-04-29,164000.0,Success,0.015514693810540141,1332.6878306878307
AD_0113,Awareness Campaign,cold,Moisturizer,DermaGlow Hydrating Moisturizer,Static_Catalog,2023-04-28,12182,189,251878.0,162,9,TXN_002421,2023-05-01,386000.0,Success,0.015514693810540141,1332.6878306878307
AD_0113,Awareness Campaign,cold,Moisturizer,DermaGlow Hydrating Moisturizer,Static_Catalog,2023-04-28,12182,189,251878.0,162,9,TXN_002423,2023-04-29,305000.0,Success,0.015514693810540141,1332.6878306878307
AD_0113,Awareness Campaign,cold,Moisturizer,DermaGlow Hydrating Moisturizer,Static_Catalog,2023-04-28,12182,189,251878.0,162,9,TXN_002425,2023-05-01,123000.0,Success,0.015514693810540141,1332.6878306878307
AD_0692,Retargeting Campaign,warm,Sunscreen,DermaGlow UV Shield Sunscreen,Static_Catalog,2023-11-09,11025,131,354043.0,116,22,TXN_001248,2023-11-10,370000.0,Success,0.011882086167800454,2702.618320610687
AD_0692,Retargeting Campaign,warm,Sunscreen,DermaGlow UV Shield Sunscreen,Static_Catalog,2023-11-09,11025,131,354043.0,116,22,TXN_001246,2023-11-10,253000.0,Success,0.011882086167800454,2702.618320610687
AD_0692,Retargeting Campaign,warm,Sunscreen,DermaGlow UV Shield Sunscreen,Static_Catalog,2023-11-09,11025,131,354043.0,116,22,TXN_001247,2023-11-11,107000.0,Success,0.011882086167800454,2702.618320610687
AD_0233,Retargeting Campaign,warm,Moisturizer,DermaGlow Hydrating Moisturizer,Video_Review,2023-04-15,8191,182,204576.0,160,9,,,,,0.022219509217433767,1124.043956043956
AD_0905,Flash Sale Campaign,cold,Cleanser,DermaGlow Gentle Cleanser,Video_Review,2023-06-01,17892,503,272687.0,440,53,TXN_001552,2023-06-02,162000.0,Success,0.028113123183545717,542.1212723658052
AD_0905,Flash Sale Campaign,cold,Cleanser,DermaGlow Gentle Cleanser,Video_Review,2023-06-01,17892,503,272687.0,440,53,TXN_001546,2023-06-03,102000.0,Success,0.028113123183545717,542.1212723658052
AD_0905,Flash Sale Campaign,cold,Cleanser,DermaGlow Gentle Cleanser,Video_Review,2023-06-01,17892,503,272687.0,440,53,TXN_001548,2023-06-01,362000.0,Success,0.028113123183545717,542.1212723658052
AD_0905,Flash Sale Campaign,cold,Cleanser,DermaGlow Gentle Cleanser,Video_Review,2023-06-01,17892,503,272687.0,440,53,TXN_001553,2023-06-04,415000.0,Success,0.028113123183545717,542.1212723658052
AD_0905,Flash Sale Campaign,cold,Cleanser,DermaGlow Gentle Cleanser,Video_Review,2023-06-01,17892,503,272687.0,440,53,TXN_001551,2023-06-01,413000.0,Success,0.028113123183545717,542.1212723658052
AD_0905,Flash Sale Campaign,cold,Cleanser,DermaGlow Gentle Cleanser,Video_Review,2023-06-01,17892,503,272687.0,440,53,TXN_001545,2023-06-01,346000.0,Success,0.028113123183545717,542.1212723658052
AD_0905,Flash Sale Campaign,cold,Cleanser,DermaGlow Gentle Cleanser,Video_Review,2023-06-01,17892,503,272687.0,440,53,TXN_001547,2023-06-03,87000.0,Success,0.028113123183545717,542.1212723658052
AD_0905,Flash Sale Campaign,cold,Cleanser,DermaGlow Gentle Cleanser,Video_Review,2023-06-01,17892,503,272687.0,440,53,TXN_001542,2023-06-04,218000.0,Success,0.028113123183545717,542.1212723658052
AD_0905,Flash Sale Campaign,cold,Cleanser,DermaGlow Gentle Cleanser,Video_Review,2023-06-01,17892,503,272687.0,440,53,TXN_001550,2023-06-04,318000.0,Success,0.028113123183545717,542.1212723658052
AD_0905,Flash Sale Campaign,cold,Cleanser,DermaGlow Gentle Cleanser,Video_Review,2023-06-01,17892,503,272687.0,440,53,TXN_001543,2023-06-04,476000.0,Success,0.028113123183545717,542.1212723658052
AD_0608,Retargeting Campaign,warm,Sunscreen,DermaGlow UV Shield Sunscreen,Static_Catalog,2023-09-27,18516,278,213758.0,246,39,TXN_000788,2023-09-27,137000.0,Success,0.015014041909699719,768.9136690647482
AD_0608,Retargeting Campaign,warm,Sunscreen,DermaGlow UV Shield Sunscreen,Static_Catalog,2023-09-27,18516,278,213758.0,246,39,TXN_000783,2023-09-29,447000.0,Success,0.015014041909699719,768.9136690647482
AD_0608,Retargeting Campaign,warm,Sunscreen,DermaGlow UV Shield Sunscreen,Static_Catalog,2023-09-27,18516,278,213758.0,246,39,TXN_000787,2023-09-29,348000.0,Success,0.015014041909699719,768.9136690647482
AD_0608,Retargeting Campaign,warm,Sunscreen,DermaGlow UV Shield Sunscreen,Static_Catalog,2023-09-27,18516,278,213758.0,246,39,TXN_000786,2023-09-27,391000.0,Success,0.015014041909699719,768.9136690647482
AD_0608,Retargeting Campaign,warm,Sunscreen,DermaGlow UV Shield Sunscreen,Static_Catalog,2023-09-27,18516,278,213758.0,246,39,TXN_000785,2023-09-28,95000.0,Success,0.015014041909699719,768.9136690647482
AD_0672,Flash Sale Campaign,cold,Sunscreen,DermaGlow UV Shield Sunscreen,Static_Catalog,2023-12-21,10823,102,422245.0,86,7,TXN_001522,2023-12-23,89000.0,Success,0.009424374018294374,4139.656862745098
AD_0672,Flash Sale Campaign,cold,Sunscreen,DermaGlow UV Shield Sunscreen,Static_Catalog,2023-12-21,10823,102,422245.0,86,7,TXN_001523,2023-12-22,422000.0,Success,0.009424374018294374,4139.656862745098
AD_0374,Retargeting Campaign,warm,Cleanser,DermaGlow Gentle Cleanser,Video_Review,2023-08-09,14423,346,146002.0,291,28,TXN_001150,2023-08-10,90000.0,Success,0.02398946127712681,421.97109826589593
AD_0374,Retargeting Campaign,warm,Cleanser,DermaGlow Gentle Cleanser,Video_Review,2023-08-09,14423,346,146002.0,291,28,TXN_001151,2023-08-10,76000.0,Success,0.02398946127712681,421.97109826589593
AD_0374,Retargeting Campaign,warm,Cleanser,DermaGlow Gentle Cleanser,Video_Review,2023-08-09,14423,346,146002.0,291,28,TXN_001149,2023-08-09,91000.0,Success,0.02398946127712681,421.97109826589593
AD_0374,Retargeting Campaign,warm,Cleanser,DermaGlow Gentle Cleanser,Video_Review,2023-08-09,14423,346,146002.0,291,28,TXN_001148,2023-08-12,329000.0,Success,0.02398946127712681,421.97109826589593
AD_0878,Awareness Campaign,cold,Cleanser,DermaGlow Gentle Cleanser,Video_Review,2023-03-30,18004,379,201551.0,309,20,TXN_000586,2023-04-01,191000.0,Success,0.02105087758275939,531.7968337730871
AD_0878,Awareness Campaign,cold,Cleanser,DermaGlow Gentle Cleanser,Video_Review,2023-03-30,18004,379,201551.0,309,20,TXN_000589,2023-03-31,229000.0,Success,0.02105087758275939,531.7968337730871
AD_0878,Awareness Campaign,cold,Cleanser,DermaGlow Gentle Cleanser,Video_Review,2023-03-30,18004,379,201551.0,309,20,TXN_000588,2023-03-30,194000.0,Success,0.02105087758275939,531.7968337730871
AD_0878,Awareness Campaign,cold,Cleanser,DermaGlow Gentle Cleanser,Video_Review,2023-03-30,18004,379,201551.0,309,20,TXN_000587,2023-03-31,172000.0,Success,0.02105087758275939,531.7968337730871
AD_0234,Awareness Campaign,cold,Serum,DermaGlow Brightening Serum,Static_Catalog,2023-11-10,9279,108,489878.0,93,17,,,,,0.011639185257032008,4535.907407407408
AD_0817,Retargeting Campaign,warm,Moisturizer,DermaGlow Hydrating Moisturizer,Video_Review,2023-09-15,7737,246,346471.0,203,21,,,,,0.031795269484296236,1408.418699186992
AD_0677,Awareness Campaign,cold,Moisturizer,DermaGlow Hydrating Moisturizer,Video_Review,2023-02-25,8172,256,488681.0,205,17,,,,,0.03132648066568772,1908.91015625
AD_0318,Flash Sale Campaign,cold,Sunscreen,DermaGlow UV Shield Sunscreen,Static_Catalog,2023-04-19,16493,202,496452.0,171,22,TXN_000989,2023-04-20,155000.0,Success,0.012247620202510155,2457.6831683168316
AD_0318,Flash Sale Campaign,cold,Sunscreen,DermaGlow UV Shield Sunscreen,Static_Catalog,2023-04-19,16493,202,496452.0,171,22,TXN_000990,2023-04-22,448000.0,Success,0.012247620202510155,2457.6831683168316
AD_0649,Retargeting Campaign,warm,Serum,DermaGlow Brightening Serum,Video_Review,2023-03-28,13447,346,393459.0,306,58,TXN_001444,2023-03-28,91000.0,Success,0.025730646240797204,1137.1647398843932
AD_0411,Awareness Campaign,cold,Moisturizer,DermaGlow Hydrating Moisturizer,Static_Catalog,2023-02-25,7817,101,497674.0,87,15,,,,,0.012920557758730971,4927.465346534654
AD_0935,Flash Sale Campaign,cold,Cleanser,DermaGlow Gentle Cleanser,Video_Review,2023-10-02,17361,329,160653.0,288,23,,,,,0.018950521283336214,488.30699088145894
AD_0710,Flash Sale Campaign,cold,Moisturizer,DermaGlow Hydrating Moisturizer,Static_Catalog,2023-11-18,12398,168,203475.0,137,15,TXN_000814,2023-11-21,401000.0,Success,0.013550572673011777,1211.1607142857142
AD_0710,Flash Sale Campaign,cold,Moisturizer,DermaGlow Hydrating Moisturizer,Static_Catalog,2023-11-18,12398,168,203475.0,137,15,TXN_000815,2023-11-21,90000.0,Success,0.013550572673011777,1211.1607142857142
AD_0710,Flash Sale Campaign,cold,Moisturizer,DermaGlow Hydrating Moisturizer,Static_Catalog,2023-11-18,12398,168,203475.0,137,15,TXN_000816,2023-11-19,489000.0,Success,0.013550572673011777,1211.1607142857142
AD_0359,Flash Sale Campaign,cold,Moisturizer,DermaGlow Hydrating Moisturizer,Video_Review,2023-12-26,14006,386,174218.0,340,65,TXN_002226,2023-12-26,229000.0,Success,0.027559617306868484,451.3419689119171
AD_0359,Flash Sale Campaign,cold,Moisturizer,DermaGlow Hydrating Moisturizer,Video_Review,2023-12-26,14006,386,174218.0,340,65,TXN_002225,2023-12-27,202000.0,Success,0.027559617306868484,451.3419689119171
AD_0259,Awareness Campaign,cold,Sunscreen,DermaGlow UV Shield Sunscreen,Static_Catalog,2023-02-04,12999,126,294387.0,106,20,TXN_002163,2023-02-06,448000.0,Success,0.009693053311793215,2336.404761904762
AD_0259,Awareness Campaign,cold,Sunscreen,DermaGlow UV Shield Sunscreen,Static_Catalog,2023-02-04,12999,126,294387.0,106,20,TXN_002164,2023-02-07,168000.0,Success,0.009693053311793215,2336.404761904762
AD_0259,Awareness Campaign,cold,Sunscreen,DermaGlow UV Shield Sunscreen,Static_Catalog,2023-02-04,12999,126,294387.0,106,20,TXN_002161,2023-02-05,245000.0,Success,0.009693053311793215,2336.404761904762
AD_0745,Awareness Campaign,cold,Cleanser,DermaGlow Gentle Cleanser,Static_Catalog,2023-01-28,8259,80,203535.0,70,7,,,,,0.00968640271219276,2544.1875
AD_0628,Awareness Campaign,cold,Sunscreen,DermaGlow UV Shield Sunscreen,Static_Catalog,2023-12-01,16196,181,178863.0,147,22,TXN_000665,2023-12-03,157000.0,Success,0.01117559891331193,988.1933701657458
AD_0628,Awareness Campaign,cold,Sunscreen,DermaGlow UV Shield Sunscreen,Static_Catalog,2023-12-01,16196,181,178863.0,147,22,TXN_000666,2023-12-04,317000.0,Success,0.01117559891331193,988.1933701657458
AD_0628,Awareness Campaign,cold,Sunscreen,DermaGlow UV Shield Sunscreen,Static_Catalog,2023-12-01,16196,181,178863.0,147,22,TXN_000664,2023-12-03,423000.0,Success,0.01117559891331193,988.1933701657458
AD_0633,Retargeting Campaign,warm,Moisturizer,DermaGlow Hydrating Moisturizer,Video_Review,2023-06-18,12481,335,274673.0,298,51,,,,,0.02684079801297973,819.9194029850746
AD_0283,Retargeting Campaign,warm,Sunscreen,DermaGlow UV Shield Sunscreen,Video_Review,2023-10-16,13049,291,305735.0,232,35,TXN_000293,2023-10-16,429000.0,Success,0.02230055942984137,1050.635738831615
AD_0377,Retargeting Campaign,warm,Moisturizer,DermaGlow Hydrating Moisturizer,Video_Review,2023-11-20,19258,483,453646.0,425,74,TXN_001028,2023-11-23,199000.0,Success,0.025080486031779002,939.2256728778468
AD_0377,Retargeting Campaign,warm,Moisturizer,DermaGlow Hydrating Moisturizer,Video_Review,2023-11-20,19258,483,453646.0,425,74,TXN_001027,2023-11-20,238000.0,Success,0.025080486031779002,939.2256728778468
AD_0385,Awareness Campaign,cold,Serum,DermaGlow Brightening Serum,Video_Review,2023-11-17,9610,221,294387.0,186,13,,,,,0.02299687825182102,1332.0678733031675
AD_0995,Flash Sale Campaign,cold,Moisturizer,DermaGlow Hydrating Moisturizer,Static_Catalog,2023-11-19,10873,140,352822.0,119,21,,,,,0.012875931205738987,2520.157142857143
AD_0848,Flash Sale Campaign,cold,Sunscreen,DermaGlow UV Shield Sunscreen,Static_Catalog,2023-08-16,17892,260,401033.0,232,18,,,,,0.014531634249944109,1542.4346153846154
AD_0473,Awareness Campaign,cold,Sunscreen,DermaGlow UV Shield Sunscreen,Static_Catalog,2023-04-24,9547,131,405077.0,108,14,,,,,0.013721587933382214,3092.1908396946565
AD_0348,Awareness Campaign,cold,Sunscreen,DermaGlow UV Shield Sunscreen,Video_Review,2023-08-25,8751,275,409521.0,240,47,TXN_000301,2023-08-28,396000.0,Success,0.031424980002285455,1489.1672727272728
AD_0348,Awareness Campaign,cold,Sunscreen,DermaGlow UV Shield Sunscreen,Video_Review,2023-08-25,8751,275,409521.0,240,47,TXN_000303,2023-08-26,441000.0,Success,0.031424980002285455,1489.1672727272728
AD_0348,Awareness Campaign,cold,Sunscreen,DermaGlow UV Shield Sunscreen,Video_Review,2023-08-25,8751,275,409521.0,240,47,TXN_000302,2023-08-28,143000.0,Success,0.031424980002285455,1489.1672727272728
AD_0506,Awareness Campaign,cold,Serum,DermaGlow Brightening Serum,Static_Catalog,2023-03-12,7418,82,351004.0,70,7,TXN_000573,2023-03-12,529000.0,Success,0.011054192504718252,4280.536585365854
AD_0506,Awareness Campaign,cold,Serum,DermaGlow Brightening Serum,Static_Catalog,2023-03-12,7418,82,351004.0,70,7,TXN_000572,2023-03-13,330000.0,Success,0.011054192504718252,4280.536585365854
AD_0640,Awareness Campaign,cold,Serum,DermaGlow Brightening Serum,Video_Review,2023-06-01,7912,161,493711.0,133,18,,,,,0.020348837209302327,3066.527950310559
AD_0798,Flash Sale Campaign,cold,Sunscreen,DermaGlow UV Shield Sunscreen,Video_Review,2023-10-14,14190,356,178422.0,288,39,,,,,0.025088090204369275,501.185393258427
AD_0968,Awareness Campaign,cold,Cleanser,DermaGlow Gentle Cleanser,Static_Catalog,2023-01-28,6074,75,309486.0,60,5,TXN_002107,2023-01-31,444000.0,Success,0.012347711557458018,4126.48
AD_0968,Awareness Campaign,cold,Cleanser,DermaGlow Gentle Cleanser,Static_Catalog,2023-01-28,6074,75,309486.0,60,5,TXN_002108,2023-01-29,135000.0,Success,0.012347711557458018,4126.48
AD_0968,Awareness Campaign,cold,Cleanser,DermaGlow Gentle Cleanser,Static_Catalog,2023-01-28,6074,75,309486.0,60,5,TXN_002110,2023-01-31,122000.0,Success,0.012347711557458018,4126.48
AD_0942,Retargeting Campaign,warm,Cleanser,DermaGlow Gentle Cleanser,Static_Catalog,2023-08-09,14939,186,246935.0,156,8,TXN_001939,2023-08-09,181000.0,Success,0.012450632572461344,1327.6075268817203
AD_0942,Retargeting Campaign,warm,Cleanser,DermaGlow Gentle Cleanser,Static_Catalog,2023-08-09,14939,186,246935.0,156,8,TXN_001936,2023-08-12,406000.0,Success,0.012450632572461344,1327.6075268817203
AD_0942,Retargeting Campaign,warm,Cleanser,DermaGlow Gentle Cleanser,Static_Catalog,2023-08-09,14939,186,246935.0,156,8,TXN_001933,2023-08-09,394000.0,Success,0.012450632572461344,1327.6075268817203
AD_0942,Retargeting Campaign,warm,Cleanser,DermaGlow Gentle Cleanser,Static_Catalog,2023-08-09,14939,186,246935.0,156,8,TXN_001934,2023-08-12,317000.0,Success,0.012450632572461344,1327.6075268817203
AD_0942,Retargeting Campaign,warm,Cleanser,DermaGlow Gentle Cleanser,Static_Catalog,2023-08-09,14939,186,246935.0,156,8,TXN_001935,2023-08-11,446000.0,Success,0.012450632572461344,1327.6075268817203
AD_0942,Retargeting Campaign,warm,Cleanser,DermaGlow Gentle Cleanser,Static_Catalog,2023-08-09,14939,186,246935.0,156,8,TXN_001940,2023-08-10,287000.0,Success,0.012450632572461344,1327.6075268817203
AD_0942,Retargeting Campaign,warm,Cleanser,DermaGlow Gentle Cleanser,Static_Catalog,2023-08-09,14939,186,246935.0,156,8,TXN_001932,2023-08-10,262000.0,Success,0.012450632572461344,1327.6075268817203
AD_0620,Flash Sale Campaign,cold,Cleanser,DermaGlow Gentle Cleanser,Static_Catalog,2023-04-16,9565,134,219875.0,120,21,TXN_000218,2023-04-19,376000.0,Success,0.014009409304756927,1640.858208955224
AD_0620,Flash Sale Campaign,cold,Cleanser,DermaGlow Gentle Cleanser,Static_Catalog,2023-04-16,9565,134,219875.0,120,21,TXN_000216,2023-04-17,420000.0,Success,0.014009409304756927,1640.858208955224
AD_0620,Flash Sale Campaign,cold,Cleanser,DermaGlow Gentle Cleanser,Static_Catalog,2023-04-16,9565,134,219875.0,120,21,TXN_000217,2023-04-16,287000.0,Success,0.014009409304756927,1640.858208955224
AD_0891,Awareness Campaign,cold,Cleanser,DermaGlow Gentle Cleanser,Static_Catalog,2023-11-26,8185,91,13075.0,78,5,,,,,0.011117898594990837,143.6813186813187
AD_0836,Retargeting Campaign,warm,Cleanser,DermaGlow Gentle Cleanser,Static_Catalog,2023-04-06,15593,220,137381.0,197,23,,,,,0.014108895016994805,624.459090909091
AD_0646,Retargeting Campaign,warm,Cleanser,DermaGlow Gentle Cleanser,Video_Review,2023-12-14,11243,228,142317.0,194,15,TXN_000428,2023-12-14,519000.0,Success,0.02027928488837499,624.1973684210526
AD_0646,Retargeting Campaign,warm,Cleanser,DermaGlow Gentle Cleanser,Video_Review,2023-12-14,11243,228,142317.0,194,15,TXN_000426,2023-12-15,119000.0,Success,0.02027928488837499,624.1973684210526
AD_0646,Retargeting Campaign,warm,Cleanser,DermaGlow Gentle Cleanser,Video_Review,2023-12-14,11243,228,142317.0,194,15,TXN_000429,2023-12-16,334000.0,Success,0.02027928488837499,624.1973684210526
AD_0882,Awareness Campaign,cold,Serum,DermaGlow Brightening Serum,Video_Review,2023-01-14,14735,330,304335.0,280,47,,,,,0.022395656599932135,922.2272727272727
AD_0557,Flash Sale Campaign,cold,Cleanser,DermaGlow Gentle Cleanser,Video_Review,2023-11-02,15864,307,180820.0,266,14,TXN_001541,2023-11-03,75000.0,Success,0.019351991931417047,588.9902280130293
AD_1000,Flash Sale Campaign,cold,Serum,DermaGlow Brightening Serum,Static_Catalog,2023-06-03,6284,56,486006.0,50,3,,,,,0.008911521323997454,8678.67857142857
AD_0578,Flash Sale Campaign,cold,Moisturizer,DermaGlow Hydrating Moisturizer,Static_Catalog,2023-04-21,10786,156,400340.0,135,26,TXN_000441,2023-04-23,272000.0,Success,0.014463193027999258,2566.2820512820513
AD_0578,Flash Sale Campaign,cold,Moisturizer,DermaGlow Hydrating Moisturizer,Static_Catalog,2023-04-21,10786,156,400340.0,135,26,TXN_000440,2023-04-24,489000.0,Success,0.014463193027999258,2566.2820512820513
AD_0796,Retargeting Campaign,warm,Cleanser,DermaGlow Gentle Cleanser,Static_Catalog,2023-04-19,19122,212,393151.0,170,11,TXN_001704,2023-04-20,396000.0,Success,0.011086706411463237,1854.4858490566037
AD_0796,Retargeting Campaign,warm,Cleanser,DermaGlow Gentle Cleanser,Static_Catalog,2023-04-19,19122,212,393151.0,170,11,TXN_001702,2023-04-19,444000.0,Success,0.011086706411463237,1854.4858490566037
AD_0796,Retargeting Campaign,warm,Cleanser,DermaGlow Gentle Cleanser,Static_Catalog,2023-04-19,19122,212,393151.0,170,11,TXN_001703,2023-04-22,126000.0,Success,0.011086706411463237,1854.4858490566037
AD_0796,Retargeting Campaign,warm,Cleanser,DermaGlow Gentle Cleanser,Static_Catalog,2023-04-19,19122,212,393151.0,170,11,TXN_001705,2023-04-20,441000.0,Success,0.011086706411463237,1854.4858490566037
AD_0086,Awareness Campaign,cold,Moisturizer,DermaGlow Hydrating Moisturizer,Static_Catalog,2023-01-25,15258,199,486193.0,160,20,TXN_002241,2023-01-28,354000.0,Success,0.013042338445405689,2443.180904522613
AD_0086,Awareness Campaign,cold,Moisturizer,DermaGlow Hydrating Moisturizer,Static_Catalog,2023-01-25,15258,199,486193.0,160,20,TXN_002235,2023-01-25,167000.0,Success,0.013042338445405689,2443.180904522613
AD_0086,Awareness Campaign,cold,Moisturizer,DermaGlow Hydrating Moisturizer,Static_Catalog,2023-01-25,15258,199,486193.0,160,20,TXN_002237,2023-01-25,220000.0,Success,0.013042338445405689,2443.180904522613
AD_0086,Awareness Campaign,cold,Moisturizer,DermaGlow Hydrating Moisturizer,Static_Catalog,2023-01-25,15258,199,486193.0,160,20,TXN_002232,2023-01-28,68000.0,Success,0.013042338445405689,2443.180904522613
AD_0086,Awareness Campaign,cold,Moisturizer,DermaGlow Hydrating Moisturizer,Static_Catalog,2023-01-25,15258,199,486193.0,160,20,TXN_002234,2023-01-28,510000.0,Success,0.013042338445405689,2443.180904522613
AD_0086,Awareness Campaign,cold,Moisturizer,DermaGlow Hydrating Moisturizer,Static_Catalog,2023-01-25,15258,199,486193.0,160,20,TXN_002240,2023-01-25,173000.0,Success,0.013042338445405689,2443.180904522613
AD_0086,Awareness Campaign,cold,Moisturizer,DermaGlow Hydrating Moisturizer,Static_Catalog,2023-01-25,15258,199,486193.0,160,20,TXN_002238,2023-01-25,304000.0,Success,0.013042338445405689,2443.180904522613
AD_0243,Flash Sale Campaign,cold,Moisturizer,DermaGlow Hydrating Moisturizer,Static_Catalog,2023-08-21,9196,127,487732.0,114,18,TXN_001864,2023-08-23,153000.0,Success,0.013810352327098738,3840.4094488188975
AD_0699,Retargeting Campaign,warm,Serum,DermaGlow Brightening Serum,Video_Review,2023-07-30,13720,415,324970.0,339,36,,,,,0.030247813411078718,783.0602409638554
AD_0910,Retargeting Campaign,warm,Moisturizer,DermaGlow Hydrating Moisturizer,Static_Catalog,2023-11-09,10126,87,199847.0,70,3,TXN_001957,2023-11-11,350000.0,Success,0.008591744025281454,2297.0919540229884
AD_0910,Retargeting Campaign,warm,Moisturizer,DermaGlow Hydrating Moisturizer,Static_Catalog,2023-11-09,10126,87,199847.0,70,3,TXN_001958,2023-11-09,372000.0,Success,0.008591744025281454,2297.0919540229884
AD_0910,Retargeting Campaign,warm,Moisturizer,DermaGlow Hydrating Moisturizer,Static_Catalog,2023-11-09,10126,87,199847.0,70,3,TXN_001956,2023-11-09,426000.0,Success,0.008591744025281454,2297.0919540229884
AD_0160,Awareness Campaign,cold,Serum,DermaGlow Brightening Serum,Video_Review,2023-03-20,17698,491,111745.0,406,81,,,,,0.02774324782461295,227.5865580448065
AD_0525,Flash Sale Campaign,cold,Serum,DermaGlow Brightening Serum,Video_Review,2023-06-14,8859,190,327105.0,152,17,,,,,0.021447115927305565,1721.6052631578948
AD_0036,Flash Sale Campaign,cold,Serum,DermaGlow Brightening Serum,Video_Review,2023-01-13,9950,248,432460.0,203,12,,,,,0.02492462311557789,1743.7903225806451
AD_0541,Flash Sale Campaign,cold,Moisturizer,DermaGlow Hydrating Moisturizer,Video_Review,2023-10-14,9571,204,443989.0,165,28,TXN_000300,2023-10-16,410000.0,Success,0.021314387211367674,2176.4166666666665
AD_0171,Retargeting Campaign,warm,Serum,DermaGlow Brightening Serum,Video_Review,2023-07-13,7089,197,312977.0,173,9,,,,,0.027789533079418817,1588.715736040609
AD_0655,Flash Sale Campaign,cold,Serum,DermaGlow Brightening Serum,Static_Catalog,2023-06-18,6936,64,275037.0,56,6,TXN_001851,2023-06-20,260000.0,Success,0.00922722029988466,4297.453125
AD_0655,Flash Sale Campaign,cold,Serum,DermaGlow Brightening Serum,Static_Catalog,2023-06-18,6936,64,275037.0,56,6,TXN_001852,2023-06-20,244000.0,Success,0.00922722029988466,4297.453125
AD_0655,Flash Sale Campaign,cold,Serum,DermaGlow Brightening Serum,Static_Catalog,2023-06-18,6936,64,275037.0,56,6,TXN_001850,2023-06-21,310000.0,Success,0.00922722029988466,4297.453125
AD_0655,Flash Sale Campaign,cold,Serum,DermaGlow Brightening Serum,Static_Catalog,2023-06-18,6936,64,275037.0,56,6,TXN_001849,2023-06-19,159000.0,Success,0.00922722029988466,4297.453125
AD_0655,Flash Sale Campaign,cold,Serum,DermaGlow Brightening Serum,Static_Catalog,2023-06-18,6936,64,275037.0,56,6,TXN_001853,2023-06-19,150000.0,Success,0.00922722029988466,4297.453125
AD_0927,Awareness Campaign,cold,Sunscreen,DermaGlow UV Shield Sunscreen,Video_Review,2023-08-30,12844,324,111319.0,269,26,,,,,0.025225786359389598,343.57716049382714
AD_0893,Awareness Campaign,cold,Moisturizer,DermaGlow Hydrating Moisturizer,Static_Catalog,2023-11-30,17095,191,118706.0,167,8,TXN_001162,2023-12-03,67000.0,Success,0.011172857560690261,621.4973821989529
AD_0893,Awareness Campaign,cold,Moisturizer,DermaGlow Hydrating Moisturizer,Static_Catalog,2023-11-30,17095,191,118706.0,167,8,TXN_001152,2023-11-30,391000.0,Success,0.011172857560690261,621.4973821989529
AD_0893,Awareness Campaign,cold,Moisturizer,DermaGlow Hydrating Moisturizer,Static_Catalog,2023-11-30,17095,191,118706.0,167,8,TXN_001158,2023-11-30,241000.0,Success,0.011172857560690261,621.4973821989529
AD_0893,Awareness Campaign,cold,Moisturizer,DermaGlow Hydrating Moisturizer,Static_Catalog,2023-11-30,17095,191,118706.0,167,8,TXN_001156,2023-11-30,489000.0,Success,0.011172857560690261,621.4973821989529
AD_0893,Awareness Campaign,cold,Moisturizer,DermaGlow Hydrating Moisturizer,Static_Catalog,2023-11-30,17095,191,118706.0,167,8,TXN_001157,2023-11-30,221000.0,Success,0.011172857560690261,621.4973821989529
AD_0893,Awareness Campaign,cold,Moisturizer,DermaGlow Hydrating Moisturizer,Static_Catalog,2023-11-30,17095,191,118706.0,167,8,TXN_001159,2023-11-30,139000.0,Success,0.011172857560690261,621.4973821989529
AD_0893,Awareness Campaign,cold,Moisturizer,DermaGlow Hydrating Moisturizer,Static_Catalog,2023-11-30,17095,191,118706.0,167,8,TXN_001155,2023-11-30,156000.0,Success,0.011172857560690261,621.4973821989529
AD_0893,Awareness Campaign,cold,Moisturizer,DermaGlow Hydrating Moisturizer,Static_Catalog,2023-11-30,17095,191,118706.0,167,8,TXN_001154,2023-11-30,206000.0,Success,0.011172857560690261,621.4973821989529
AD_0893,Awareness Campaign,cold,Moisturizer,DermaGlow Hydrating Moisturizer,Static_Catalog,2023-11-30,17095,191,118706.0,167,8,TXN_001163,2023-12-03,548000.0,Success,0.011172857560690261,621.4973821989529
AD_0893,Awareness Campaign,cold,Moisturizer,DermaGlow Hydrating Moisturizer,Static_Catalog,2023-11-30,17095,191,118706.0,167,8,TXN_001153,2023-12-02,172000.0,Success,0.011172857560690261,621.4973821989529
AD_0883,Retargeting Campaign,warm,Cleanser,DermaGlow Gentle Cleanser,Static_Catalog,2023-11-03,11521,98,491806.0,88,5,,,,,0.008506206058501865,5018.428571428572
AD_0984,Retargeting Campaign,warm,Cleanser,DermaGlow Gentle Cleanser,Static_Catalog,2023-03-25,10969,124,147367.0,105,9,TXN_001993,2023-03-25,287000.0,Success,0.011304585650469505,1188.4435483870968
AD_0984,Retargeting Campaign,warm,Cleanser,DermaGlow Gentle Cleanser,Static_Catalog,2023-03-25,10969,124,147367.0,105,9,TXN_001991,2023-03-26,283000.0,Success,0.011304585650469505,1188.4435483870968
AD_0984,Retargeting Campaign,warm,Cleanser,DermaGlow Gentle Cleanser,Static_Catalog,2023-03-25,10969,124,147367.0,105,9,TXN_001990,2023-03-27,441000.0,Success,0.011304585650469505,1188.4435483870968
AD_0734,Flash Sale Campaign,cold,Serum,DermaGlow Brightening Serum,Video_Review,2023-04-03,18534,514,388137.0,441,34,,,,,0.02773281536635373,755.1303501945525
AD_0096,Retargeting Campaign,warm,Moisturizer,DermaGlow Hydrating Moisturizer,Static_Catalog,2023-05-17,15162,134,236487.0,116,6,TXN_002128,2023-05-19,226000.0,Success,0.008837884184144572,1764.8283582089553
AD_0096,Retargeting Campaign,warm,Moisturizer,DermaGlow Hydrating Moisturizer,Static_Catalog,2023-05-17,15162,134,236487.0,116,6,TXN_002129,2023-05-20,325000.0,Success,0.008837884184144572,1764.8283582089553
AD_0096,Retargeting Campaign,warm,Moisturizer,DermaGlow Hydrating Moisturizer,Static_Catalog,2023-05-17,15162,134,236487.0,116,6,TXN_002127,2023-05-18,533000.0,Success,0.008837884184144572,1764.8283582089553
AD_0096,Retargeting Campaign,warm,Moisturizer,DermaGlow Hydrating Moisturizer,Static_Catalog,2023-05-17,15162,134,236487.0,116,6,TXN_002126,2023-05-17,351000.0,Success,0.008837884184144572,1764.8283582089553
AD_0564,Flash Sale Campaign,cold,Sunscreen,DermaGlow UV Shield Sunscreen,Video_Review,2023-09-03,14974,312,255918.0,268,14,TXN_002367,2023-09-03,137000.0,Success,0.020836115934286095,820.25
AD_0241,Retargeting Campaign,warm,Sunscreen,DermaGlow UV Shield Sunscreen,Static_Catalog,2023-09-28,14569,145,170119.0,122,14,,,,,0.009952639165351088,1173.2344827586207
AD_0743,Awareness Campaign,cold,Serum,DermaGlow Brightening Serum,Video_Review,2023-04-13,17417,452,114650.0,382,33,,,,,0.02595165642762818,253.6504424778761
AD_0575,Awareness Campaign,cold,Cleanser,DermaGlow Gentle Cleanser,Video_Review,2023-02-25,9206,218,180863.0,174,17,,,,,0.02368020855963502,829.6467889908257
AD_0691,Retargeting Campaign,warm,Sunscreen,DermaGlow UV Shield Sunscreen,Video_Review,2023-05-27,10111,312,103626.0,266,32,TXN_000571,2023-05-27,130000.0,Success,0.030857481950351102,332.13461538461536
AD_0691,Retargeting Campaign,warm,Sunscreen,DermaGlow UV Shield Sunscreen,Video_Review,2023-05-27,10111,312,103626.0,266,32,TXN_000568,2023-05-30,457000.0,Success,0.030857481950351102,332.13461538461536
AD_0691,Retargeting Campaign,warm,Sunscreen,DermaGlow UV Shield Sunscreen,Video_Review,2023-05-27,10111,312,103626.0,266,32,TXN_000569,2023-05-30,149000.0,Success,0.030857481950351102,332.13461538461536
AD_0691,Retargeting Campaign,warm,Sunscreen,DermaGlow UV Shield Sunscreen,Video_Review,2023-05-27,10111,312,103626.0,266,32,TXN_000570,2023-05-30,337000.0,Success,0.030857481950351102,332.13461538461536
AD_0461,Awareness Campaign,cold,Serum,DermaGlow Brightening Serum,Static_Catalog,2023-03-01,18803,206,289052.0,171,33,,,,,0.010955698558740627,1403.1650485436894
AD_0554,Awareness Campaign,cold,Sunscreen,DermaGlow UV Shield Sunscreen,Video_Review,2023-06-13,10618,290,395184.0,235,15,TXN_001099,2023-06-13,265000.0,Success,0.027312111508758712,1362.703448275862
AD_0554,Awareness Campaign,cold,Sunscreen,DermaGlow UV Shield Sunscreen,Video_Review,2023-06-13,10618,290,395184.0,235,15,TXN_001100,2023-06-15,530000.0,Success,0.027312111508758712,1362.703448275862
AD_0858,Flash Sale Campaign,cold,Moisturizer,DermaGlow Hydrating Moisturizer,Static_Catalog,2023-03-20,10273,135,209101.0,112,17,TXN_002437,2023-03-23,365000.0,Success,0.01314124403776891,1548.8962962962962
AD_0858,Flash Sale Campaign,cold,Moisturizer,DermaGlow Hydrating Moisturizer,Static_Catalog,2023-03-20,10273,135,209101.0,112,17,TXN_002438,2023-03-20,183000.0,Success,0.01314124403776891,1548.8962962962962
AD_0858,Flash Sale Campaign,cold,Moisturizer,DermaGlow Hydrating Moisturizer,Static_Catalog,2023-03-20,10273,135,209101.0,112,17,TXN_002435,2023-03-20,398000.0,Success,0.01314124403776891,1548.8962962962962
AD_0858,Flash Sale Campaign,cold,Moisturizer,DermaGlow Hydrating Moisturizer,Static_Catalog,2023-03-20,10273,135,209101.0,112,17,TXN_002432,2023-03-22,136000.0,Success,0.01314124403776891,1548.8962962962962
AD_0858,Flash Sale Campaign,cold,Moisturizer,DermaGlow Hydrating Moisturizer,Static_Catalog,2023-03-20,10273,135,209101.0,112,17,TXN_002433,2023-03-23,349000.0,Success,0.01314124403776891,1548.8962962962962
AD_0858,Flash Sale Campaign,cold,Moisturizer,DermaGlow Hydrating Moisturizer,Static_Catalog,2023-03-20,10273,135,209101.0,112,17,TXN_002436,2023-03-20,448000.0,Success,0.01314124403776891,1548.8962962962962
AD_0914,Flash Sale Campaign,cold,Serum,DermaGlow Brightening Serum,Static_Catalog,2023-01-23,17708,153,307440.0,123,12,,,,,0.008640162638355545,2009.4117647058824
AD_0207,Retargeting Campaign,warm,Moisturizer,DermaGlow Hydrating Moisturizer,Video_Review,2023-08-30,16776,479,117633.0,405,52,TXN_000071,2023-08-30,495000.0,Success,0.028552694325226512,245.580375782881
AD_0207,Retargeting Campaign,warm,Moisturizer,DermaGlow Hydrating Moisturizer,Video_Review,2023-08-30,16776,479,117633.0,405,52,TXN_000074,2023-09-02,84000.0,Success,0.028552694325226512,245.580375782881
AD_0393,Awareness Campaign,cold,Moisturizer,DermaGlow Hydrating Moisturizer,Static_Catalog,2023-05-06,5139,66,381696.0,55,9,,,,,0.01284296555750146,5783.272727272727
AD_0795,Retargeting Campaign,warm,Sunscreen,DermaGlow UV Shield Sunscreen,Static_Catalog,2023-09-12,14482,216,315657.0,178,22,TXN_001733,2023-09-13,568000.0,Success,0.014915066979698936,1461.375
AD_0795,Retargeting Campaign,warm,Sunscreen,DermaGlow UV Shield Sunscreen,Static_Catalog,2023-09-12,14482,216,315657.0,178,22,TXN_001736,2023-09-15,341000.0,Success,0.014915066979698936,1461.375
AD_0795,Retargeting Campaign,warm,Sunscreen,DermaGlow UV Shield Sunscreen,Static_Catalog,2023-09-12,14482,216,315657.0,178,22,TXN_001735,2023-09-12,238000.0,Success,0.014915066979698936,1461.375
AD_0398,Awareness Campaign,cold,Cleanser,DermaGlow Gentle Cleanser,Video_Review,2023-09-23,13399,361,296375.0,312,60,,,,,0.026942309127546832,820.983379501385
AD_0767,Awareness Campaign,cold,Sunscreen,DermaGlow UV Shield Sunscreen,Video_Review,2023-06-03,5752,149,134160.0,132,24,TXN_001963,2023-06-06,459000.0,Success,0.02590403337969402,900.4026845637584
AD_0884,Retargeting Campaign,warm,Moisturizer,DermaGlow Hydrating Moisturizer,Video_Review,2023-10-04,18139,392,122419.0,347,66,TXN_000028,2023-10-07,73000.0,Success,0.02161089365455648,312.2933673469388
AD_0884,Retargeting Campaign,warm,Moisturizer,DermaGlow Hydrating Moisturizer,Video_Review,2023-10-04,18139,392,122419.0,347,66,TXN_000029,2023-10-06,165000.0,Success,0.02161089365455648,312.2933673469388
AD_0218,Awareness Campaign,cold,Serum,DermaGlow Brightening Serum,Video_Review,2023-12-07,9496,209,138067.0,173,33,,,,,0.02200926705981466,660.6076555023924
AD_0005,Flash Sale Campaign,cold,Moisturizer,DermaGlow Hydrating Moisturizer,Video_Review,2023-06-16,15792,505,305041.0,423,22,,,,,0.03197821681864235,604.0415841584158
AD_0769,Retargeting Campaign,warm,Sunscreen,DermaGlow UV Shield Sunscreen,Static_Catalog,2023-04-09,10682,99,481382.0,80,15,,,,,0.00926792735442801,4862.444444444444
AD_0643,Retargeting Campaign,warm,Cleanser,DermaGlow Gentle Cleanser,Video_Review,2023-12-04,18394,418,111049.0,357,33,TXN_001753,2023-12-04,380000.0,Success,0.022724801565727953,265.6674641148325
AD_0643,Retargeting Campaign,warm,Cleanser,DermaGlow Gentle Cleanser,Video_Review,2023-12-04,18394,418,111049.0,357,33,TXN_001750,2023-12-07,440000.0,Success,0.022724801565727953,265.6674641148325
AD_0643,Retargeting Campaign,warm,Cleanser,DermaGlow Gentle Cleanser,Video_Review,2023-12-04,18394,418,111049.0,357,33,TXN_001751,2023-12-04,364000.0,Success,0.022724801565727953,265.6674641148325
AD_0643,Retargeting Campaign,warm,Cleanser,DermaGlow Gentle Cleanser,Video_Review,2023-12-04,18394,418,111049.0,357,33,TXN_001752,2023-12-04,231000.0,Success,0.022724801565727953,265.6674641148325
AD_0934,Flash Sale Campaign,cold,Moisturizer,DermaGlow Hydrating Moisturizer,Static_Catalog,2023-05-03,10770,126,473595.0,104,19,,,,,0.0116991643454039,3758.690476190476
AD_0613,Retargeting Campaign,warm,Moisturizer,DermaGlow Hydrating Moisturizer,Static_Catalog,2023-03-26,6045,59,370095.0,52,7,,,,,0.009760132340777503,6272.796610169492
AD_0739,Retargeting Campaign,warm,Serum,DermaGlow Brightening Serum,Video_Review,2023-01-02,7804,194,109583.0,161,8,TXN_000001,2023-01-03,244000.0,Success,0.02485904664274731,564.860824742268
AD_0547,Awareness Campaign,cold,Serum,DermaGlow Brightening Serum,Static_Catalog,2023-02-21,19117,192,448103.0,156,30,TXN_000782,2023-02-21,269000.0,Success,0.010043416854108908,2333.8697916666665
AD_0547,Awareness Campaign,cold,Serum,DermaGlow Brightening Serum,Static_Catalog,2023-02-21,19117,192,448103.0,156,30,TXN_000778,2023-02-24,361000.0,Success,0.010043416854108908,2333.8697916666665
AD_0547,Awareness Campaign,cold,Serum,DermaGlow Brightening Serum,Static_Catalog,2023-02-21,19117,192,448103.0,156,30,TXN_000780,2023-02-21,368000.0,Success,0.010043416854108908,2333.8697916666665
AD_0726,Flash Sale Campaign,cold,Sunscreen,DermaGlow UV Shield Sunscreen,Video_Review,2023-01-21,6125,196,491770.0,158,24,,,,,0.032,2509.030612244898
AD_0954,Flash Sale Campaign,cold,Cleanser,DermaGlow Gentle Cleanser,Static_Catalog,2023-10-07,7421,94,309633.0,79,15,TXN_001592,2023-10-08,315000.0,Success,0.012666756501819162,3293.968085106383
AD_0954,Flash Sale Campaign,cold,Cleanser,DermaGlow Gentle Cleanser,Static_Catalog,2023-10-07,7421,94,309633.0,79,15,TXN_001594,2023-10-07,310000.0,Success,0.012666756501819162,3293.968085106383
AD_0684,Retargeting Campaign,warm,Sunscreen,DermaGlow UV Shield Sunscreen,Static_Catalog,2023-06-26,10151,124,433260.0,109,12,,,,,0.012215545266476209,3494.032258064516
AD_0099,Flash Sale Campaign,cold,Moisturizer,DermaGlow Hydrating Moisturizer,Static_Catalog,2023-12-19,9190,115,167728.0,102,10,TXN_001249,2023-12-20,503000.0,Success,0.012513601741022852,1458.504347826087
AD_0805,Retargeting Campaign,warm,Serum,DermaGlow Brightening Serum,Video_Review,2023-04-10,8857,197,365116.0,161,10,TXN_001682,2023-04-12,475000.0,Success,0.022242294230552104,1853.3807106598986
AD_0805,Retargeting Campaign,warm,Serum,DermaGlow Brightening Serum,Video_Review,2023-04-10,8857,197,365116.0,161,10,TXN_001683,2023-04-12,353000.0,Success,0.022242294230552104,1853.3807106598986
AD_0728,Flash Sale Campaign,cold,Sunscreen,DermaGlow UV Shield Sunscreen,Static_Catalog,2023-07-29,8007,114,307440.0,96,11,TXN_001473,2023-07-29,174000.0,Success,0.01423754215061821,2696.842105263158
AD_0728,Flash Sale Campaign,cold,Sunscreen,DermaGlow UV Shield Sunscreen,Static_Catalog,2023-07-29,8007,114,307440.0,96,11,TXN_001477,2023-08-01,327000.0,Success,0.01423754215061821,2696.842105263158
AD_0728,Flash Sale Campaign,cold,Sunscreen,DermaGlow UV Shield Sunscreen,Static_Catalog,2023-07-29,8007,114,307440.0,96,11,TXN_001478,2023-07-30,237000.0,Success,0.01423754215061821,2696.842105263158
AD_0728,Flash Sale Campaign,cold,Sunscreen,DermaGlow UV Shield Sunscreen,Static_Catalog,2023-07-29,8007,114,307440.0,96,11,TXN_001472,2023-07-31,276000.0,Success,0.01423754215061821,2696.842105263158
AD_0728,Flash Sale Campaign,cold,Sunscreen,DermaGlow UV Shield Sunscreen,Static_Catalog,2023-07-29,8007,114,307440.0,96,11,TXN_001475,2023-07-30,256000.0,Success,0.01423754215061821,2696.842105263158
AD_0574,Flash Sale Campaign,cold,Sunscreen,DermaGlow UV Shield Sunscreen,Static_Catalog,2023-01-25,16356,148,29070.0,119,6,TXN_002029,2023-01-28,299000.0,Success,0.009048667155783811,196.4189189189189
AD_0574,Flash Sale Campaign,cold,Sunscreen,DermaGlow UV Shield Sunscreen,Static_Catalog,2023-01-25,16356,148,29070.0,119,6,TXN_002027,2023-01-28,198000.0,Success,0.009048667155783811,196.4189189189189
AD_0574,Flash Sale Campaign,cold,Sunscreen,DermaGlow UV Shield Sunscreen,Static_Catalog,2023-01-25,16356,148,29070.0,119,6,TXN_002030,2023-01-25,388000.0,Success,0.009048667155783811,196.4189189189189
AD_0574,Flash Sale Campaign,cold,Sunscreen,DermaGlow UV Shield Sunscreen,Static_Catalog,2023-01-25,16356,148,29070.0,119,6,TXN_002032,2023-01-27,341000.0,Success,0.009048667155783811,196.4189189189189
AD_0574,Flash Sale Campaign,cold,Sunscreen,DermaGlow UV Shield Sunscreen,Static_Catalog,2023-01-25,16356,148,29070.0,119,6,TXN_002031,2023-01-25,480000.0,Success,0.009048667155783811,196.4189189189189
AD_0574,Flash Sale Campaign,cold,Sunscreen,DermaGlow UV Shield Sunscreen,Static_Catalog,2023-01-25,16356,148,29070.0,119,6,TXN_002028,2023-01-27,317000.0,Success,0.009048667155783811,196.4189189189189
AD_0407,Flash Sale Campaign,cold,Cleanser,DermaGlow Gentle Cleanser,Video_Review,2023-08-13,9164,170,252353.0,137,16,,,,,0.018550851156700132,1484.429411764706
AD_0503,Awareness Campaign,cold,Moisturizer,DermaGlow Hydrating Moisturizer,Video_Review,2023-11-23,12184,294,222019.0,247,37,,,,,0.024130006565988182,755.1666666666666
AD_0048,Flash Sale Campaign,cold,Sunscreen,DermaGlow UV Shield Sunscreen,Video_Review,2023-09-25,12536,341,182986.0,279,16,TXN_000097,2023-09-26,150000.0,Success,0.027201659221442246,536.6158357771261
AD_0780,Flash Sale Campaign,cold,Sunscreen,DermaGlow UV Shield Sunscreen,Video_Review,2023-05-10,19826,624,330246.0,536,54,TXN_000686,2023-05-13,495000.0,Success,0.03147382225360638,529.2403846153846
AD_0840,Retargeting Campaign,warm,Sunscreen,DermaGlow UV Shield Sunscreen,Static_Catalog,2023-04-14,16850,208,236225.0,167,10,TXN_002145,2023-04-15,77000.0,Success,0.012344213649851632,1135.6971153846155
AD_0840,Retargeting Campaign,warm,Sunscreen,DermaGlow UV Shield Sunscreen,Static_Catalog,2023-04-14,16850,208,236225.0,167,10,TXN_002148,2023-04-16,381000.0,Success,0.012344213649851632,1135.6971153846155
AD_0840,Retargeting Campaign,warm,Sunscreen,DermaGlow UV Shield Sunscreen,Static_Catalog,2023-04-14,16850,208,236225.0,167,10,TXN_002144,2023-04-17,424000.0,Success,0.012344213649851632,1135.6971153846155
AD_0840,Retargeting Campaign,warm,Sunscreen,DermaGlow UV Shield Sunscreen,Static_Catalog,2023-04-14,16850,208,236225.0,167,10,TXN_002151,2023-04-14,262000.0,Success,0.012344213649851632,1135.6971153846155
AD_0840,Retargeting Campaign,warm,Sunscreen,DermaGlow UV Shield Sunscreen,Static_Catalog,2023-04-14,16850,208,236225.0,167,10,TXN_002147,2023-04-15,92000.0,Success,0.012344213649851632,1135.6971153846155
AD_0201,Flash Sale Campaign,cold,Moisturizer,DermaGlow Hydrating Moisturizer,Static_Catalog,2023-07-22,5140,56,408557.0,47,4,TXN_001186,2023-07-22,154000.0,Success,0.010894941634241245,7295.660714285715
AD_0201,Flash Sale Campaign,cold,Moisturizer,DermaGlow Hydrating Moisturizer,Static_Catalog,2023-07-22,5140,56,408557.0,47,4,TXN_001190,2023-07-23,112000.0,Success,0.010894941634241245,7295.660714285715
AD_0201,Flash Sale Campaign,cold,Moisturizer,DermaGlow Hydrating Moisturizer,Static_Catalog,2023-07-22,5140,56,408557.0,47,4,TXN_001189,2023-07-24,230000.0,Success,0.010894941634241245,7295.660714285715
AD_0201,Flash Sale Campaign,cold,Moisturizer,DermaGlow Hydrating Moisturizer,Static_Catalog,2023-07-22,5140,56,408557.0,47,4,TXN_001187,2023-07-25,271000.0,Success,0.010894941634241245,7295.660714285715
AD_0135,Flash Sale Campaign,cold,Serum,DermaGlow Brightening Serum,Video_Review,2023-12-31,9873,259,469040.0,211,28,,,,,0.02623316114656133,1810.965250965251
AD_0028,Retargeting Campaign,warm,Serum,DermaGlow Brightening Serum,Static_Catalog,2023-06-12,19259,260,297415.5,220,16,,,,,0.01350018173321564,1143.9057692307692
AD_0916,Retargeting Campaign,warm,Cleanser,DermaGlow Gentle Cleanser,Video_Review,2023-06-01,18903,560,101379.0,480,66,TXN_000801,2023-06-02,543000.0,Success,0.029624927260223245,181.03392857142856
AD_0916,Retargeting Campaign,warm,Cleanser,DermaGlow Gentle Cleanser,Video_Review,2023-06-01,18903,560,101379.0,480,66,TXN_000800,2023-06-04,318000.0,Success,0.029624927260223245,181.03392857142856
AD_0231,Awareness Campaign,cold,Sunscreen,DermaGlow UV Shield Sunscreen,Video_Review,2023-07-07,13036,393,358230.0,320,22,TXN_001261,2023-07-08,352000.0,Success,0.0301472844430807,911.5267175572519
AD_0231,Awareness Campaign,cold,Sunscreen,DermaGlow UV Shield Sunscreen,Video_Review,2023-07-07,13036,393,358230.0,320,22,TXN_001262,2023-07-07,453000.0,Success,0.0301472844430807,911.5267175572519
AD_0231,Awareness Campaign,cold,Sunscreen,DermaGlow UV Shield Sunscreen,Video_Review,2023-07-07,13036,393,358230.0,320,22,TXN_001260,2023-07-10,353000.0,Success,0.0301472844430807,911.5267175572519
AD_0490,Retargeting Campaign,warm,Moisturizer,DermaGlow Hydrating Moisturizer,Static_Catalog,2023-10-21,13185,139,154195.0,121,17,TXN_001185,2023-10-22,354000.0,Success,0.010542282897231702,1109.31654676259
AD_0773,Retargeting Campaign,warm,Moisturizer,DermaGlow Hydrating Moisturizer,Video_Review,2023-07-27,10170,259,194346.0,224,18,,,,,0.025467059980334317,750.3706563706563
AD_0379,Flash Sale Campaign,cold,Moisturizer,DermaGlow Hydrating Moisturizer,Video_Review,2023-12-17,12997,331,365976.0,266,27,TXN_001519,2023-12-20,197000.0,Success,0.02546741555743633,1105.6676737160121
AD_0379,Flash Sale Campaign,cold,Moisturizer,DermaGlow Hydrating Moisturizer,Video_Review,2023-12-17,12997,331,365976.0,266,27,TXN_001518,2023-12-17,289000.0,Success,0.02546741555743633,1105.6676737160121
AD_0379,Flash Sale Campaign,cold,Moisturizer,DermaGlow Hydrating Moisturizer,Video_Review,2023-12-17,12997,331,365976.0,266,27,TXN_001517,2023-12-18,144000.0,Success,0.02546741555743633,1105.6676737160121
AD_0289,Flash Sale Campaign,cold,Sunscreen,DermaGlow UV Shield Sunscreen,Static_Catalog,2023-10-02,12075,186,128365.0,162,15,TXN_001386,2023-10-04,267000.0,Success,0.015403726708074534,690.1344086021505
AD_0289,Flash Sale Campaign,cold,Sunscreen,DermaGlow UV Shield Sunscreen,Static_Catalog,2023-10-02,12075,186,128365.0,162,15,TXN_001381,2023-10-03,336000.0,Success,0.015403726708074534,690.1344086021505
AD_0289,Flash Sale Campaign,cold,Sunscreen,DermaGlow UV Shield Sunscreen,Static_Catalog,2023-10-02,12075,186,128365.0,162,15,TXN_001384,2023-10-05,184000.0,Success,0.015403726708074534,690.1344086021505
AD_0289,Flash Sale Campaign,cold,Sunscreen,DermaGlow UV Shield Sunscreen,Static_Catalog,2023-10-02,12075,186,128365.0,162,15,TXN_001388,2023-10-03,161000.0,Success,0.015403726708074534,690.1344086021505
AD_0289,Flash Sale Campaign,cold,Sunscreen,DermaGlow UV Shield Sunscreen,Static_Catalog,2023-10-02,12075,186,128365.0,162,15,TXN_001387,2023-10-04,451000.0,Success,0.015403726708074534,690.1344086021505
AD_0289,Flash Sale Campaign,cold,Sunscreen,DermaGlow UV Shield Sunscreen,Static_Catalog,2023-10-02,12075,186,128365.0,162,15,TXN_001382,2023-10-02,355000.0,Success,0.015403726708074534,690.1344086021505
AD_0289,Flash Sale Campaign,cold,Sunscreen,DermaGlow UV Shield Sunscreen,Static_Catalog,2023-10-02,12075,186,128365.0,162,15,TXN_001385,2023-10-02,490000.0,Success,0.015403726708074534,690.1344086021505
AD_0419,Retargeting Campaign,warm,Moisturizer,DermaGlow Hydrating Moisturizer,Video_Review,2023-08-02,18502,510,332076.0,444,47,TXN_002255,2023-08-03,394000.0,Success,0.027564587612150037,651.1294117647059
AD_0419,Retargeting Campaign,warm,Moisturizer,DermaGlow Hydrating Moisturizer,Video_Review,2023-08-02,18502,510,332076.0,444,47,TXN_002256,2023-08-02,147000.0,Success,0.027564587612150037,651.1294117647059
AD_0675,Retargeting Campaign,warm,Moisturizer,DermaGlow Hydrating Moisturizer,Static_Catalog,2023-12-19,17763,200,250259.0,167,29,TXN_001370,2023-12-21,99000.0,Success,0.011259359342453415,1251.295
AD_0392,Retargeting Campaign,warm,Sunscreen,DermaGlow UV Shield Sunscreen,Video_Review,2023-11-24,15566,405,386479.0,363,52,,,,,0.02601824489271489,954.2691358024691
AD_0593,Retargeting Campaign,warm,Cleanser,DermaGlow Gentle Cleanser,Video_Review,2023-09-29,13008,400,196502.0,346,59,TXN_001084,2023-10-02,207000.0,Success,0.03075030750307503,491.255
AD_0593,Retargeting Campaign,warm,Cleanser,DermaGlow Gentle Cleanser,Video_Review,2023-09-29,13008,400,196502.0,346,59,TXN_001083,2023-09-30,424000.0,Success,0.03075030750307503,491.255
AD_0499,Awareness Campaign,cold,Sunscreen,DermaGlow UV Shield Sunscreen,Static_Catalog,2023-10-10,9462,100,356674.0,80,12,TXN_002279,2023-10-13,130000.0,Success,0.01056859015007398,3566.74
AD_0139,Awareness Campaign,cold,Serum,DermaGlow Brightening Serum,Video_Review,2023-01-16,16323,342,223618.0,303,16,TXN_002063,2023-01-16,476000.0,Success,0.02095203087667708,653.8538011695906
AD_0063,Awareness Campaign,cold,Cleanser,DermaGlow Gentle Cleanser,Video_Review,2023-05-27,11190,301,400557.0,249,49,TXN_001333,2023-05-28,426000.0,Success,0.026899016979445935,1330.7541528239203
AD_0063,Awareness Campaign,cold,Cleanser,DermaGlow Gentle Cleanser,Video_Review,2023-05-27,11190,301,400557.0,249,49,TXN_001332,2023-05-28,282000.0,Success,0.026899016979445935,1330.7541528239203
AD_0472,Flash Sale Campaign,cold,Moisturizer,DermaGlow Hydrating Moisturizer,Static_Catalog,2023-11-04,9820,144,251014.0,123,20,,,,,0.014663951120162933,1743.1527777777778
AD_0648,Retargeting Campaign,warm,Moisturizer,DermaGlow Hydrating Moisturizer,Static_Catalog,2023-08-06,8661,88,405761.0,76,9,,,,,0.010160489550860179,4610.920454545455
AD_0129,Awareness Campaign,cold,Sunscreen,DermaGlow UV Shield Sunscreen,Video_Review,2023-08-20,9150,251,366997.0,204,25,TXN_002120,2023-08-23,525000.0,Success,0.027431693989071037,1462.1394422310757
AD_0521,Flash Sale Campaign,cold,Moisturizer,DermaGlow Hydrating Moisturizer,Static_Catalog,2023-01-21,12478,118,441651.0,103,10,,,,,0.009456643692899502,3742.8050847457625
AD_0839,Retargeting Campaign,warm,Sunscreen,DermaGlow UV Shield Sunscreen,Video_Review,2023-02-15,16735,474,168274.0,388,27,,,,,0.028323872124290408,355.0084388185654
AD_0065,Awareness Campaign,cold,Cleanser,DermaGlow Gentle Cleanser,Static_Catalog,2023-12-14,10719,117,262993.0,96,9,,,,,0.0109151973131822,2247.803418803419
AD_0813,Flash Sale Campaign,cold,Sunscreen,DermaGlow UV Shield Sunscreen,Video_Review,2023-07-08,14505,372,233177.0,316,35,TXN_000876,2023-07-08,299000.0,Success,0.025646328852119957,626.8198924731183
AD_0813,Flash Sale Campaign,cold,Sunscreen,DermaGlow UV Shield Sunscreen,Video_Review,2023-07-08,14505,372,233177.0,316,35,TXN_000877,2023-07-09,103000.0,Success,0.025646328852119957,626.8198924731183
AD_0813,Flash Sale Campaign,cold,Sunscreen,DermaGlow UV Shield Sunscreen,Video_Review,2023-07-08,14505,372,233177.0,316,35,TXN_000878,2023-07-09,115000.0,Success,0.025646328852119957,626.8198924731183
AD_0015,Retargeting Campaign,warm,Serum,DermaGlow Brightening Serum,Video_Review,2023-03-03,9693,236,343307.0,193,35,,,,,0.024347467244403176,1454.6906779661017
AD_0157,Retargeting Campaign,warm,Sunscreen,DermaGlow UV Shield Sunscreen,Static_Catalog,2023-03-01,17276,157,303667.0,136,8,,,,,0.009087751794396852,1934.1847133757963
AD_0041,Flash Sale Campaign,cold,Cleanser,DermaGlow Gentle Cleanser,Static_Catalog,2023-12-12,15308,137,494366.0,119,13,TXN_001005,2023-12-12,352000.0,Success,0.008949568852887379,3608.5109489051097
AD_0041,Flash Sale Campaign,cold,Cleanser,DermaGlow Gentle Cleanser,Static_Catalog,2023-12-12,15308,137,494366.0,119,13,TXN_001003,2023-12-14,229000.0,Success,0.008949568852887379,3608.5109489051097
AD_0041,Flash Sale Campaign,cold,Cleanser,DermaGlow Gentle Cleanser,Static_Catalog,2023-12-12,15308,137,494366.0,119,13,TXN_001008,2023-12-12,130000.0,Success,0.008949568852887379,3608.5109489051097
AD_0041,Flash Sale Campaign,cold,Cleanser,DermaGlow Gentle Cleanser,Static_Catalog,2023-12-12,15308,137,494366.0,119,13,TXN_001004,2023-12-14,454000.0,Success,0.008949568852887379,3608.5109489051097
AD_0041,Flash Sale Campaign,cold,Cleanser,DermaGlow Gentle Cleanser,Static_Catalog,2023-12-12,15308,137,494366.0,119,13,TXN_001007,2023-12-13,382000.0,Success,0.008949568852887379,3608.5109489051097
AD_0493,Flash Sale Campaign,cold,Moisturizer,DermaGlow Hydrating Moisturizer,Static_Catalog,2023-01-05,8716,102,343767.0,82,11,,,,,0.011702615878843506,3370.264705882353
AD_0380,Awareness Campaign,cold,Serum,DermaGlow Brightening Serum,Static_Catalog,2023-04-13,18580,214,288799.0,171,27,TXN_001722,2023-04-15,184000.0,Success,0.011517761033369215,1349.5280373831777
AD_0380,Awareness Campaign,cold,Serum,DermaGlow Brightening Serum,Static_Catalog,2023-04-13,18580,214,288799.0,171,27,TXN_001718,2023-04-16,302000.0,Success,0.011517761033369215,1349.5280373831777
AD_0380,Awareness Campaign,cold,Serum,DermaGlow Brightening Serum,Static_Catalog,2023-04-13,18580,214,288799.0,171,27,TXN_001719,2023-04-13,116000.0,Success,0.011517761033369215,1349.5280373831777
AD_0380,Awareness Campaign,cold,Serum,DermaGlow Brightening Serum,Static_Catalog,2023-04-13,18580,214,288799.0,171,27,TXN_001721,2023-04-13,123000.0,Success,0.011517761033369215,1349.5280373831777
AD_0380,Awareness Campaign,cold,Serum,DermaGlow Brightening Serum,Static_Catalog,2023-04-13,18580,214,288799.0,171,27,TXN_001716,2023-04-14,250000.0,Success,0.011517761033369215,1349.5280373831777
AD_0188,Awareness Campaign,cold,Moisturizer,DermaGlow Hydrating Moisturizer,Video_Review,2023-11-21,8229,228,272307.0,204,39,,,,,0.027706890266131972,1194.328947368421
AD_0764,Retargeting Campaign,warm,Sunscreen,DermaGlow UV Shield Sunscreen,Static_Catalog,2023-03-24,13825,190,451931.0,165,19,TXN_000290,2023-03-24,331000.0,Success,0.013743218806509945,2378.584210526316
AD_0764,Retargeting Campaign,warm,Sunscreen,DermaGlow UV Shield Sunscreen,Static_Catalog,2023-03-24,13825,190,451931.0,165,19,TXN_000291,2023-03-26,534000.0,Success,0.013743218806509945,2378.584210526316
AD_0764,Retargeting Campaign,warm,Sunscreen,DermaGlow UV Shield Sunscreen,Static_Catalog,2023-03-24,13825,190,451931.0,165,19,TXN_000288,2023-03-24,257000.0,Success,0.013743218806509945,2378.584210526316
AD_0764,Retargeting Campaign,warm,Sunscreen,DermaGlow UV Shield Sunscreen,Static_Catalog,2023-03-24,13825,190,451931.0,165,19,TXN_000289,2023-03-24,307000.0,Success,0.013743218806509945,2378.584210526316
AD_0217,Retargeting Campaign,warm,Cleanser,DermaGlow Gentle Cleanser,Video_Review,2023-10-15,14715,413,218413.0,335,28,,,,,0.028066598708800544,528.8450363196126
AD_0922,Flash Sale Campaign,cold,Cleanser,DermaGlow Gentle Cleanser,Static_Catalog,2023-12-28,15515,194,424319.0,172,23,TXN_000941,2023-12-30,334000.0,Success,0.01250402835965195,2187.2113402061855
AD_0922,Flash Sale Campaign,cold,Cleanser,DermaGlow Gentle Cleanser,Static_Catalog,2023-12-28,15515,194,424319.0,172,23,TXN_000942,2023-12-30,205000.0,Success,0.01250402835965195,2187.2113402061855
AD_0922,Flash Sale Campaign,cold,Cleanser,DermaGlow Gentle Cleanser,Static_Catalog,2023-12-28,15515,194,424319.0,172,23,TXN_000938,2023-12-28,276000.0,Success,0.01250402835965195,2187.2113402061855
AD_0922,Flash Sale Campaign,cold,Cleanser,DermaGlow Gentle Cleanser,Static_Catalog,2023-12-28,15515,194,424319.0,172,23,TXN_000940,2023-12-29,197000.0,Success,0.01250402835965195,2187.2113402061855
AD_0922,Flash Sale Campaign,cold,Cleanser,DermaGlow Gentle Cleanser,Static_Catalog,2023-12-28,15515,194,424319.0,172,23,TXN_000939,2023-12-30,191000.0,Success,0.01250402835965195,2187.2113402061855
AD_0922,Flash Sale Campaign,cold,Cleanser,DermaGlow Gentle Cleanser,Static_Catalog,2023-12-28,15515,194,424319.0,172,23,TXN_000937,2023-12-31,379000.0,Success,0.01250402835965195,2187.2113402061855
AD_0922,Flash Sale Campaign,cold,Cleanser,DermaGlow Gentle Cleanser,Static_Catalog,2023-12-28,15515,194,424319.0,172,23,TXN_000936,2023-12-29,426000.0,Success,0.01250402835965195,2187.2113402061855
AD_0792,Flash Sale Campaign,cold,Serum,DermaGlow Brightening Serum,Static_Catalog,2023-01-12,17260,264,225155.0,218,16,TXN_001495,2023-01-15,433000.0,Success,0.0152954808806489,852.8598484848485
AD_0792,Flash Sale Campaign,cold,Serum,DermaGlow Brightening Serum,Static_Catalog,2023-01-12,17260,264,225155.0,218,16,TXN_001499,2023-01-13,174000.0,Success,0.0152954808806489,852.8598484848485
AD_0792,Flash Sale Campaign,cold,Serum,DermaGlow Brightening Serum,Static_Catalog,2023-01-12,17260,264,225155.0,218,16,TXN_001494,2023-01-13,158000.0,Success,0.0152954808806489,852.8598484848485
AD_0792,Flash Sale Campaign,cold,Serum,DermaGlow Brightening Serum,Static_Catalog,2023-01-12,17260,264,225155.0,218,16,TXN_001498,2023-01-15,455000.0,Success,0.0152954808806489,852.8598484848485
AD_0792,Flash Sale Campaign,cold,Serum,DermaGlow Brightening Serum,Static_Catalog,2023-01-12,17260,264,225155.0,218,16,TXN_001493,2023-01-15,453000.0,Success,0.0152954808806489,852.8598484848485
AD_0792,Flash Sale Campaign,cold,Serum,DermaGlow Brightening Serum,Static_Catalog,2023-01-12,17260,264,225155.0,218,16,TXN_001497,2023-01-13,433000.0,Success,0.0152954808806489,852.8598484848485
AD_0792,Flash Sale Campaign,cold,Serum,DermaGlow Brightening Serum,Static_Catalog,2023-01-12,17260,264,225155.0,218,16,TXN_001496,2023-01-13,85000.0,Success,0.0152954808806489,852.8598484848485
AD_0053,Awareness Campaign,cold,Sunscreen,DermaGlow UV Shield Sunscreen,Video_Review,2023-10-13,15787,471,219180.0,418,45,TXN_001238,2023-10-13,429000.0,Success,0.02983467409894217,465.3503184713376
AD_0879,Flash Sale Campaign,cold,Moisturizer,DermaGlow Hydrating Moisturizer,Video_Review,2023-05-05,19884,477,265486.0,428,47,TXN_002416,2023-05-07,284000.0,Success,0.023989136994568498,556.5744234800839
AD_0338,Retargeting Campaign,warm,Cleanser,DermaGlow Gentle Cleanser,Static_Catalog,2023-06-09,13555,136,114743.0,112,15,,,,,0.010033198081888602,843.6985294117648
AD_0749,Flash Sale Campaign,cold,Moisturizer,DermaGlow Hydrating Moisturizer,Video_Review,2023-02-18,10875,191,307440.0,157,10,,,,,0.0175632183908046,1609.6335078534032
AD_0720,Awareness Campaign,cold,Moisturizer,DermaGlow Hydrating Moisturizer,Static_Catalog,2023-10-16,14406,147,168369.0,126,7,,,,,0.01020408163265306,1145.3673469387754
AD_0725,Retargeting Campaign,warm,Moisturizer,DermaGlow Hydrating Moisturizer,Static_Catalog,2023-06-28,14170,199,135187.0,172,34,TXN_001224,2023-06-30,415000.0,Success,0.014043754410726889,679.3316582914573
AD_0725,Retargeting Campaign,warm,Moisturizer,DermaGlow Hydrating Moisturizer,Static_Catalog,2023-06-28,14170,199,135187.0,172,34,TXN_001226,2023-06-28,306000.0,Success,0.014043754410726889,679.3316582914573
AD_0725,Retargeting Campaign,warm,Moisturizer,DermaGlow Hydrating Moisturizer,Static_Catalog,2023-06-28,14170,199,135187.0,172,34,TXN_001221,2023-06-29,204000.0,Success,0.014043754410726889,679.3316582914573
AD_0725,Retargeting Campaign,warm,Moisturizer,DermaGlow Hydrating Moisturizer,Static_Catalog,2023-06-28,14170,199,135187.0,172,34,TXN_001227,2023-06-29,158000.0,Success,0.014043754410726889,679.3316582914573
AD_0725,Retargeting Campaign,warm,Moisturizer,DermaGlow Hydrating Moisturizer,Static_Catalog,2023-06-28,14170,199,135187.0,172,34,TXN_001223,2023-07-01,83000.0,Success,0.014043754410726889,679.3316582914573
AD_0725,Retargeting Campaign,warm,Moisturizer,DermaGlow Hydrating Moisturizer,Static_Catalog,2023-06-28,14170,199,135187.0,172,34,TXN_001220,2023-07-01,308000.0,Success,0.014043754410726889,679.3316582914573
AD_0296,Awareness Campaign,cold,Sunscreen,DermaGlow UV Shield Sunscreen,Static_Catalog,2023-10-03,19466,196,248934.0,159,13,,,,,0.010068837973903216,1270.0714285714287
AD_0252,Flash Sale Campaign,cold,Moisturizer,DermaGlow Hydrating Moisturizer,Static_Catalog,2023-02-07,19475,274,389910.0,243,30,TXN_002498,2023-02-07,184000.0,Success,0.014069319640564827,1423.029197080292
AD_0252,Flash Sale Campaign,cold,Moisturizer,DermaGlow Hydrating Moisturizer,Static_Catalog,2023-02-07,19475,274,389910.0,243,30,TXN_002499,2023-02-09,363000.0,Success,0.014069319640564827,1423.029197080292
AD_0252,Flash Sale Campaign,cold,Moisturizer,DermaGlow Hydrating Moisturizer,Static_Catalog,2023-02-07,19475,274,389910.0,243,30,TXN_002492,2023-02-10,212000.0,Success,0.014069319640564827,1423.029197080292
AD_0252,Flash Sale Campaign,cold,Moisturizer,DermaGlow Hydrating Moisturizer,Static_Catalog,2023-02-07,19475,274,389910.0,243,30,TXN_002496,2023-02-10,263000.0,Success,0.014069319640564827,1423.029197080292
AD_0252,Flash Sale Campaign,cold,Moisturizer,DermaGlow Hydrating Moisturizer,Static_Catalog,2023-02-07,19475,274,389910.0,243,30,TXN_002494,2023-02-09,221000.0,Success,0.014069319640564827,1423.029197080292
AD_0252,Flash Sale Campaign,cold,Moisturizer,DermaGlow Hydrating Moisturizer,Static_Catalog,2023-02-07,19475,274,389910.0,243,30,TXN_002495,2023-02-10,380000.0,Success,0.014069319640564827,1423.029197080292
AD_0252,Flash Sale Campaign,cold,Moisturizer,DermaGlow Hydrating Moisturizer,Static_Catalog,2023-02-07,19475,274,389910.0,243,30,TXN_002497,2023-02-07,430000.0,Success,0.014069319640564827,1423.029197080292
AD_0252,Flash Sale Campaign,cold,Moisturizer,DermaGlow Hydrating Moisturizer,Static_Catalog,2023-02-07,19475,274,389910.0,243,30,TXN_002493,2023-02-07,484000.0,Success,0.014069319640564827,1423.029197080292
AD_0727,Flash Sale Campaign,cold,Moisturizer,DermaGlow Hydrating Moisturizer,Video_Review,2023-04-09,8483,273,423864.0,238,32,TXN_001182,2023-04-09,513000.0,Success,0.0321820110809855,1552.6153846153845
AD_0462,Retargeting Campaign,warm,Serum,DermaGlow Brightening Serum,Static_Catalog,2023-08-11,19453,284,297415.5,234,15,TXN_001415,2023-08-13,291000.0,Success,0.014599290597851231,1047.237676056338
AD_0462,Retargeting Campaign,warm,Serum,DermaGlow Brightening Serum,Static_Catalog,2023-08-11,19453,284,297415.5,234,15,TXN_001428,2023-08-13,75000.0,Success,0.014599290597851231,1047.237676056338
AD_0462,Retargeting Campaign,warm,Serum,DermaGlow Brightening Serum,Static_Catalog,2023-08-11,19453,284,297415.5,234,15,TXN_001421,2023-08-12,285000.0,Success,0.014599290597851231,1047.237676056338
AD_0462,Retargeting Campaign,warm,Serum,DermaGlow Brightening Serum,Static_Catalog,2023-08-11,19453,284,297415.5,234,15,TXN_001414,2023-08-12,514000.0,Success,0.014599290597851231,1047.237676056338
AD_0462,Retargeting Campaign,warm,Serum,DermaGlow Brightening Serum,Static_Catalog,2023-08-11,19453,284,297415.5,234,15,TXN_001424,2023-08-11,355000.0,Success,0.014599290597851231,1047.237676056338
AD_0462,Retargeting Campaign,warm,Serum,DermaGlow Brightening Serum,Static_Catalog,2023-08-11,19453,284,297415.5,234,15,TXN_001422,2023-08-13,178000.0,Success,0.014599290597851231,1047.237676056338
AD_0462,Retargeting Campaign,warm,Serum,DermaGlow Brightening Serum,Static_Catalog,2023-08-11,19453,284,297415.5,234,15,TXN_001419,2023-08-13,284000.0,Success,0.014599290597851231,1047.237676056338
AD_0462,Retargeting Campaign,warm,Serum,DermaGlow Brightening Serum,Static_Catalog,2023-08-11,19453,284,297415.5,234,15,TXN_001418,2023-08-11,434000.0,Success,0.014599290597851231,1047.237676056338
AD_0462,Retargeting Campaign,warm,Serum,DermaGlow Brightening Serum,Static_Catalog,2023-08-11,19453,284,297415.5,234,15,TXN_001429,2023-08-12,302000.0,Success,0.014599290597851231,1047.237676056338
AD_0462,Retargeting Campaign,warm,Serum,DermaGlow Brightening Serum,Static_Catalog,2023-08-11,19453,284,297415.5,234,15,TXN_001427,2023-08-13,455000.0,Success,0.014599290597851231,1047.237676056338
AD_0462,Retargeting Campaign,warm,Serum,DermaGlow Brightening Serum,Static_Catalog,2023-08-11,19453,284,297415.5,234,15,TXN_001425,2023-08-14,165000.0,Success,0.014599290597851231,1047.237676056338
AD_0462,Retargeting Campaign,warm,Serum,DermaGlow Brightening Serum,Static_Catalog,2023-08-11,19453,284,297415.5,234,15,TXN_001426,2023-08-13,254000.0,Success,0.014599290597851231,1047.237676056338
AD_0462,Retargeting Campaign,warm,Serum,DermaGlow Brightening Serum,Static_Catalog,2023-08-11,19453,284,297415.5,234,15,TXN_001417,2023-08-14,455000.0,Success,0.014599290597851231,1047.237676056338
AD_0462,Retargeting Campaign,warm,Serum,DermaGlow Brightening Serum,Static_Catalog,2023-08-11,19453,284,297415.5,234,15,TXN_001416,2023-08-13,429000.0,Success,0.014599290597851231,1047.237676056338
AD_0456,Flash Sale Campaign,cold,Cleanser,DermaGlow Gentle Cleanser,Static_Catalog,2023-11-14,7975,116,421690.0,101,9,TXN_001404,2023-11-14,498000.0,Success,0.014545454545454545,3635.2586206896553
AD_0456,Flash Sale Campaign,cold,Cleanser,DermaGlow Gentle Cleanser,Static_Catalog,2023-11-14,7975,116,421690.0,101,9,TXN_001405,2023-11-14,404000.0,Success,0.014545454545454545,3635.2586206896553
AD_0271,Retargeting Campaign,warm,Sunscreen,DermaGlow UV Shield Sunscreen,Static_Catalog,2023-08-02,17983,264,380277.0,215,18,TXN_000362,2023-08-04,320000.0,Success,0.014680531613190235,1440.4431818181818
AD_0271,Retargeting Campaign,warm,Sunscreen,DermaGlow UV Shield Sunscreen,Static_Catalog,2023-08-02,17983,264,380277.0,215,18,TXN_000367,2023-08-02,126000.0,Success,0.014680531613190235,1440.4431818181818
AD_0271,Retargeting Campaign,warm,Sunscreen,DermaGlow UV Shield Sunscreen,Static_Catalog,2023-08-02,17983,264,380277.0,215,18,TXN_000361,2023-08-04,96000.0,Success,0.014680531613190235,1440.4431818181818
AD_0271,Retargeting Campaign,warm,Sunscreen,DermaGlow UV Shield Sunscreen,Static_Catalog,2023-08-02,17983,264,380277.0,215,18,TXN_000366,2023-08-02,99000.0,Success,0.014680531613190235,1440.4431818181818
AD_0271,Retargeting Campaign,warm,Sunscreen,DermaGlow UV Shield Sunscreen,Static_Catalog,2023-08-02,17983,264,380277.0,215,18,TXN_000364,2023-08-03,423000.0,Success,0.014680531613190235,1440.4431818181818
AD_0271,Retargeting Campaign,warm,Sunscreen,DermaGlow UV Shield Sunscreen,Static_Catalog,2023-08-02,17983,264,380277.0,215,18,TXN_000363,2023-08-05,368000.0,Success,0.014680531613190235,1440.4431818181818
AD_0271,Retargeting Campaign,warm,Sunscreen,DermaGlow UV Shield Sunscreen,Static_Catalog,2023-08-02,17983,264,380277.0,215,18,TXN_000365,2023-08-02,250000.0,Success,0.014680531613190235,1440.4431818181818
AD_0271,Retargeting Campaign,warm,Sunscreen,DermaGlow UV Shield Sunscreen,Static_Catalog,2023-08-02,17983,264,380277.0,215,18,TXN_000360,2023-08-02,403000.0,Success,0.014680531613190235,1440.4431818181818
AD_0816,Flash Sale Campaign,cold,Moisturizer,DermaGlow Hydrating Moisturizer,Video_Review,2023-09-15,10845,205,474695.0,182,34,TXN_001821,2023-09-16,329000.0,Success,0.018902720147533424,2315.5853658536585
AD_0863,Awareness Campaign,cold,Sunscreen,DermaGlow UV Shield Sunscreen,Static_Catalog,2023-02-20,18109,205,476053.0,179,29,TXN_000619,2023-02-20,310000.0,Success,0.011320337953503783,2322.209756097561
AD_0863,Awareness Campaign,cold,Sunscreen,DermaGlow UV Shield Sunscreen,Static_Catalog,2023-02-20,18109,205,476053.0,179,29,TXN_000617,2023-02-20,323000.0,Success,0.011320337953503783,2322.209756097561
AD_0270,Flash Sale Campaign,cold,Cleanser,DermaGlow Gentle Cleanser,Static_Catalog,2023-02-28,8727,123,372944.0,100,8,TXN_001919,2023-02-28,446000.0,Success,0.014094190443451358,3032.0650406504064
AD_0270,Flash Sale Campaign,cold,Cleanser,DermaGlow Gentle Cleanser,Static_Catalog,2023-02-28,8727,123,372944.0,100,8,TXN_001917,2023-03-02,257000.0,Success,0.014094190443451358,3032.0650406504064
AD_0270,Flash Sale Campaign,cold,Cleanser,DermaGlow Gentle Cleanser,Static_Catalog,2023-02-28,8727,123,372944.0,100,8,TXN_001918,2023-02-28,445000.0,Success,0.014094190443451358,3032.0650406504064
AD_0270,Flash Sale Campaign,cold,Cleanser,DermaGlow Gentle Cleanser,Static_Catalog,2023-02-28,8727,123,372944.0,100,8,TXN_001920,2023-03-02,224000.0,Success,0.014094190443451358,3032.0650406504064
AD_0270,Flash Sale Campaign,cold,Cleanser,DermaGlow Gentle Cleanser,Static_Catalog,2023-02-28,8727,123,372944.0,100,8,TXN_001924,2023-03-02,432000.0,Success,0.014094190443451358,3032.0650406504064
AD_0202,Retargeting Campaign,warm,Sunscreen,DermaGlow UV Shield Sunscreen,Video_Review,2023-08-27,12311,231,470321.0,194,38,TXN_000857,2023-08-28,448000.0,Success,0.018763707253675575,2036.021645021645
AD_0162,Retargeting Campaign,warm,Sunscreen,DermaGlow UV Shield Sunscreen,Video_Review,2023-07-14,18703,448,153268.0,399,71,,,,,0.02395337646366893,342.11607142857144
AD_0556,Retargeting Campaign,warm,Serum,DermaGlow Brightening Serum,Static_Catalog,2023-03-28,10590,138,131728.0,112,13,TXN_001352,2023-03-30,407000.0,Success,0.013031161473087818,954.5507246376811
AD_0556,Retargeting Campaign,warm,Serum,DermaGlow Brightening Serum,Static_Catalog,2023-03-28,10590,138,131728.0,112,13,TXN_001350,2023-03-31,292000.0,Success,0.013031161473087818,954.5507246376811
AD_0556,Retargeting Campaign,warm,Serum,DermaGlow Brightening Serum,Static_Catalog,2023-03-28,10590,138,131728.0,112,13,TXN_001353,2023-03-31,320000.0,Success,0.013031161473087818,954.5507246376811
AD_0556,Retargeting Campaign,warm,Serum,DermaGlow Brightening Serum,Static_Catalog,2023-03-28,10590,138,131728.0,112,13,TXN_001348,2023-03-28,332000.0,Success,0.013031161473087818,954.5507246376811
AD_0556,Retargeting Campaign,warm,Serum,DermaGlow Brightening Serum,Static_Catalog,2023-03-28,10590,138,131728.0,112,13,TXN_001351,2023-03-31,82000.0,Success,0.013031161473087818,954.5507246376811
AD_0556,Retargeting Campaign,warm,Serum,DermaGlow Brightening Serum,Static_Catalog,2023-03-28,10590,138,131728.0,112,13,TXN_001349,2023-03-31,339000.0,Success,0.013031161473087818,954.5507246376811
AD_0730,Awareness Campaign,cold,Serum,DermaGlow Brightening Serum,Static_Catalog,2023-07-08,12397,131,475833.0,108,7,TXN_000232,2023-07-11,105000.0,Success,0.010567072678873921,3632.312977099237
AD_0730,Awareness Campaign,cold,Serum,DermaGlow Brightening Serum,Static_Catalog,2023-07-08,12397,131,475833.0,108,7,TXN_000231,2023-07-11,173000.0,Success,0.010567072678873921,3632.312977099237
AD_0402,Flash Sale Campaign,cold,Sunscreen,DermaGlow UV Shield Sunscreen,Static_Catalog,2023-02-17,8271,104,485633.0,87,5,TXN_000118,2023-02-19,434000.0,Success,0.012574053923346633,4669.548076923077
AD_0402,Flash Sale Campaign,cold,Sunscreen,DermaGlow UV Shield Sunscreen,Static_Catalog,2023-02-17,8271,104,485633.0,87,5,TXN_000117,2023-02-17,199000.0,Success,0.012574053923346633,4669.548076923077
AD_0703,Retargeting Campaign,warm,Serum,DermaGlow Brightening Serum,Video_Review,2023-02-07,9440,287,238439.0,257,49,TXN_002430,2023-02-07,324000.0,Success,0.030402542372881355,830.7979094076655
AD_0703,Retargeting Campaign,warm,Serum,DermaGlow Brightening Serum,Video_Review,2023-02-07,9440,287,238439.0,257,49,TXN_002431,2023-02-08,468000.0,Success,0.030402542372881355,830.7979094076655
AD_0477,Flash Sale Campaign,cold,Moisturizer,DermaGlow Hydrating Moisturizer,Static_Catalog,2023-04-26,9761,136,409718.0,117,10,TXN_001217,2023-04-27,386000.0,Success,0.013932998668169244,3012.6323529411766
AD_0477,Flash Sale Campaign,cold,Moisturizer,DermaGlow Hydrating Moisturizer,Static_Catalog,2023-04-26,9761,136,409718.0,117,10,TXN_001214,2023-04-26,110000.0,Success,0.013932998668169244,3012.6323529411766
AD_0477,Flash Sale Campaign,cold,Moisturizer,DermaGlow Hydrating Moisturizer,Static_Catalog,2023-04-26,9761,136,409718.0,117,10,TXN_001218,2023-04-29,401000.0,Success,0.013932998668169244,3012.6323529411766
AD_0822,Retargeting Campaign,warm,Cleanser,DermaGlow Gentle Cleanser,Video_Review,2023-08-24,10232,259,413651.0,226,22,TXN_001198,2023-08-24,508000.0,Success,0.025312744331508992,1597.1081081081081
AD_0772,Awareness Campaign,cold,Sunscreen,DermaGlow UV Shield Sunscreen,Video_Review,2023-05-01,7964,255,446140.0,226,13,,,,,0.032019085886489204,1749.5686274509803
AD_0106,Retargeting Campaign,warm,Moisturizer,DermaGlow Hydrating Moisturizer,Static_Catalog,2023-07-29,12790,174,389450.0,155,20,TXN_000768,2023-07-31,379000.0,Success,0.013604378420641126,2238.2183908045977
AD_0106,Retargeting Campaign,warm,Moisturizer,DermaGlow Hydrating Moisturizer,Static_Catalog,2023-07-29,12790,174,389450.0,155,20,TXN_000769,2023-08-01,415000.0,Success,0.013604378420641126,2238.2183908045977
AD_0106,Retargeting Campaign,warm,Moisturizer,DermaGlow Hydrating Moisturizer,Static_Catalog,2023-07-29,12790,174,389450.0,155,20,TXN_000767,2023-07-30,76000.0,Success,0.013604378420641126,2238.2183908045977
AD_0106,Retargeting Campaign,warm,Moisturizer,DermaGlow Hydrating Moisturizer,Static_Catalog,2023-07-29,12790,174,389450.0,155,20,TXN_000770,2023-07-31,500000.0,Success,0.013604378420641126,2238.2183908045977
AD_0566,Retargeting Campaign,warm,Sunscreen,DermaGlow UV Shield Sunscreen,Static_Catalog,2023-07-29,11748,104,248929.0,91,13,TXN_002215,2023-07-30,90000.0,Success,0.008852570650323459,2393.548076923077
AD_0390,Flash Sale Campaign,cold,Moisturizer,DermaGlow Hydrating Moisturizer,Video_Review,2023-06-17,7240,160,472047.0,141,10,TXN_000142,2023-06-18,294000.0,Success,0.022099447513812154,2950.29375
AD_0002,Awareness Campaign,cold,Cleanser,DermaGlow Gentle Cleanser,Static_Catalog,2023-06-01,7769,105,427069.0,86,6,TXN_000638,2023-06-02,528000.0,Success,0.013515252928304801,4067.3238095238094
AD_0002,Awareness Campaign,cold,Cleanser,DermaGlow Gentle Cleanser,Static_Catalog,2023-06-01,7769,105,427069.0,86,6,TXN_000639,2023-06-01,195000.0,Success,0.013515252928304801,4067.3238095238094
AD_0977,Flash Sale Campaign,cold,Cleanser,DermaGlow Gentle Cleanser,Video_Review,2023-07-08,13123,399,491479.0,343,43,TXN_001274,2023-07-09,234000.0,Success,0.030404633086946582,1231.7769423558898
AD_0977,Flash Sale Campaign,cold,Cleanser,DermaGlow Gentle Cleanser,Video_Review,2023-07-08,13123,399,491479.0,343,43,TXN_001270,2023-07-10,160000.0,Success,0.030404633086946582,1231.7769423558898
AD_0977,Flash Sale Campaign,cold,Cleanser,DermaGlow Gentle Cleanser,Video_Review,2023-07-08,13123,399,491479.0,343,43,TXN_001273,2023-07-10,414000.0,Success,0.030404633086946582,1231.7769423558898
AD_0562,Awareness Campaign,cold,Moisturizer,DermaGlow Hydrating Moisturizer,Video_Review,2023-12-12,19012,445,369355.0,357,39,TXN_000388,2023-12-12,488000.0,Success,0.023406269724384598,830.0112359550562
AD_0562,Awareness Campaign,cold,Moisturizer,DermaGlow Hydrating Moisturizer,Video_Review,2023-12-12,19012,445,369355.0,357,39,TXN_000386,2023-12-12,202000.0,Success,0.023406269724384598,830.0112359550562
AD_0562,Awareness Campaign,cold,Moisturizer,DermaGlow Hydrating Moisturizer,Video_Review,2023-12-12,19012,445,369355.0,357,39,TXN_000391,2023-12-14,107000.0,Success,0.023406269724384598,830.0112359550562
AD_0562,Awareness Campaign,cold,Moisturizer,DermaGlow Hydrating Moisturizer,Video_Review,2023-12-12,19012,445,369355.0,357,39,TXN_000389,2023-12-13,264000.0,Success,0.023406269724384598,830.0112359550562
AD_0562,Awareness Campaign,cold,Moisturizer,DermaGlow Hydrating Moisturizer,Video_Review,2023-12-12,19012,445,369355.0,357,39,TXN_000387,2023-12-12,363000.0,Success,0.023406269724384598,830.0112359550562
AD_0932,Awareness Campaign,cold,Moisturizer,DermaGlow Hydrating Moisturizer,Static_Catalog,2023-03-24,11830,123,247937.0,101,17,TXN_001862,2023-03-26,420000.0,Success,0.010397295012679627,2015.7479674796748
AD_0081,Awareness Campaign,cold,Sunscreen,DermaGlow UV Shield Sunscreen,Video_Review,2023-10-09,12240,340,359127.0,301,56,TXN_001761,2023-10-09,190000.0,Success,0.027777777777777776,1056.2558823529412
AD_0206,Retargeting Campaign,warm,Sunscreen,DermaGlow UV Shield Sunscreen,Video_Review,2023-03-09,13674,413,262982.0,357,22,TXN_000009,2023-03-10,125000.0,Success,0.030203305543366973,636.7602905569007
AD_0206,Retargeting Campaign,warm,Sunscreen,DermaGlow UV Shield Sunscreen,Video_Review,2023-03-09,13674,413,262982.0,357,22,TXN_000007,2023-03-09,410000.0,Success,0.030203305543366973,636.7602905569007
AD_0035,Flash Sale Campaign,cold,Serum,DermaGlow Brightening Serum,Static_Catalog,2023-09-30,12560,169,467654.0,140,23,TXN_000859,2023-09-30,367000.0,Success,0.013455414012738854,2767.183431952663
AD_0943,Awareness Campaign,cold,Sunscreen,DermaGlow UV Shield Sunscreen,Static_Catalog,2023-01-10,9107,85,446997.0,75,11,,,,,0.00933347974085868,5258.788235294118
AD_0776,Awareness Campaign,cold,Moisturizer,DermaGlow Hydrating Moisturizer,Video_Review,2023-12-12,18045,524,194968.0,425,75,,,,,0.029038514824050985,372.0763358778626
AD_0509,Flash Sale Campaign,cold,Cleanser,DermaGlow Gentle Cleanser,Static_Catalog,2023-04-06,16417,205,307440.0,182,24,TXN_000278,2023-04-08,82000.0,Success,0.012487056100383748,1499.7073170731708
AD_0509,Flash Sale Campaign,cold,Cleanser,DermaGlow Gentle Cleanser,Static_Catalog,2023-04-06,16417,205,307440.0,182,24,TXN_000277,2023-04-08,502000.0,Success,0.012487056100383748,1499.7073170731708
AD_0428,Retargeting Campaign,warm,Cleanser,DermaGlow Gentle Cleanser,Video_Review,2023-12-30,8816,224,373820.0,183,32,TXN_001946,2023-12-30,440000.0,Success,0.025408348457350273,1668.8392857142858
AD_0428,Retargeting Campaign,warm,Cleanser,DermaGlow Gentle Cleanser,Video_Review,2023-12-30,8816,224,373820.0,183,32,TXN_001950,2024-01-02,257000.0,Success,0.025408348457350273,1668.8392857142858
AD_0428,Retargeting Campaign,warm,Cleanser,DermaGlow Gentle Cleanser,Video_Review,2023-12-30,8816,224,373820.0,183,32,TXN_001947,2024-01-02,151000.0,Success,0.025408348457350273,1668.8392857142858
AD_0428,Retargeting Campaign,warm,Cleanser,DermaGlow Gentle Cleanser,Video_Review,2023-12-30,8816,224,373820.0,183,32,TXN_001949,2023-12-30,448000.0,Success,0.025408348457350273,1668.8392857142858
AD_0428,Retargeting Campaign,warm,Cleanser,DermaGlow Gentle Cleanser,Video_Review,2023-12-30,8816,224,373820.0,183,32,TXN_001948,2023-12-30,122000.0,Success,0.025408348457350273,1668.8392857142858
AD_0455,Retargeting Campaign,warm,Sunscreen,DermaGlow UV Shield Sunscreen,Static_Catalog,2023-12-30,12175,108,451193.0,87,12,TXN_000616,2024-01-01,519000.0,Success,0.008870636550308009,4177.712962962963
AD_0367,Awareness Campaign,cold,Serum,DermaGlow Brightening Serum,Static_Catalog,2023-12-18,13976,163,464115.0,139,23,TXN_002166,2023-12-21,112000.0,Success,0.011662850601030337,2847.3312883435583
AD_0367,Awareness Campaign,cold,Serum,DermaGlow Brightening Serum,Static_Catalog,2023-12-18,13976,163,464115.0,139,23,TXN_002169,2023-12-19,340000.0,Success,0.011662850601030337,2847.3312883435583
AD_0367,Awareness Campaign,cold,Serum,DermaGlow Brightening Serum,Static_Catalog,2023-12-18,13976,163,464115.0,139,23,TXN_002165,2023-12-18,361000.0,Success,0.011662850601030337,2847.3312883435583
AD_0367,Awareness Campaign,cold,Serum,DermaGlow Brightening Serum,Static_Catalog,2023-12-18,13976,163,464115.0,139,23,TXN_002167,2023-12-21,79000.0,Success,0.011662850601030337,2847.3312883435583
AD_0367,Awareness Campaign,cold,Serum,DermaGlow Brightening Serum,Static_Catalog,2023-12-18,13976,163,464115.0,139,23,TXN_002168,2023-12-19,360000.0,Success,0.011662850601030337,2847.3312883435583
AD_0367,Awareness Campaign,cold,Serum,DermaGlow Brightening Serum,Static_Catalog,2023-12-18,13976,163,464115.0,139,23,TXN_002171,2023-12-21,366000.0,Success,0.011662850601030337,2847.3312883435583
AD_0367,Awareness Campaign,cold,Serum,DermaGlow Brightening Serum,Static_Catalog,2023-12-18,13976,163,464115.0,139,23,TXN_002172,2023-12-19,142000.0,Success,0.011662850601030337,2847.3312883435583
AD_0367,Awareness Campaign,cold,Serum,DermaGlow Brightening Serum,Static_Catalog,2023-12-18,13976,163,464115.0,139,23,TXN_002170,2023-12-20,172000.0,Success,0.011662850601030337,2847.3312883435583
AD_0092,Retargeting Campaign,warm,Serum,DermaGlow Brightening Serum,Static_Catalog,2023-11-20,7224,98,335659.0,79,11,,,,,0.013565891472868217,3425.091836734694
AD_0340,Flash Sale Campaign,cold,Moisturizer,DermaGlow Hydrating Moisturizer,Static_Catalog,2023-02-18,10086,98,347644.0,78,7,TXN_000479,2023-02-20,262000.0,Success,0.009716438627800913,3547.387755102041
AD_0340,Flash Sale Campaign,cold,Moisturizer,DermaGlow Hydrating Moisturizer,Static_Catalog,2023-02-18,10086,98,347644.0,78,7,TXN_000477,2023-02-21,261000.0,Success,0.009716438627800913,3547.387755102041
AD_0340,Flash Sale Campaign,cold,Moisturizer,DermaGlow Hydrating Moisturizer,Static_Catalog,2023-02-18,10086,98,347644.0,78,7,TXN_000476,2023-02-18,258000.0,Success,0.009716438627800913,3547.387755102041
AD_0898,Retargeting Campaign,warm,Serum,DermaGlow Brightening Serum,Static_Catalog,2023-02-14,14842,179,148380.0,152,18,,,,,0.012060369222476755,828.9385474860335
AD_0565,Retargeting Campaign,warm,Serum,DermaGlow Brightening Serum,Video_Review,2023-05-15,16963,488,191321.0,411,23,TXN_001252,2023-05-16,201000.0,Success,0.02876849613865472,392.05122950819674
AD_0565,Retargeting Campaign,warm,Serum,DermaGlow Brightening Serum,Video_Review,2023-05-15,16963,488,191321.0,411,23,TXN_001255,2023-05-16,102000.0,Success,0.02876849613865472,392.05122950819674
AD_0565,Retargeting Campaign,warm,Serum,DermaGlow Brightening Serum,Video_Review,2023-05-15,16963,488,191321.0,411,23,TXN_001254,2023-05-15,389000.0,Success,0.02876849613865472,392.05122950819674
AD_0346,Flash Sale Campaign,cold,Cleanser,DermaGlow Gentle Cleanser,Static_Catalog,2023-02-10,8519,84,307440.0,73,3,TXN_001275,2023-02-12,325000.0,Success,0.009860312243221035,3660.0
AD_0777,Flash Sale Campaign,cold,Serum,DermaGlow Brightening Serum,Video_Review,2023-02-13,18692,515,162119.0,429,35,TXN_001676,2023-02-13,543000.0,Success,0.027551893858335116,314.79417475728155
AD_0777,Flash Sale Campaign,cold,Serum,DermaGlow Brightening Serum,Video_Review,2023-02-13,18692,515,162119.0,429,35,TXN_001678,2023-02-16,390000.0,Success,0.027551893858335116,314.79417475728155
AD_0777,Flash Sale Campaign,cold,Serum,DermaGlow Brightening Serum,Video_Review,2023-02-13,18692,515,162119.0,429,35,TXN_001677,2023-02-16,118000.0,Success,0.027551893858335116,314.79417475728155
AD_0777,Flash Sale Campaign,cold,Serum,DermaGlow Brightening Serum,Video_Review,2023-02-13,18692,515,162119.0,429,35,TXN_001680,2023-02-15,547000.0,Success,0.027551893858335116,314.79417475728155
AD_0777,Flash Sale Campaign,cold,Serum,DermaGlow Brightening Serum,Video_Review,2023-02-13,18692,515,162119.0,429,35,TXN_001679,2023-02-15,414000.0,Success,0.027551893858335116,314.79417475728155
AD_0242,Awareness Campaign,cold,Serum,DermaGlow Brightening Serum,Static_Catalog,2023-08-01,7685,65,294387.0,56,5,TXN_000108,2023-08-02,438000.0,Success,0.008458035133376708,4529.030769230769
AD_0242,Awareness Campaign,cold,Serum,DermaGlow Brightening Serum,Static_Catalog,2023-08-01,7685,65,294387.0,56,5,TXN_000107,2023-08-02,365000.0,Success,0.008458035133376708,4529.030769230769
AD_0014,Retargeting Campaign,warm,Moisturizer,DermaGlow Hydrating Moisturizer,Video_Review,2023-08-19,8242,169,424767.0,145,22,,,,,0.02050473186119874,2513.414201183432
AD_0316,Retargeting Campaign,warm,Serum,DermaGlow Brightening Serum,Video_Review,2023-08-22,9309,268,215598.0,227,15,TXN_001487,2023-08-25,454000.0,Success,0.02878934364593404,804.4701492537314
AD_0316,Retargeting Campaign,warm,Serum,DermaGlow Brightening Serum,Video_Review,2023-08-22,9309,268,215598.0,227,15,TXN_001488,2023-08-23,507000.0,Success,0.02878934364593404,804.4701492537314
AD_0601,Flash Sale Campaign,cold,Moisturizer,DermaGlow Hydrating Moisturizer,Video_Review,2023-05-24,11327,336,307440.0,279,47,TXN_000688,2023-05-26,87000.0,Success,0.029663635561048823,915.0
AD_0601,Flash Sale Campaign,cold,Moisturizer,DermaGlow Hydrating Moisturizer,Video_Review,2023-05-24,11327,336,307440.0,279,47,TXN_000689,2023-05-24,403000.0,Success,0.029663635561048823,915.0
AD_0388,Flash Sale Campaign,cold,Moisturizer,DermaGlow Hydrating Moisturizer,Video_Review,2023-07-11,14106,348,447235.0,305,48,TXN_000848,2023-07-13,213000.0,Success,0.02467035304125904,1285.1580459770114
AD_0274,Flash Sale Campaign,cold,Cleanser,DermaGlow Gentle Cleanser,Static_Catalog,2023-03-15,9555,134,438083.0,110,10,TXN_001450,2023-03-17,451000.0,Success,0.01402407116692831,3269.276119402985
AD_0274,Flash Sale Campaign,cold,Cleanser,DermaGlow Gentle Cleanser,Static_Catalog,2023-03-15,9555,134,438083.0,110,10,TXN_001451,2023-03-16,385000.0,Success,0.01402407116692831,3269.276119402985
AD_0274,Flash Sale Campaign,cold,Cleanser,DermaGlow Gentle Cleanser,Static_Catalog,2023-03-15,9555,134,438083.0,110,10,TXN_001447,2023-03-16,214000.0,Success,0.01402407116692831,3269.276119402985
AD_0274,Flash Sale Campaign,cold,Cleanser,DermaGlow Gentle Cleanser,Static_Catalog,2023-03-15,9555,134,438083.0,110,10,TXN_001445,2023-03-17,301000.0,Success,0.01402407116692831,3269.276119402985
AD_0274,Flash Sale Campaign,cold,Cleanser,DermaGlow Gentle Cleanser,Static_Catalog,2023-03-15,9555,134,438083.0,110,10,TXN_001449,2023-03-16,358000.0,Success,0.01402407116692831,3269.276119402985
AD_0274,Flash Sale Campaign,cold,Cleanser,DermaGlow Gentle Cleanser,Static_Catalog,2023-03-15,9555,134,438083.0,110,10,TXN_001446,2023-03-16,335000.0,Success,0.01402407116692831,3269.276119402985
AD_0167,Flash Sale Campaign,cold,Serum,DermaGlow Brightening Serum,Static_Catalog,2023-04-27,7583,80,307440.0,65,7,TXN_000734,2023-04-29,121000.0,Success,0.01054991428194646,3843.0
AD_0167,Flash Sale Campaign,cold,Serum,DermaGlow Brightening Serum,Static_Catalog,2023-04-27,7583,80,307440.0,65,7,TXN_000735,2023-04-27,121000.0,Success,0.01054991428194646,3843.0
AD_0167,Flash Sale Campaign,cold,Serum,DermaGlow Brightening Serum,Static_Catalog,2023-04-27,7583,80,307440.0,65,7,TXN_000736,2023-04-29,241000.0,Success,0.01054991428194646,3843.0
AD_0841,Retargeting Campaign,warm,Serum,DermaGlow Brightening Serum,Video_Review,2023-02-15,18381,491,421154.0,404,61,TXN_000612,2023-02-16,299000.0,Success,0.02671236603013982,857.7474541751527
AD_0841,Retargeting Campaign,warm,Serum,DermaGlow Brightening Serum,Video_Review,2023-02-15,18381,491,421154.0,404,61,TXN_000611,2023-02-16,447000.0,Success,0.02671236603013982,857.7474541751527
AD_0841,Retargeting Campaign,warm,Serum,DermaGlow Brightening Serum,Video_Review,2023-02-15,18381,491,421154.0,404,61,TXN_000610,2023-02-17,402000.0,Success,0.02671236603013982,857.7474541751527
AD_0841,Retargeting Campaign,warm,Serum,DermaGlow Brightening Serum,Video_Review,2023-02-15,18381,491,421154.0,404,61,TXN_000613,2023-02-17,253000.0,Success,0.02671236603013982,857.7474541751527
AD_0021,Flash Sale Campaign,cold,Cleanser,DermaGlow Gentle Cleanser,Video_Review,2023-09-12,15004,404,307440.0,344,21,,,,,0.02692615302585977,760.990099009901
AD_0647,Flash Sale Campaign,cold,Moisturizer,DermaGlow Hydrating Moisturizer,Static_Catalog,2023-05-01,12694,116,259484.0,97,13,,,,,0.009138175515991807,2236.9310344827586
AD_0819,Awareness Campaign,cold,Moisturizer,DermaGlow Hydrating Moisturizer,Static_Catalog,2023-09-21,14777,156,487158.0,130,25,TXN_001953,2023-09-22,404000.0,Success,0.010556946606212357,3122.8076923076924
AD_0819,Awareness Campaign,cold,Moisturizer,DermaGlow Hydrating Moisturizer,Static_Catalog,2023-09-21,14777,156,487158.0,130,25,TXN_001954,2023-09-23,311000.0,Success,0.010556946606212357,3122.8076923076924
AD_0819,Awareness Campaign,cold,Moisturizer,DermaGlow Hydrating Moisturizer,Static_Catalog,2023-09-21,14777,156,487158.0,130,25,TXN_001952,2023-09-24,422000.0,Success,0.010556946606212357,3122.8076923076924
AD_0485,Awareness Campaign,cold,Sunscreen,DermaGlow UV Shield Sunscreen,Static_Catalog,2023-07-27,11005,97,294387.0,79,12,,,,,0.008814175374829623,3034.917525773196
AD_0505,Retargeting Campaign,warm,Cleanser,DermaGlow Gentle Cleanser,Static_Catalog,2023-08-25,7757,82,300462.0,71,13,TXN_001071,2023-08-27,198000.0,Success,0.010571097073610931,3664.170731707317
AD_0505,Retargeting Campaign,warm,Cleanser,DermaGlow Gentle Cleanser,Static_Catalog,2023-08-25,7757,82,300462.0,71,13,TXN_001072,2023-08-26,87000.0,Success,0.010571097073610931,3664.170731707317
AD_0505,Retargeting Campaign,warm,Cleanser,DermaGlow Gentle Cleanser,Static_Catalog,2023-08-25,7757,82,300462.0,71,13,TXN_001070,2023-08-26,258000.0,Success,0.010571097073610931,3664.170731707317
AD_0832,Flash Sale Campaign,cold,Serum,DermaGlow Brightening Serum,Video_Review,2023-06-16,15789,297,492144.0,259,37,TXN_002070,2023-06-18,496000.0,Success,0.01881056431692951,1657.050505050505
AD_0832,Flash Sale Campaign,cold,Serum,DermaGlow Brightening Serum,Video_Review,2023-06-16,15789,297,492144.0,259,37,TXN_002068,2023-06-18,95000.0,Success,0.01881056431692951,1657.050505050505
AD_0832,Flash Sale Campaign,cold,Serum,DermaGlow Brightening Serum,Video_Review,2023-06-16,15789,297,492144.0,259,37,TXN_002069,2023-06-19,369000.0,Success,0.01881056431692951,1657.050505050505
AD_0244,Retargeting Campaign,warm,Sunscreen,DermaGlow UV Shield Sunscreen,Video_Review,2023-08-24,19543,501,317322.0,414,54,,,,,0.025635777516246225,633.377245508982
AD_0567,Awareness Campaign,cold,Sunscreen,DermaGlow UV Shield Sunscreen,Video_Review,2023-03-26,10982,281,294387.0,230,33,TXN_000219,2023-03-28,143000.0,Success,0.025587324713167,1047.6405693950178
AD_0567,Awareness Campaign,cold,Sunscreen,DermaGlow UV Shield Sunscreen,Video_Review,2023-03-26,10982,281,294387.0,230,33,TXN_000221,2023-03-28,349000.0,Success,0.025587324713167,1047.6405693950178
AD_0567,Awareness Campaign,cold,Sunscreen,DermaGlow UV Shield Sunscreen,Video_Review,2023-03-26,10982,281,294387.0,230,33,TXN_000222,2023-03-28,265000.0,Success,0.025587324713167,1047.6405693950178
AD_0876,Flash Sale Campaign,cold,Sunscreen,DermaGlow UV Shield Sunscreen,Static_Catalog,2023-09-29,7486,107,343876.0,85,11,TXN_002280,2023-10-02,493000.0,Success,0.014293347582153353,3213.7943925233644
AD_0876,Flash Sale Campaign,cold,Sunscreen,DermaGlow UV Shield Sunscreen,Static_Catalog,2023-09-29,7486,107,343876.0,85,11,TXN_002281,2023-09-30,348000.0,Success,0.014293347582153353,3213.7943925233644
AD_0563,Awareness Campaign,cold,Serum,DermaGlow Brightening Serum,Video_Review,2023-09-11,14928,461,499305.0,406,78,TXN_002307,2023-09-11,367000.0,Success,0.03088156484458735,1083.0911062906725
AD_0563,Awareness Campaign,cold,Serum,DermaGlow Brightening Serum,Video_Review,2023-09-11,14928,461,499305.0,406,78,TXN_002302,2023-09-11,183000.0,Success,0.03088156484458735,1083.0911062906725
AD_0563,Awareness Campaign,cold,Serum,DermaGlow Brightening Serum,Video_Review,2023-09-11,14928,461,499305.0,406,78,TXN_002303,2023-09-13,356000.0,Success,0.03088156484458735,1083.0911062906725
AD_0563,Awareness Campaign,cold,Serum,DermaGlow Brightening Serum,Video_Review,2023-09-11,14928,461,499305.0,406,78,TXN_002308,2023-09-13,338000.0,Success,0.03088156484458735,1083.0911062906725
AD_0563,Awareness Campaign,cold,Serum,DermaGlow Brightening Serum,Video_Review,2023-09-11,14928,461,499305.0,406,78,TXN_002305,2023-09-11,344000.0,Success,0.03088156484458735,1083.0911062906725
AD_0994,Retargeting Campaign,warm,Serum,DermaGlow Brightening Serum,Static_Catalog,2023-07-29,11182,140,349004.0,120,11,TXN_002185,2023-08-01,197000.0,Success,0.012520121624038634,2492.885714285714
AD_0994,Retargeting Campaign,warm,Serum,DermaGlow Brightening Serum,Static_Catalog,2023-07-29,11182,140,349004.0,120,11,TXN_002186,2023-08-01,109000.0,Success,0.012520121624038634,2492.885714285714
AD_0994,Retargeting Campaign,warm,Serum,DermaGlow Brightening Serum,Static_Catalog,2023-07-29,11182,140,349004.0,120,11,TXN_002184,2023-07-31,332000.0,Success,0.012520121624038634,2492.885714285714
AD_0994,Retargeting Campaign,warm,Serum,DermaGlow Brightening Serum,Static_Catalog,2023-07-29,11182,140,349004.0,120,11,TXN_002182,2023-07-29,224000.0,Success,0.012520121624038634,2492.885714285714
AD_0994,Retargeting Campaign,warm,Serum,DermaGlow Brightening Serum,Static_Catalog,2023-07-29,11182,140,349004.0,120,11,TXN_002183,2023-07-30,542000.0,Success,0.012520121624038634,2492.885714285714
AD_0687,Awareness Campaign,cold,Moisturizer,DermaGlow Hydrating Moisturizer,Video_Review,2023-05-25,11428,311,419532.0,254,17,TXN_002133,2023-05-25,255000.0,Success,0.027213860693034653,1348.977491961415
AD_0958,Flash Sale Campaign,cold,Moisturizer,DermaGlow Hydrating Moisturizer,Video_Review,2023-11-27,17088,457,478994.0,391,57,TXN_001115,2023-11-30,187000.0,Success,0.026743913857677902,1048.1269146608315
AD_0958,Flash Sale Campaign,cold,Moisturizer,DermaGlow Hydrating Moisturizer,Video_Review,2023-11-27,17088,457,478994.0,391,57,TXN_001114,2023-11-30,310000.0,Success,0.026743913857677902,1048.1269146608315
AD_0958,Flash Sale Campaign,cold,Moisturizer,DermaGlow Hydrating Moisturizer,Video_Review,2023-11-27,17088,457,478994.0,391,57,TXN_001113,2023-11-27,351000.0,Success,0.026743913857677902,1048.1269146608315
AD_0958,Flash Sale Campaign,cold,Moisturizer,DermaGlow Hydrating Moisturizer,Video_Review,2023-11-27,17088,457,478994.0,391,57,TXN_001116,2023-11-30,464000.0,Success,0.026743913857677902,1048.1269146608315
AD_0190,Retargeting Campaign,warm,Cleanser,DermaGlow Gentle Cleanser,Video_Review,2023-05-06,6969,143,497686.0,116,9,,,,,0.020519443248672692,3480.3216783216785
AD_0783,Flash Sale Campaign,cold,Cleanser,DermaGlow Gentle Cleanser,Static_Catalog,2023-09-18,16420,141,375381.0,124,24,,,,,0.008587088915956151,2662.276595744681
AD_0976,Retargeting Campaign,warm,Moisturizer,DermaGlow Hydrating Moisturizer,Static_Catalog,2023-03-28,17124,227,270231.0,203,28,,,,,0.013256248540060734,1190.444933920705
AD_0700,Flash Sale Campaign,cold,Cleanser,DermaGlow Gentle Cleanser,Static_Catalog,2023-09-22,7919,85,411714.0,72,7,,,,,0.01073367849475944,4843.694117647059
AD_0476,Awareness Campaign,cold,Serum,DermaGlow Brightening Serum,Video_Review,2023-01-13,8756,246,332204.0,213,35,TXN_000967,2023-01-13,414000.0,Success,0.028095020557332116,1350.4227642276423
AD_0682,Retargeting Campaign,warm,Sunscreen,DermaGlow UV Shield Sunscreen,Static_Catalog,2023-02-18,14110,161,297415.5,133,18,TXN_000637,2023-02-20,276000.0,Success,0.011410347271438696,1847.3012422360248
AD_0682,Retargeting Campaign,warm,Sunscreen,DermaGlow UV Shield Sunscreen,Static_Catalog,2023-02-18,14110,161,297415.5,133,18,TXN_000635,2023-02-20,152000.0,Success,0.011410347271438696,1847.3012422360248
AD_0682,Retargeting Campaign,warm,Sunscreen,DermaGlow UV Shield Sunscreen,Static_Catalog,2023-02-18,14110,161,297415.5,133,18,TXN_000632,2023-02-21,487000.0,Success,0.011410347271438696,1847.3012422360248
AD_0682,Retargeting Campaign,warm,Sunscreen,DermaGlow UV Shield Sunscreen,Static_Catalog,2023-02-18,14110,161,297415.5,133,18,TXN_000634,2023-02-19,279000.0,Success,0.011410347271438696,1847.3012422360248
AD_0682,Retargeting Campaign,warm,Sunscreen,DermaGlow UV Shield Sunscreen,Static_Catalog,2023-02-18,14110,161,297415.5,133,18,TXN_000636,2023-02-18,76000.0,Success,0.011410347271438696,1847.3012422360248
AD_0511,Retargeting Campaign,warm,Sunscreen,DermaGlow UV Shield Sunscreen,Static_Catalog,2023-07-12,9806,101,262793.0,81,11,TXN_000945,2023-07-13,512000.0,Success,0.01029981643891495,2601.910891089109
AD_0511,Retargeting Campaign,warm,Sunscreen,DermaGlow UV Shield Sunscreen,Static_Catalog,2023-07-12,9806,101,262793.0,81,11,TXN_000944,2023-07-15,378000.0,Success,0.01029981643891495,2601.910891089109
AD_0511,Retargeting Campaign,warm,Sunscreen,DermaGlow UV Shield Sunscreen,Static_Catalog,2023-07-12,9806,101,262793.0,81,11,TXN_000947,2023-07-13,468000.0,Success,0.01029981643891495,2601.910891089109
AD_0511,Retargeting Campaign,warm,Sunscreen,DermaGlow UV Shield Sunscreen,Static_Catalog,2023-07-12,9806,101,262793.0,81,11,TXN_000946,2023-07-14,235000.0,Success,0.01029981643891495,2601.910891089109
AD_0059,Flash Sale Campaign,cold,Moisturizer,DermaGlow Hydrating Moisturizer,Video_Review,2023-05-12,14419,270,303196.0,226,35,TXN_001400,2023-05-13,434000.0,Success,0.018725293016159234,1122.9481481481482
AD_0059,Flash Sale Campaign,cold,Moisturizer,DermaGlow Hydrating Moisturizer,Video_Review,2023-05-12,14419,270,303196.0,226,35,TXN_001401,2023-05-13,487000.0,Success,0.018725293016159234,1122.9481481481482
AD_0475,Flash Sale Campaign,cold,Sunscreen,DermaGlow UV Shield Sunscreen,Video_Review,2023-08-17,12592,353,182806.0,299,34,TXN_002112,2023-08-19,352000.0,Success,0.02803367217280813,517.8640226628895
AD_0475,Flash Sale Campaign,cold,Sunscreen,DermaGlow UV Shield Sunscreen,Video_Review,2023-08-17,12592,353,182806.0,299,34,TXN_002113,2023-08-19,91000.0,Success,0.02803367217280813,517.8640226628895
AD_0561,Retargeting Campaign,warm,Serum,DermaGlow Brightening Serum,Static_Catalog,2023-07-22,11411,163,195761.0,135,10,,,,,0.014284462360879853,1200.9877300613498
AD_0857,Awareness Campaign,cold,Moisturizer,DermaGlow Hydrating Moisturizer,Static_Catalog,2023-05-24,19919,206,134523.0,183,22,,,,,0.010341884632762689,653.0242718446602
AD_0748,Retargeting Campaign,warm,Moisturizer,DermaGlow Hydrating Moisturizer,Static_Catalog,2023-10-27,8308,72,101620.0,60,7,,,,,0.008666345690900338,1411.388888888889
AD_0253,Flash Sale Campaign,cold,Cleanser,DermaGlow Gentle Cleanser,Video_Review,2023-12-02,11643,301,307440.0,261,44,,,,,0.025852443528300267,1021.3953488372093
AD_0022,Awareness Campaign,cold,Moisturizer,DermaGlow Hydrating Moisturizer,Static_Catalog,2023-07-06,16986,214,418394.0,175,27,TXN_000775,2023-07-09,457000.0,Success,0.012598610620511009,1955.1121495327102
AD_0314,Flash Sale Campaign,cold,Moisturizer,DermaGlow Hydrating Moisturizer,Video_Review,2023-10-21,5929,178,191575.0,159,18,,,,,0.03002192612582223,1076.2640449438202
AD_0460,Flash Sale Campaign,cold,Moisturizer,DermaGlow Hydrating Moisturizer,Static_Catalog,2023-10-20,15775,182,306903.0,148,12,TXN_000136,2023-10-22,160000.0,Success,0.011537242472266245,1686.2802197802198
AD_0460,Flash Sale Campaign,cold,Moisturizer,DermaGlow Hydrating Moisturizer,Static_Catalog,2023-10-20,15775,182,306903.0,148,12,TXN_000137,2023-10-20,358000.0,Success,0.011537242472266245,1686.2802197802198
AD_0460,Flash Sale Campaign,cold,Moisturizer,DermaGlow Hydrating Moisturizer,Static_Catalog,2023-10-20,15775,182,306903.0,148,12,TXN_000141,2023-10-22,522000.0,Success,0.011537242472266245,1686.2802197802198
AD_0460,Flash Sale Campaign,cold,Moisturizer,DermaGlow Hydrating Moisturizer,Static_Catalog,2023-10-20,15775,182,306903.0,148,12,TXN_000139,2023-10-20,492000.0,Success,0.011537242472266245,1686.2802197802198
AD_0460,Flash Sale Campaign,cold,Moisturizer,DermaGlow Hydrating Moisturizer,Static_Catalog,2023-10-20,15775,182,306903.0,148,12,TXN_000140,2023-10-20,258000.0,Success,0.011537242472266245,1686.2802197802198
AD_0460,Flash Sale Campaign,cold,Moisturizer,DermaGlow Hydrating Moisturizer,Static_Catalog,2023-10-20,15775,182,306903.0,148,12,TXN_000138,2023-10-23,257000.0,Success,0.011537242472266245,1686.2802197802198
AD_0161,Awareness Campaign,cold,Sunscreen,DermaGlow UV Shield Sunscreen,Video_Review,2023-02-08,9844,274,385555.0,242,40,TXN_002231,2023-02-11,151000.0,Success,0.02783421373425437,1407.1350364963503
AD_0277,Flash Sale Campaign,cold,Moisturizer,DermaGlow Hydrating Moisturizer,Static_Catalog,2023-09-03,12183,189,131852.0,169,25,TXN_000508,2023-09-06,314000.0,Success,0.015513420339817778,697.6296296296297
AD_0277,Flash Sale Campaign,cold,Moisturizer,DermaGlow Hydrating Moisturizer,Static_Catalog,2023-09-03,12183,189,131852.0,169,25,TXN_000512,2023-09-06,292000.0,Success,0.015513420339817778,697.6296296296297
AD_0277,Flash Sale Campaign,cold,Moisturizer,DermaGlow Hydrating Moisturizer,Static_Catalog,2023-09-03,12183,189,131852.0,169,25,TXN_000507,2023-09-06,116000.0,Success,0.015513420339817778,697.6296296296297
AD_0277,Flash Sale Campaign,cold,Moisturizer,DermaGlow Hydrating Moisturizer,Static_Catalog,2023-09-03,12183,189,131852.0,169,25,TXN_000506,2023-09-03,320000.0,Success,0.015513420339817778,697.6296296296297
AD_0277,Flash Sale Campaign,cold,Moisturizer,DermaGlow Hydrating Moisturizer,Static_Catalog,2023-09-03,12183,189,131852.0,169,25,TXN_000505,2023-09-05,416000.0,Success,0.015513420339817778,697.6296296296297
AD_0277,Flash Sale Campaign,cold,Moisturizer,DermaGlow Hydrating Moisturizer,Static_Catalog,2023-09-03,12183,189,131852.0,169,25,TXN_000511,2023-09-05,84000.0,Success,0.015513420339817778,697.6296296296297
AD_0277,Flash Sale Campaign,cold,Moisturizer,DermaGlow Hydrating Moisturizer,Static_Catalog,2023-09-03,12183,189,131852.0,169,25,TXN_000503,2023-09-04,186000.0,Success,0.015513420339817778,697.6296296296297
AD_0956,Flash Sale Campaign,cold,Cleanser,DermaGlow Gentle Cleanser,Static_Catalog,2023-02-01,11332,99,185820.0,82,6,TXN_001561,2023-02-01,83000.0,Success,0.00873632192022591,1876.969696969697
AD_0956,Flash Sale Campaign,cold,Cleanser,DermaGlow Gentle Cleanser,Static_Catalog,2023-02-01,11332,99,185820.0,82,6,TXN_001560,2023-02-03,147000.0,Success,0.00873632192022591,1876.969696969697
AD_0956,Flash Sale Campaign,cold,Cleanser,DermaGlow Gentle Cleanser,Static_Catalog,2023-02-01,11332,99,185820.0,82,6,TXN_001562,2023-02-01,202000.0,Success,0.00873632192022591,1876.969696969697
AD_0956,Flash Sale Campaign,cold,Cleanser,DermaGlow Gentle Cleanser,Static_Catalog,2023-02-01,11332,99,185820.0,82,6,TXN_001563,2023-02-03,370000.0,Success,0.00873632192022591,1876.969696969697
AD_0192,Retargeting Campaign,warm,Serum,DermaGlow Brightening Serum,Static_Catalog,2023-05-25,7302,91,412282.0,81,12,,,,,0.012462339085182142,4530.571428571428
AD_0386,Flash Sale Campaign,cold,Cleanser,DermaGlow Gentle Cleanser,Video_Review,2023-07-17,7406,143,133276.0,126,11,,,,,0.019308668647042938,932.0
AD_0806,Retargeting Campaign,warm,Cleanser,DermaGlow Gentle Cleanser,Static_Catalog,2023-11-22,18525,189,288644.0,153,12,TXN_001615,2023-11-22,506000.0,Success,0.010202429149797571,1527.2169312169312
AD_0806,Retargeting Campaign,warm,Cleanser,DermaGlow Gentle Cleanser,Static_Catalog,2023-11-22,18525,189,288644.0,153,12,TXN_001613,2023-11-22,389000.0,Success,0.010202429149797571,1527.2169312169312
AD_0806,Retargeting Campaign,warm,Cleanser,DermaGlow Gentle Cleanser,Static_Catalog,2023-11-22,18525,189,288644.0,153,12,TXN_001614,2023-11-24,377000.0,Success,0.010202429149797571,1527.2169312169312
AD_0806,Retargeting Campaign,warm,Cleanser,DermaGlow Gentle Cleanser,Static_Catalog,2023-11-22,18525,189,288644.0,153,12,TXN_001611,2023-11-23,206000.0,Success,0.010202429149797571,1527.2169312169312
AD_0414,Retargeting Campaign,warm,Serum,DermaGlow Brightening Serum,Static_Catalog,2023-05-01,12103,146,200336.0,119,17,,,,,0.012063124845079732,1372.164383561644
AD_0492,Flash Sale Campaign,cold,Serum,DermaGlow Brightening Serum,Static_Catalog,2023-05-31,18815,212,153592.0,189,11,TXN_000408,2023-05-31,131000.0,Success,0.011267605633802818,724.4905660377359
AD_0492,Flash Sale Campaign,cold,Serum,DermaGlow Brightening Serum,Static_Catalog,2023-05-31,18815,212,153592.0,189,11,TXN_000409,2023-06-02,193000.0,Success,0.011267605633802818,724.4905660377359
AD_0492,Flash Sale Campaign,cold,Serum,DermaGlow Brightening Serum,Static_Catalog,2023-05-31,18815,212,153592.0,189,11,TXN_000414,2023-05-31,202000.0,Success,0.011267605633802818,724.4905660377359
AD_0492,Flash Sale Campaign,cold,Serum,DermaGlow Brightening Serum,Static_Catalog,2023-05-31,18815,212,153592.0,189,11,TXN_000413,2023-06-02,144000.0,Success,0.011267605633802818,724.4905660377359
AD_0344,Flash Sale Campaign,cold,Serum,DermaGlow Brightening Serum,Video_Review,2023-01-23,7234,198,321035.0,160,24,,,,,0.02737074923970141,1621.388888888889
AD_0770,Awareness Campaign,cold,Moisturizer,DermaGlow Hydrating Moisturizer,Static_Catalog,2023-07-02,5078,59,407980.0,52,9,TXN_001178,2023-07-02,239000.0,Success,0.011618747538400946,6914.9152542372885
AD_0309,Retargeting Campaign,warm,Moisturizer,DermaGlow Hydrating Moisturizer,Video_Review,2023-03-03,11318,277,412727.0,239,42,,,,,0.024474288743594273,1489.9891696750904
AD_0662,Awareness Campaign,cold,Sunscreen,DermaGlow UV Shield Sunscreen,Static_Catalog,2023-08-08,13495,195,294387.0,160,27,,,,,0.014449796220822526,1509.676923076923
AD_0664,Flash Sale Campaign,cold,Cleanser,DermaGlow Gentle Cleanser,Video_Review,2023-08-20,11401,244,451136.0,204,29,,,,,0.021401631435838963,1848.9180327868853
AD_0872,Awareness Campaign,cold,Sunscreen,DermaGlow UV Shield Sunscreen,Video_Review,2023-05-18,11811,326,377919.0,279,44,TXN_000915,2023-05-18,204000.0,Success,0.027601388536110407,1159.260736196319
AD_0088,Flash Sale Campaign,cold,Moisturizer,DermaGlow Hydrating Moisturizer,Static_Catalog,2023-08-17,8460,77,216421.0,64,7,,,,,0.009101654846335697,2810.6623376623374
AD_0331,Awareness Campaign,cold,Cleanser,DermaGlow Gentle Cleanser,Video_Review,2023-02-06,12668,222,440615.0,194,28,TXN_000866,2023-02-09,145000.0,Success,0.01752447110830439,1984.7522522522522
AD_0331,Awareness Campaign,cold,Cleanser,DermaGlow Gentle Cleanser,Video_Review,2023-02-06,12668,222,440615.0,194,28,TXN_000865,2023-02-06,483000.0,Success,0.01752447110830439,1984.7522522522522
AD_0467,Retargeting Campaign,warm,Sunscreen,DermaGlow UV Shield Sunscreen,Static_Catalog,2023-11-23,11143,126,290246.0,106,17,TXN_001813,2023-11-23,249000.0,Success,0.011307547339136678,2303.5396825396824
AD_0122,Awareness Campaign,cold,Moisturizer,DermaGlow Hydrating Moisturizer,Static_Catalog,2023-09-13,14083,140,357529.0,122,8,TXN_000264,2023-09-15,309000.0,Success,0.009941063693815238,2553.7785714285715
AD_0122,Awareness Campaign,cold,Moisturizer,DermaGlow Hydrating Moisturizer,Static_Catalog,2023-09-13,14083,140,357529.0,122,8,TXN_000262,2023-09-15,458000.0,Success,0.009941063693815238,2553.7785714285715
AD_0861,Flash Sale Campaign,cold,Moisturizer,DermaGlow Hydrating Moisturizer,Video_Review,2023-08-14,17602,524,376835.0,468,45,TXN_000519,2023-08-15,353000.0,Success,0.02976934439268265,719.1507633587786
AD_0861,Flash Sale Campaign,cold,Moisturizer,DermaGlow Hydrating Moisturizer,Video_Review,2023-08-14,17602,524,376835.0,468,45,TXN_000520,2023-08-16,82000.0,Success,0.02976934439268265,719.1507633587786
AD_0861,Flash Sale Campaign,cold,Moisturizer,DermaGlow Hydrating Moisturizer,Video_Review,2023-08-14,17602,524,376835.0,468,45,TXN_000521,2023-08-14,136000.0,Success,0.02976934439268265,719.1507633587786
AD_0861,Flash Sale Campaign,cold,Moisturizer,DermaGlow Hydrating Moisturizer,Video_Review,2023-08-14,17602,524,376835.0,468,45,TXN_000518,2023-08-14,216000.0,Success,0.02976934439268265,719.1507633587786
